-- phpMyAdmin SQL Dump
-- version 3.5.8.1
-- http://www.phpmyadmin.net
--
-- 主机: localhost
-- 生成日期: 2014 年 10 月 10 日 02:27
-- 服务器版本: 5.0.45-community-nt
-- PHP 版本: 5.2.5

SET SQL_MODE="NO_AUTO_VALUE_ON_ZERO";
SET time_zone = "+00:00";


/*!40101 SET @OLD_CHARACTER_SET_CLIENT=@@CHARACTER_SET_CLIENT */;
/*!40101 SET @OLD_CHARACTER_SET_RESULTS=@@CHARACTER_SET_RESULTS */;
/*!40101 SET @OLD_COLLATION_CONNECTION=@@COLLATION_CONNECTION */;
/*!40101 SET NAMES utf8 */;

--
-- 数据库: `esoujcw_com`
--

-- --------------------------------------------------------

--
-- 表的结构 `ecm_acategory`
--

DROP TABLE IF EXISTS `ecm_acategory`;
CREATE TABLE IF NOT EXISTS `ecm_acategory` (
  `cate_id` int(10) unsigned NOT NULL auto_increment,
  `cate_name` varchar(100) NOT NULL default '',
  `parent_id` int(10) unsigned NOT NULL default '0',
  `sort_order` tinyint(3) unsigned NOT NULL default '255',
  `code` varchar(10) default NULL,
  PRIMARY KEY  (`cate_id`)
) ENGINE=MyISAM  DEFAULT CHARSET=utf8 AUTO_INCREMENT=42 ;

--
-- 转存表中的数据 `ecm_acategory`
--

INSERT INTO `ecm_acategory` (`cate_id`, `cate_name`, `parent_id`, `sort_order`, `code`) VALUES
(1, '商城帮助', 0, 0, 'help'),
(2, '商城公告', 0, 0, 'notice'),
(3, '内置文章', 0, 0, 'system'),
(4, '新手上路', 1, 1, NULL),
(5, '购物指南', 1, 2, NULL),
(6, '关于我们', 35, 255, NULL),
(13, '新手入门', 35, 255, NULL),
(20, '购物指南', 35, 255, NULL),
(25, '广告服务', 35, 255, NULL),
(37, '配送方式', 35, 255, NULL),
(36, '快讯', 0, 255, NULL),
(35, '底部帮助', 0, 255, NULL),
(38, '其他', 0, 255, NULL),
(39, 'e家商讯', 36, 1, NULL),
(40, '商家活动', 36, 2, NULL),
(41, '新乡新闻', 36, 3, NULL);

-- --------------------------------------------------------

--
-- 表的结构 `ecm_address`
--

DROP TABLE IF EXISTS `ecm_address`;
CREATE TABLE IF NOT EXISTS `ecm_address` (
  `addr_id` int(10) unsigned NOT NULL auto_increment,
  `user_id` int(10) unsigned NOT NULL default '0',
  `consignee` varchar(60) NOT NULL default '',
  `region_id` int(10) unsigned default NULL,
  `region_name` varchar(255) default NULL,
  `address` varchar(255) default NULL,
  `zipcode` varchar(20) default NULL,
  `phone_tel` varchar(60) default NULL,
  `phone_mob` varchar(60) default NULL,
  PRIMARY KEY  (`addr_id`),
  KEY `user_id` (`user_id`)
) ENGINE=MyISAM  DEFAULT CHARSET=utf8 AUTO_INCREMENT=4 ;

--
-- 转存表中的数据 `ecm_address`
--

INSERT INTO `ecm_address` (`addr_id`, `user_id`, `consignee`, `region_id`, `region_name`, `address`, `zipcode`, `phone_tel`, `phone_mob`) VALUES
(1, 3, '超级卖家', 43, '中国	上海市	徐汇区', '长江路15号', '200088', '021-88886666', '13366669999'),
(2, 2, '王丽丽', 276, '中国	河南省	新乡市', '劳动南路', '453000', '15837358307', '15837358307'),
(3, 40, '王某某', 276, '中国	河南省	新乡市', '新乡市金穗大道与新飞大道东北角好易家建材商城D02铺', '453000', '13462388108', '');

-- --------------------------------------------------------

--
-- 表的结构 `ecm_aradps`
--

DROP TABLE IF EXISTS `ecm_aradps`;
CREATE TABLE IF NOT EXISTS `ecm_aradps` (
  `aradps_id` int(10) unsigned NOT NULL auto_increment,
  `title` varchar(240) NOT NULL,
  `identify` varchar(240) NOT NULL,
  `time` timestamp NOT NULL default CURRENT_TIMESTAMP on update CURRENT_TIMESTAMP,
  `if_show` tinyint(1) NOT NULL,
  PRIMARY KEY  (`aradps_id`)
) ENGINE=MyISAM  DEFAULT CHARSET=utf8 AUTO_INCREMENT=44 ;

--
-- 转存表中的数据 `ecm_aradps`
--

INSERT INTO `ecm_aradps` (`aradps_id`, `title`, `identify`, `time`, `if_show`) VALUES
(23, '新品首发轮播图', 'newgoodsbanner', '2014-06-30 06:21:49', 1),
(20, '首页左边上部', 'indexleft', '2014-06-24 21:44:01', 1),
(19, '顶部logo后广告', 'topad', '2014-06-24 00:05:48', 1),
(18, '首页banner幻灯', 'indexbannerfocus', '2014-06-24 00:00:12', 1),
(21, '搜索页顶部广告', 'searchtopad', '2014-06-26 20:16:45', 1),
(22, '商品页左边广告', 'goodsleft', '2014-06-28 20:19:46', 1),
(24, '品牌页头部广告', 'brandtopad', '2014-06-29 20:56:17', 1),
(25, '新品首发左边广告', 'newgoodsadleft', '2014-06-30 00:22:44', 1),
(26, '顶级分类1促销', 'cate1ads', '2014-07-03 23:47:08', 1),
(27, '顶级分类2促销', 'cate2ads', '2014-07-03 23:47:29', 1),
(28, '顶级分类3促销', 'cate3ads', '2014-07-03 23:47:45', 1),
(29, '顶级分类1轮播', 'cate1banner', '2014-07-05 08:15:27', 1),
(30, '顶级分类2轮播', 'cate2banner', '2014-07-05 08:15:27', 1),
(31, '顶级分类3轮播', 'cate3banner', '2014-07-05 08:15:27', 1),
(32, '促销页轮播图', 'discountgoodsbanner', '2014-07-09 05:50:39', 1),
(33, '促销页顶部广告', 'discountgoodstopad', '2014-07-09 05:51:25', 1),
(34, '秒杀页顶部广告图', 'seckillgoodsbanner', '2014-07-09 06:56:53', 1),
(35, '秒杀页右边广告图', 'seckillgoodsrightad', '2014-07-09 06:57:24', 1),
(36, '全站头部小广告', 'sitetpads', '2014-07-10 06:40:56', 1),
(37, '顶级分类4促销', 'cate4ads', '2014-07-11 01:40:49', 1),
(38, '顶级分类4轮播', 'cate4banner', '2014-07-14 03:26:21', 1),
(39, '顶级分类5轮播', 'cate5banner', '2014-07-14 03:26:46', 1),
(40, '顶级分类6轮播', 'cate6banner', '2014-07-14 03:27:07', 1),
(41, '顶级分类5促销', 'cate5ads', '2014-07-14 03:29:42', 1),
(42, '顶级分类6促销', 'cate6ads', '2014-07-14 03:30:36', 1),
(43, '登陆页面广告', 'loginpagead', '2014-08-08 01:00:34', 1);

-- --------------------------------------------------------

--
-- 表的结构 `ecm_arads`
--

DROP TABLE IF EXISTS `ecm_arads`;
CREATE TABLE IF NOT EXISTS `ecm_arads` (
  `arads_id` int(10) unsigned NOT NULL auto_increment,
  `aradps_id` int(10) unsigned NOT NULL,
  `title` varchar(240) NOT NULL,
  `pic` varchar(240) NOT NULL,
  `link` varchar(240) NOT NULL,
  `sort_order` int(11) NOT NULL,
  `time` timestamp NOT NULL default CURRENT_TIMESTAMP on update CURRENT_TIMESTAMP,
  `if_show` tinyint(1) NOT NULL,
  PRIMARY KEY  (`arads_id`)
) ENGINE=MyISAM  DEFAULT CHARSET=utf8 AUTO_INCREMENT=77 ;

--
-- 转存表中的数据 `ecm_arads`
--

INSERT INTO `ecm_arads` (`arads_id`, `aradps_id`, `title`, `pic`, `link`, `sort_order`, `time`, `if_show`) VALUES
(12, 19, '头部广告', 'data/files/mall/arads/53ba252c379bc.jpg', 'http://www.ebay.com', 1, '2014-07-07 04:42:20', 0),
(11, 18, '测试标题3', 'data/files/mall/arads/53a9a14553244.jpg', 'http://www.sohu.com', 3, '2014-06-24 08:03:17', 0),
(10, 18, '诺贝尔瓷砖', 'data/files/mall/arads/542b5e8cc1424.jpg', 'http://rmall.net/index.php?app=store&id=54', 2, '2014-10-08 08:52:13', 0),
(9, 18, '罗马诺尔', 'data/files/mall/arads/542a713e75099.jpg', 'http://rmall.net/index.php?app=store&id=18', 1, '2014-10-08 08:52:01', 0),
(13, 18, 'vdxbgfbgf111111111111', 'data/files/mall/arads/5428daab04072.jpg', 'http://dsvfdvfg.cn', 255, '2014-09-29 04:06:03', 0),
(14, 18, '物联智能家居', 'data/files/mall/arads/5435e0c867202.jpg', 'http://rmall.net/index.php?app=store&id=33', 255, '2014-10-09 01:11:36', 0),
(15, 20, '大为few', 'data/files/mall/arads/53aad24caa9a6.jpg', 'http://dsvfdvfg.cn', 255, '2014-06-25 05:44:44', 0),
(16, 21, 'dsdddsads', 'data/files/mall/arads/53ad60dc22dcb.jpg', 'http://vsvfdbgf.com', 255, '2014-06-27 04:17:32', 0),
(17, 22, '商品页左边广告1', 'data/files/mall/arads/53af941272e8d.jpg', 'http://dsvfdvfg.cn', 255, '2014-06-28 20:20:34', 0),
(18, 22, '商品页左边广告2', 'data/files/mall/arads/53af942410e62.jpg', 'http://vsvfdbgf.com', 255, '2014-06-28 20:20:52', 0),
(19, 24, 'zcsa', 'data/files/mall/arads/53b15e83f36c4.jpg', 'http://dsvfdsvfd.com', 255, '2014-06-30 04:56:35', 0),
(20, 23, '新品首发轮播图1', 'data/files/mall/arads/53b172543a581.jpg', 'http://dsvfdsvfd.com', 255, '2014-06-30 06:21:08', 0),
(21, 23, '新品首发轮播图2', 'data/files/mall/arads/53b172631b105.jpg', 'http://vsvfdbgf.com', 255, '2014-06-30 06:21:23', 0),
(22, 23, '新品首发轮播图3', 'data/files/mall/arads/53b17270f1fde.jpg', 'http://dsvfdsvfd.com', 255, '2014-06-30 06:21:36', 0),
(23, 23, '新品首发轮播图4', 'data/files/mall/arads/53b1729a39600.jpg', 'http://dsvfdsvfd.com', 255, '2014-06-30 06:22:18', 0),
(24, 25, 'szcdsvfddsf', 'data/files/mall/arads/53b18eeb8d6ee.jpg', 'http://dsvfdsvfd.com', 255, '2014-06-30 08:23:07', 0),
(25, 26, '我的建材E家', 'data/files/mall/arads/53b6cd0be34f6.jpg', 'http://dsvfdsvfd.com', 255, '2014-07-16 02:21:31', 0),
(26, 26, 'ewfsdcds', 'data/files/mall/arads/53b6cd19f34b9.jpg', 'http://vsvfdbgf.com', 255, '2014-07-04 07:49:46', 0),
(27, 26, 'fewfewfew', 'data/files/mall/arads/53b6cd2497dc1.jpg', 'http://vsvfdbgf.com', 255, '2014-07-04 07:49:56', 0),
(28, 26, 'ewfgds', 'data/files/mall/arads/53b6cd335cf93.jpg', 'http://dsvfdsvfd.com', 255, '2014-07-04 07:50:11', 0),
(29, 27, 'fewgfxdcfsdre', 'data/files/mall/arads/53b6cd6bd865c.jpg', 'http://dsvfdsvfd.com', 255, '2014-07-04 07:51:07', 0),
(30, 27, 'sddssffgrgegtr', 'data/files/mall/arads/53b6cd764f9f0.jpg', 'http://vsvfdbgf.com', 255, '2014-07-04 07:51:18', 0),
(31, 27, 'rgtrhytesfrre', 'data/files/mall/arads/53b6cd8894a29.jpg', 'http://vsvfdbgf.com', 255, '2014-07-04 07:51:36', 0),
(32, 27, 'gregthytjuy', 'data/files/mall/arads/53b6cd934f1ad.jpg', 'http://vsvfdbgf.com', 255, '2014-07-04 07:51:47', 0),
(33, 28, 'rgthhytujuykiulio', 'data/files/mall/arads/53b6cd9e76145.jpg', 'http://dsvfdsvfd.com', 255, '2014-07-04 07:51:58', 0),
(34, 28, 'rthhyjyujkuiki', 'data/files/mall/arads/53b6cdaa86c73.jpg', 'http://dsvfdsvfd.com', 255, '2014-07-04 07:52:10', 0),
(35, 28, 'szcdsvfddsfregrthyt', 'data/files/mall/arads/53b6cdb8a374a.jpg', 'http://vsvfdbgf.com', 255, '2014-07-04 07:52:24', 0),
(36, 29, '顶级分类1轮播1', 'data/files/mall/arads/53ba270f661c1.png', 'http://dsvfdsvfd.com', 255, '2014-07-07 04:50:23', 0),
(37, 29, '顶级分类1轮播2', 'data/files/mall/arads/53ba28b65ad50.jpg', 'http://dsvfdvfg.cn', 255, '2014-07-07 04:57:26', 0),
(38, 29, '顶级分类1轮播3', 'data/files/mall/arads/53ba28c687c79.jpg', 'http://vsvfdbgf.com', 255, '2014-07-07 04:57:42', 0),
(39, 29, '顶级分类1轮播4', 'data/files/mall/arads/53ba2898bd38f.jpg', 'http://vsvfdbgf.com', 255, '2014-07-07 04:56:56', 0),
(40, 29, '顶级分类1轮播5', 'data/files/mall/arads/53ba274343767.png', 'http://dsvfdvfg.cn', 255, '2014-07-07 04:51:15', 0),
(41, 30, '顶级分类2轮播1', 'data/files/mall/arads/53bb3f5b4aa17.png', 'http://dsvfdsvfd.com', 255, '2014-07-08 00:46:19', 0),
(42, 30, '顶级分类2轮播2', 'data/files/mall/arads/53bb3fc215629.png', 'http://dsvfdvfg.cn', 255, '2014-07-08 00:48:02', 0),
(43, 30, '顶级分类2轮播3', 'data/files/mall/arads/63b82049aafab.jpg', 'http://vsvfdbgf.com', 255, '2014-07-04 23:56:57', 0),
(44, 30, '顶级分类2轮播4', 'data/files/mall/arads/63b820562a878.jpg', 'http://vsvfdbgf.com', 255, '2014-07-04 23:57:10', 0),
(45, 30, '顶级分类2轮播5', 'data/files/mall/arads/63b82065046d2.jpg', 'http://dsvfdvfg.cn', 255, '2014-07-04 23:57:25', 0),
(46, 31, '顶级分类3轮播1', 'data/files/mall/arads/73b8202f1546a.jpg', 'http://dsvfdsvfd.com', 255, '2014-07-04 23:56:31', 0),
(47, 31, '顶级分类3轮播2', 'data/files/mall/arads/73b8203c69567.jpg', 'http://dsvfdvfg.cn', 255, '2014-07-04 23:56:44', 0),
(48, 31, '顶级分类3轮播3', 'data/files/mall/arads/73b82049aafab.jpg', 'http://vsvfdbgf.com', 255, '2014-07-04 23:56:57', 0),
(49, 31, '顶级分类3轮播4', 'data/files/mall/arads/73b820562a878.jpg', 'http://vsvfdbgf.com', 255, '2014-07-04 23:57:10', 0),
(50, 31, '顶级分类3轮播5', 'data/files/mall/arads/73b82065046d2.jpg', 'http://dsvfdvfg.cn', 255, '2014-07-04 23:57:25', 0),
(51, 33, '促销页顶部广告', 'data/files/mall/arads/53be1c0dd256a.jpg', 'http://dvsvds.vi', 255, '2014-07-09 20:52:29', 0),
(52, 32, '促销页轮播图1', 'data/files/mall/arads/53be1c3c4dee3.jpg', 'http://dvsvds.vi', 255, '2014-07-09 20:53:16', 0),
(53, 32, '促销页轮播图2', 'data/files/mall/arads/53be1c51da9cd.jpg', 'http://dvsvds.vi', 255, '2014-07-09 20:53:37', 0),
(54, 32, '促销页轮播图3', 'data/files/mall/arads/53be1c6441cb0.jpg', 'http://dvsvds.vi', 255, '2014-07-09 20:53:56', 0),
(55, 32, '促销页轮播图3', 'data/files/mall/arads/53be1c6462440.jpg', 'http://dvsvds.vi', 255, '2014-07-09 20:53:56', 0),
(56, 32, '促销页轮播图4', 'data/files/mall/arads/53be1c76c2784.jpg', 'http://dvsvds.vi', 255, '2014-07-09 20:54:14', 0),
(57, 34, '秒杀页顶部广告图', 'data/files/mall/arads/53be2d8836cd1.jpg', 'http://dvsvds.vi', 255, '2014-07-09 22:07:04', 0),
(58, 35, '秒杀页右边广告图', 'data/files/mall/arads/53be2d9ce8562.jpg', 'http://dvsvds.vi', 255, '2014-07-09 22:07:24', 0),
(59, 36, '灯具大世界', 'data/files/mall/arads/53d5bb325aa58.jpg', 'http://rmall.net/index.php?app=store&id=2', 255, '2014-07-28 02:53:38', 0),
(60, 36, '全站头部小广告2', 'data/files/mall/arads/5428cb18201ab.jpg', 'http://rmall.net/index.php?app=store&id=46', 255, '2014-09-29 03:14:17', 0),
(61, 36, '全站头部小广告3', 'data/files/mall/arads/5428ca6b9ea9e.jpg', 'http://rmall.net/index.php?app=store&id=38', 255, '2014-09-29 03:14:41', 0),
(62, 36, '意大利罗玛诺尔地砖', 'data/files/mall/arads/53df2f685e38e.jpg', 'http://rmall.net/index.php?app=store&id=18', 255, '2014-08-04 07:01:32', 0),
(63, 36, '全站头部小广告5', 'data/files/mall/arads/5428ca1b7df95.jpg', 'http://rmall.net/index.php?app=store&id=48', 255, '2014-09-29 03:15:16', 0),
(64, 36, '全站头部小广告6', 'data/files/mall/arads/5428c8ec26221.jpg', 'http://rmall.net/index.php?app=store&id=53', 255, '2014-09-29 03:15:34', 0),
(65, 36, '全站头部小广告7', 'data/files/mall/arads/541d3ce9e34b3.jpg', 'http://rmall.net/index.php?app=store&id=33', 255, '2014-09-29 03:16:02', 0),
(66, 36, '全站头部小广告8', 'data/files/mall/arads/5428c9b648b22.jpg', 'http://dvsvds.vi', 255, '2014-09-29 02:53:42', 0),
(67, 36, '全站头部小广告9', 'data/files/mall/arads/5428c92d8ef51.jpg', 'http://rmall.net/index.php?app=store&id=36', 255, '2014-09-29 03:16:42', 0),
(69, 36, '全站头部小广告10', 'data/files/mall/arads/5428c9750d025.jpg', 'http://rmall.net/index.php?app=store&id=34', 255, '2014-09-29 03:16:59', 0),
(70, 36, '全站头部小广告11', 'data/files/mall/arads/5428c858b9367.jpg', 'http://rmall.net/index.php?app=store&id=42', 255, '2014-09-29 03:17:26', 0),
(71, 36, '灯具大世界', 'data/files/mall/arads/542263b1e01ea.jpg', 'http://rmall.net/index.php?app=store&id=23', 255, '2014-09-29 03:17:58', 0),
(74, 18, 'dewff', 'data/files/mall/arads/5435ddcc24e5a.jpg', 'http://dvsvds.vi', 255, '2014-10-09 00:58:52', 0),
(75, 43, 'fewfrefewq', 'data/files/mall/arads/53e4215989c00.jpg', 'http://dvsvds.vi', 255, '2014-08-08 01:01:13', 0),
(76, 36, 'e家', 'data/files/mall/arads/53f7ebf6b5815.jpg', 'http://rmall.net/index.php?app=store&id=27', 255, '2014-09-29 03:22:37', 0);

-- --------------------------------------------------------

--
-- 表的结构 `ecm_arflinks`
--

DROP TABLE IF EXISTS `ecm_arflinks`;
CREATE TABLE IF NOT EXISTS `ecm_arflinks` (
  `arflinks_id` int(10) unsigned NOT NULL auto_increment,
  `title` varchar(240) NOT NULL,
  `link` varchar(240) NOT NULL,
  `sort` int(11) NOT NULL,
  `time` timestamp NOT NULL default CURRENT_TIMESTAMP on update CURRENT_TIMESTAMP,
  `if_show` tinyint(1) NOT NULL,
  PRIMARY KEY  (`arflinks_id`)
) ENGINE=MyISAM  DEFAULT CHARSET=utf8 AUTO_INCREMENT=20 ;

--
-- 转存表中的数据 `ecm_arflinks`
--

INSERT INTO `ecm_arflinks` (`arflinks_id`, `title`, `link`, `sort`, `time`, `if_show`) VALUES
(6, 'dwqdewferw', 'fewdew', 0, '2014-06-23 22:16:45', 0),
(5, 'we', 'frw', 0, '2014-06-23 22:16:41', 0),
(4, 'efwfe', 'rfef', 0, '2014-06-23 22:16:37', 0),
(7, 'wedwefre', 'fewfre', 0, '2014-06-23 22:16:48', 0),
(8, 'dwqfrefre', 'freedwdwe', 0, '2014-06-23 22:16:51', 0),
(9, 'dwqdfrewfre', 'wefrefre', 0, '2014-06-23 22:16:55', 0),
(10, 'qwdfregerfwe', 'ewdeq', 0, '2014-06-23 22:16:58', 0),
(11, '诺贝尔瓷砖', 'http://rmall.net/index.php?app=store&id=27', 0, '2014-09-30 03:30:03', 1),
(12, '云歌家居', 'http://rmall.net/index.php?app=store&id=39', 0, '2014-09-30 03:29:35', 1),
(13, '兰氏门窗', 'http://rmall.net/index.php?app=store&id=53', 0, '2014-09-30 03:28:59', 1),
(14, '海尔电器', 'http://rmall.net/index.php?app=store&id=42', 0, '2014-09-30 03:28:36', 1),
(15, '卡多利亚锁具', 'http://rmall.net/index.php?app=store&id=45', 0, '2014-09-30 03:28:15', 1),
(16, '雷士照明', 'http://rmall.net/index.php?app=store&id=46', 0, '2014-09-30 03:27:52', 1),
(17, '森顿家居', 'http://rmall.net/index.php?app=store&id=23', 0, '2014-09-29 03:06:53', 1),
(18, '意大利罗马诺尔陶瓷', 'http://rmall.net/index.php?app=store&id=18', 0, '2014-09-29 03:04:41', 0),
(19, 'e家建材商城', 'http://www.ehome.com', 0, '2014-09-29 03:06:05', 1);

-- --------------------------------------------------------

--
-- 表的结构 `ecm_article`
--

DROP TABLE IF EXISTS `ecm_article`;
CREATE TABLE IF NOT EXISTS `ecm_article` (
  `article_id` int(10) unsigned NOT NULL auto_increment,
  `code` varchar(20) NOT NULL default '',
  `title` varchar(100) NOT NULL default '',
  `cate_id` int(10) NOT NULL default '0',
  `store_id` int(10) unsigned NOT NULL default '0',
  `link` varchar(255) default NULL,
  `content` text,
  `sort_order` tinyint(3) unsigned NOT NULL default '255',
  `if_show` tinyint(3) unsigned NOT NULL default '1',
  `add_time` int(10) unsigned default NULL,
  `gcate_id_1` int(10) unsigned NOT NULL default '0',
  `gcate_id_2` int(10) unsigned NOT NULL,
  `gcate_id_3` int(10) unsigned NOT NULL,
  PRIMARY KEY  (`article_id`),
  KEY `code` (`code`),
  KEY `cate_id` (`cate_id`),
  KEY `store_id` (`store_id`)
) ENGINE=MyISAM  DEFAULT CHARSET=utf8 AUTO_INCREMENT=60 ;

--
-- 转存表中的数据 `ecm_article`
--

INSERT INTO `ecm_article` (`article_id`, `code`, `title`, `cate_id`, `store_id`, `link`, `content`, `sort_order`, `if_show`, `add_time`, `gcate_id_1`, `gcate_id_2`, `gcate_id_3`) VALUES
(1, 'eula', '用户服务协议', 3, 0, '', '<p>特别提醒用户认真阅读本《用户服务协议》(下称《协议》) 中各条款。除非您接受本《协议》条款，否则您无权使用本网站提供的相关服务。您的使用行为将视为对本《协议》的接受，并同意接受本《协议》各项条款的约束。 <br /> <br /> <strong>一、定义</strong><br /></p>\r\n<ol>\r\n<li>"用户"指符合本协议所规定的条件，同意遵守本网站各种规则、条款（包括但不限于本协议），并使用本网站的个人或机构。</li>\r\n<li>"卖家"是指在本网站上出售物品的用户。"买家"是指在本网站购买物品的用户。</li>\r\n<li>"成交"指买家根据卖家所刊登的交易要求，在特定时间内提出最优的交易条件，因而取得依其提出的条件购买该交易物品的权利。</li>\r\n</ol>\r\n<p><br /> <br /> <strong>二、用户资格</strong><br /> <br /> 只有符合下列条件之一的人员或实体才能申请成为本网站用户，可以使用本网站的服务。</p>\r\n<ol>\r\n<li>年满十八岁，并具有民事权利能力和民事行为能力的自然人；</li>\r\n<li>未满十八岁，但监护人（包括但不仅限于父母）予以书面同意的自然人；</li>\r\n<li>根据中国法律或设立地法律、法规和/或规章成立并合法存在的公司、企事业单位、社团组织和其他组织。</li>\r\n</ol>\r\n<p><br /> 无民事行为能力人、限制民事行为能力人以及无经营或特定经营资格的组织不当注册为本网站用户或超过其民事权利或行为能力范围从事交易的，其与本网站之间的协议自始无效，本网站一经发现，有权立即注销该用户，并追究其使用本网站"服务"的一切法律责任。<br /> <br /> <strong>三.用户的权利和义务</strong><br /></p>\r\n<ol>\r\n<li>用户有权根据本协议的规定及本网站发布的相关规则，利用本网站网上交易平台登录物品、发布交易信息、查询物品信息、购买物品、与其他用户订立物品买卖合同、在本网站社区发帖、参加本网站的有关活动及有权享受本网站提供的其他的有关资讯及信息服务。</li>\r\n<li>用户有权根据需要更改密码和交易密码。用户应对以该用户名进行的所有活动和事件负全部责任。</li>\r\n<li>用户有义务确保向本网站提供的任何资料、注册信息真实准确，包括但不限于真实姓名、身份证号、联系电话、地址、邮政编码等。保证本网站及其他用户可以通过上述联系方式与自己进行联系。同时，用户也有义务在相关资料实际变更时及时更新有关注册资料。</li>\r\n<li>用户不得以任何形式擅自转让或授权他人使用自己在本网站的用户帐号。</li>\r\n<li>用户有义务确保在本网站网上交易平台上登录物品、发布的交易信息真实、准确，无误导性。</li>\r\n<li>用户不得在本网站网上交易平台买卖国家禁止销售的或限制销售的物品、不得买卖侵犯他人知识产权或其他合法权益的物品，也不得买卖违背社会公共利益或公共道德的物品。</li>\r\n<li>用户不得在本网站发布各类违法或违规信息。包括但不限于物品信息、交易信息、社区帖子、物品留言，店铺留言，评价内容等。</li>\r\n<li>用户在本网站交易中应当遵守诚实信用原则，不得以干预或操纵物品价格等不正当竞争方式扰乱网上交易秩序，不得从事与网上交易无关的不当行为，不得在交易平台上发布任何违法信息。</li>\r\n<li>用户不应采取不正当手段（包括但不限于虚假交易、互换好评等方式）提高自身或他人信用度，或采用不正当手段恶意评价其他用户，降低其他用户信用度。</li>\r\n<li>用户承诺自己在使用本网站网上交易平台实施的所有行为遵守国家法律、法规和本网站的相关规定以及各种社会公共利益或公共道德。对于任何法律后果的发生，用户将以自己的名义独立承担所有相应的法律责任。</li>\r\n<li>用户在本网站网上交易过程中如与其他用户因交易产生纠纷，可以请求本网站从中予以协调。用户如发现其他用户有违法或违反本协议的行为，可以向本网站举报。如用户因网上交易与其他用户产生诉讼的，用户有权通过司法部门要求本网站提供相关资料。</li>\r\n<li>用户应自行承担因交易产生的相关费用，并依法纳税。</li>\r\n<li>未经本网站书面允许，用户不得将本网站资料以及在交易平台上所展示的任何信息以复制、修改、翻译等形式制作衍生作品、分发或公开展示。</li>\r\n<li>用户同意接收来自本网站的信息，包括但不限于活动信息、交易信息、促销信息等。</li>\r\n</ol>\r\n<p><br /> <br /> <strong>四、 本网站的权利和义务</strong><br /></p>\r\n<ol>\r\n<li>本网站不是传统意义上的"拍卖商"，仅为用户提供一个信息交流、进行物品买卖的平台，充当买卖双方之间的交流媒介，而非买主或卖主的代理商、合伙  人、雇员或雇主等经营关系人。公布在本网站上的交易物品是用户自行上传进行交易的物品，并非本网站所有。对于用户刊登物品、提供的信息或参与竞标的过程，  本网站均不加以监视或控制，亦不介入物品的交易过程，包括运送、付款、退款、瑕疵担保及其它交易事项，且不承担因交易物品存在品质、权利上的瑕疵以及交易  方履行交易协议的能力而产生的任何责任，对于出现在拍卖上的物品品质、安全性或合法性，本网站均不予保证。</li>\r\n<li>本网站有义务在现有技术水平的基础上努力确保整个网上交易平台的正常运行，尽力避免服务中断或将中断时间限制在最短时间内，保证用户网上交易活动的顺利进行。</li>\r\n<li>本网站有义务对用户在注册使用本网站网上交易平台中所遇到的问题及反映的情况及时作出回复。 </li>\r\n<li>本网站有权对用户的注册资料进行查阅，对存在任何问题或怀疑的注册资料，本网站有权发出通知询问用户并要求用户做出解释、改正，或直接做出处罚、删除等处理。</li>\r\n<li>用  户因在本网站网上交易与其他用户产生纠纷的，用户通过司法部门或行政部门依照法定程序要求本网站提供相关资料，本网站将积极配合并提供有关资料；用户将纠  纷告知本网站，或本网站知悉纠纷情况的，经审核后，本网站有权通过电子邮件及电话联系向纠纷双方了解纠纷情况，并将所了解的情况通过电子邮件互相通知对  方。 </li>\r\n<li>因网上交易平台的特殊性，本网站没有义务对所有用户的注册资料、所有的交易行为以及与交易有关的其他事项进行事先审查，但如发生以下情形，本网站有权限制用户的活动、向用户核实有关资料、发出警告通知、暂时中止、无限期地中止及拒绝向该用户提供服务：         \r\n<ul>\r\n<li>用户违反本协议或因被提及而纳入本协议的文件；</li>\r\n<li>存在用户或其他第三方通知本网站，认为某个用户或具体交易事项存在违法或不当行为，并提供相关证据，而本网站无法联系到该用户核证或验证该用户向本网站提供的任何资料；</li>\r\n<li>存在用户或其他第三方通知本网站，认为某个用户或具体交易事项存在违法或不当行为，并提供相关证据。本网站以普通非专业交易者的知识水平标准对相关内容进行判别，可以明显认为这些内容或行为可能对本网站用户或本网站造成财务损失或法律责任。 </li>\r\n</ul>\r\n</li>\r\n<li>在反网络欺诈行动中，本着保护广大用户利益的原则，当用户举报自己交易可能存在欺诈而产生交易争议时，本网站有权通过表面判断暂时冻结相关用户账号，并有权核对当事人身份资料及要求提供交易相关证明材料。</li>\r\n<li>根据国家法律法规、本协议的内容和本网站所掌握的事实依据，可以认定用户存在违法或违反本协议行为以及在本网站交易平台上的其他不当行为，本网站有权在本网站交易平台及所在网站上以网络发布形式公布用户的违法行为，并有权随时作出删除相关信息，而无须征得用户的同意。</li>\r\n<li>本  网站有权在不通知用户的前提下删除或采取其他限制性措施处理下列信息：包括但不限于以规避费用为目的；以炒作信用为目的；存在欺诈等恶意或虚假内容；与网  上交易无关或不是以交易为目的；存在恶意竞价或其他试图扰乱正常交易秩序因素；该信息违反公共利益或可能严重损害本网站和其他用户合法利益的。</li>\r\n<li>用  户授予本网站独家的、全球通用的、永久的、免费的信息许可使用权利，本网站有权对该权利进行再授权，依此授权本网站有权(全部或部份地)  使用、复制、修订、改写、发布、翻译、分发、执行和展示用户公示于网站的各类信息或制作其派生作品，以现在已知或日后开发的任何形式、媒体或技术，将上述  信息纳入其他作品内。</li>\r\n</ol>\r\n<p><br /> <br /> <strong>五、服务的中断和终止</strong><br /></p>\r\n<ol>\r\n<li>在  本网站未向用户收取相关服务费用的情况下，本网站可自行全权决定以任何理由  (包括但不限于本网站认为用户已违反本协议的字面意义和精神，或用户在超过180天内未登录本网站等)  终止对用户的服务，并不再保存用户在本网站的全部资料（包括但不限于用户信息、商品信息、交易信息等）。同时本网站可自行全权决定，在发出通知或不发出通  知的情况下，随时停止提供全部或部分服务。服务终止后，本网站没有义务为用户保留原用户资料或与之相关的任何信息，或转发任何未曾阅读或发送的信息给用户  或第三方。此外，本网站不就终止对用户的服务而对用户或任何第三方承担任何责任。 </li>\r\n<li>如用户向本网站提出注销本网站注册用户身份，需经本网站审核同意，由本网站注销该注册用户，用户即解除与本网站的协议关系，但本网站仍保留下列权利：         \r\n<ul>\r\n<li>用户注销后，本网站有权保留该用户的资料,包括但不限于以前的用户资料、店铺资料、商品资料和交易记录等。 </li>\r\n<li>用户注销后，如用户在注销前在本网站交易平台上存在违法行为或违反本协议的行为，本网站仍可行使本协议所规定的权利。 </li>\r\n</ul>\r\n</li>\r\n<li>如存在下列情况，本网站可以通过注销用户的方式终止服务：         \r\n<ul>\r\n<li>在用户违反本协议相关规定时，本网站有权终止向该用户提供服务。本网站将在中断服务时通知用户。但如该用户在被本网站终止提供服务后，再一次直接或间接或以他人名义注册为本网站用户的，本网站有权再次单方面终止为该用户提供服务；</li>\r\n<li>一旦本网站发现用户注册资料中主要内容是虚假的，本网站有权随时终止为该用户提供服务； </li>\r\n<li>本协议终止或更新时，用户未确认新的协议的。 </li>\r\n<li>其它本网站认为需终止服务的情况。 </li>\r\n</ul>\r\n</li>\r\n<li>因用户违反相关法律法规或者违反本协议规定等原因而致使本网站中断、终止对用户服务的，对于服务中断、终止之前用户交易行为依下列原则处理：         \r\n<ul>\r\n<li>本网站有权决定是否在中断、终止对用户服务前将用户被中断或终止服务的情况和原因通知用户交易关系方，包括但不限于对该交易有意向但尚未达成交易的用户,参与该交易竞价的用户，已达成交易要约用户。</li>\r\n<li>服务中断、终止之前，用户已经上传至本网站的物品尚未交易或交易尚未完成的，本网站有权在中断、终止服务的同时删除此项物品的相关信息。 </li>\r\n<li>服务中断、终止之前，用户已经就其他用户出售的具体物品作出要约，但交易尚未结束，本网站有权在中断或终止服务的同时删除该用户的相关要约和信息。</li>\r\n</ul>\r\n</li>\r\n<li>本网站若因用户的行为（包括但不限于刊登的商品、在本网站社区发帖等）侵害了第三方的权利或违反了相关规定，而受到第三方的追偿或受到主管机关的处分时，用户应赔偿本网站因此所产生的一切损失及费用。</li>\r\n<li>对违反相关法律法规或者违反本协议规定，且情节严重的用户，本网站有权终止该用户的其它服务。</li>\r\n</ol>\r\n<p><br /> <br /> <strong>六、协议的修订</strong><br /> <br /> 本协议可由本网站随时修订，并将修订后的协议公告于本网站之上，修订后的条款内容自公告时起生效，并成为本协议的一部分。用户若在本协议修改之后，仍继续使用本网站，则视为用户接受和自愿遵守修订后的协议。本网站行使修改或中断服务时，不需对任何第三方负责。<br /> <br /> <strong>七、 本网站的责任范围 </strong><br /> <br /> 当用户接受该协议时，用户应明确了解并同意∶</p>\r\n<ol>\r\n<li>是否经由本网站下载或取得任何资料，由用户自行考虑、衡量并且自负风险，因下载任何资料而导致用户电脑系统的任何损坏或资料流失，用户应负完全责任。</li>\r\n<li>用户经由本网站取得的建议和资讯，无论其形式或表现，绝不构成本协议未明示规定的任何保证。</li>\r\n<li>基于以下原因而造成的利润、商誉、使用、资料损失或其它无形损失，本网站不承担任何直接、间接、附带、特别、衍生性或惩罚性赔偿（即使本网站已被告知前款赔偿的可能性）：         \r\n<ul>\r\n<li>本网站的使用或无法使用。</li>\r\n<li>经由或通过本网站购买或取得的任何物品，或接收之信息，或进行交易所随之产生的替代物品及服务的购买成本。</li>\r\n<li>用户的传输或资料遭到未获授权的存取或变更。</li>\r\n<li>本网站中任何第三方之声明或行为。</li>\r\n<li>本网站其它相关事宜。</li>\r\n</ul>\r\n</li>\r\n<li>本网站只是为用户提供一个交易的平台，对于用户所刊登的交易物品的合法性、真实性及其品质，以及用户履行交易的能力等，本网站一律不负任何担保责任。用户如果因使用本网站，或因购买刊登于本网站的任何物品，而受有损害时，本网站不负任何补偿或赔偿责任。</li>\r\n<li>本  网站提供与其它互联网上的网站或资源的链接，用户可能会因此连结至其它运营商经营的网站，但不表示本网站与这些运营商有任何关系。其它运营商经营的网站均  由各经营者自行负责，不属于本网站控制及负责范围之内。对于存在或来源于此类网站或资源的任何内容、广告、产品或其它资料，本网站亦不予保证或负责。因使  用或依赖任何此类网站或资源发布的或经由此类网站或资源获得的任何内容、物品或服务所产生的任何损害或损失，本网站不负任何直接或间接的责任。</li>\r\n</ol>\r\n<p><br /> <br /> <strong>八.、不可抗力</strong><br /> <br /> 因不可抗力或者其他意外事件，使得本协议的履行不可能、不必要或者无意义的，双方均不承担责任。本合同所称之不可抗力意指不能预见、不能避免并不能克服的  客观情况，包括但不限于战争、台风、水灾、火灾、雷击或地震、罢工、暴动、法定疾病、黑客攻击、网络病毒、电信部门技术管制、政府行为或任何其它自然或人  为造成的灾难等客观情况。<br /> <br /> <strong>九、争议解决方式</strong><br /></p>\r\n<ol>\r\n<li>本协议及其修订本的有效性、履行和与本协议及其修订本效力有关的所有事宜，将受中华人民共和国法律管辖，任何争议仅适用中华人民共和国法律。</li>\r\n<li>因  使用本网站服务所引起与本网站的任何争议，均应提交深圳仲裁委员会按照该会届时有效的仲裁规则进行仲裁。相关争议应单独仲裁，不得与任何其它方的争议在任  何仲裁中合并处理，该仲裁裁决是终局，对各方均有约束力。如果所涉及的争议不适于仲裁解决，用户同意一切争议由人民法院管辖。</li>\r\n</ol>', 255, 1, 1240122848, 1, 0, 0),
(2, 'cert_autonym', '什么是实名认证', 3, 0, '', '<p><strong>什么是实名认证？</strong></p>\r\n<p>&ldquo;认证店铺&rdquo;服务是一项对店主身份真实性识别服务。店主可以通过站内PM、电话或管理员EMail的方式 联系并申请该项认证。经过管理员审核确认了店主的真实身份，就可以开通该项认证。</p>\r\n<p>通过该认证，可以说明店主身份的真实有效性，为买家在网络交易的过程中提供一定的信心和保证。</p>\r\n<p><strong>认证申请的方式：</strong></p>\r\n<p>Email：XXXX@XX.com</p>\r\n<p>管理员：XXXXXX</p>', 255, 1, 1240122848, 1, 0, 0),
(3, 'cert_material', '什么是实体店铺认证', 3, 0, '', '<p><strong>什么是实体店铺认证？</strong></p>\r\n<p>&ldquo;认证店铺&rdquo;服务是一项对店主身份真实性识别服务。店主可以通过站内PM、电话或管理员EMail的方式 联系并申请该项认证。经过管理员审核确认了店主的真实身份，就可以开通该项认证。</p>\r\n<p>通过该认证，可以说明店主身份的真实有效性，为买家在网络交易的过程中提供一定的信心和保证。</p>\r\n<p><strong>认证申请的方式：</strong></p>\r\n<p>Email：XXXX@XX.com</p>\r\n<p>管理员：XXXXXX</p>', 255, 1, 1240122848, 0, 0, 0),
(4, 'setup_store', '开店协议', 3, 0, '', '<p>使用本公司服务所须遵守的条款和条件。<br /><br />1.用户资格<br />本公司的服务仅向适用法律下能够签订具有法律约束力的合同的个人提供并仅由其使用。在不限制前述规定的前提下，本公司的服务不向18周岁以下或被临时或无限期中止的用户提供。如您不合资格，请勿使用本公司的服务。此外，您的帐户（包括信用评价）和用户名不得向其他方转让或出售。另外，本公司保留根据其意愿中止或终止您的帐户的权利。<br /><br />2.您的资料（包括但不限于所添加的任何商品）不得：<br />*具有欺诈性、虚假、不准确或具误导性；<br />*侵犯任何第三方著作权、专利权、商标权、商业秘密或其他专有权利或发表权或隐私权；<br />*违反任何适用的法律或法规（包括但不限于有关出口管制、消费者保护、不正当竞争、刑法、反歧视或贸易惯例/公平贸易法律的法律或法规）；<br />*有侮辱或者诽谤他人，侵害他人合法权益的内容；<br />*有淫秽、色情、赌博、暴力、凶杀、恐怖或者教唆犯罪的内容；<br />*包含可能破坏、改变、删除、不利影响、秘密截取、未经授权而接触或征用任何系统、数据或个人资料的任何病毒、特洛依木马、蠕虫、定时炸弹、删除蝇、复活节彩蛋、间谍软件或其他电脑程序；<br /><br />3.违约<br />如发生以下情形，本公司可能限制您的活动、立即删除您的商品、向本公司社区发出有关您的行为的警告、发出警告通知、暂时中止、无限期地中止或终止您的用户资格及拒绝向您提供服务：<br />(a)您违反本协议或纳入本协议的文件；<br />(b)本公司无法核证或验证您向本公司提供的任何资料；<br />(c)本公司相信您的行为可能对您、本公司用户或本公司造成损失或法律责任。<br /><br />4.责任限制<br />本公司、本公司的关联公司和相关实体或本公司的供应商在任何情况下均不就因本公司的网站、本公司的服务或本协议而产生或与之有关的利润损失或任何特别、间接或后果性的损害（无论以何种方式产生，包括疏忽）承担任何责任。您同意您就您自身行为之合法性单独承担责任。您同意，本公司和本公司的所有关联公司和相关实体对本公司用户的行为的合法性及产生的任何结果不承担责任。<br /><br />5.无代理关系<br />用户和本公司是独立的合同方，本协议无意建立也没有创立任何代理、合伙、合营、雇员与雇主或特许经营关系。本公司也不对任何用户及其网上交易行为做出明示或默许的推荐、承诺或担保。<br /><br />6.一般规定<br />本协议在所有方面均受中华人民共和国法律管辖。本协议的规定是可分割的，如本协议任何规定被裁定为无效或不可执行，该规定可被删除而其余条款应予以执行。</p>', 255, 1, 1240122848, 0, 0, 0),
(5, 'msn_privacy', 'MSN在线通隐私策略', 3, 0, '', '<p>Msn在线通隐私策略旨在说明您在本网站使用Msn在线通功能时我们如何保护您的Msn帐号信息。<br /> 我们认为隐私权非常重要。我们希望此隐私保护中心有助于您在本网站更好使用Msn在线通<br /> <strong>我们收集的信息</strong></p><blockquote>* 您在本网站激活Msn在线通时,程序将会记录您的Msn在线通帐号</blockquote><p><br /> <strong>您的选择</strong></p><blockquote>* 您可以在本网站随时注销您的Msn在线通帐号</blockquote><p><br /> <strong>其他隐私声明</strong></p><blockquote>* 如果我们需要改变本网站Msn在线通的隐私策略, 我们会把相关的改动在此页面发布.</blockquote>', 255, 1, 1240122848, 0, 0, 0),
(6, '', '购物保障', -1, 2, NULL, '<p style="margin: 10px; line-height: 150%;"><strong><span style="color: #0000ff;">一、专业IT产品销售 </span></strong><br />&nbsp;&nbsp;&nbsp;&nbsp;&nbsp; 演示店铺，专业的IT产品销售网站，包括：笔记本电脑、台式机、数码相机、摄像机、MP3、MP4、电脑散件、DIY装 机、手机、通讯设备、办公耗材、配件外设、移动存储、网络产品、各类软件等。有正规可靠的进货渠道，有专业的管理团队，有完善的网络技术平台，有经验丰富 的售后服务人员，绝对值得您信赖。<br /><br /><strong><span style="color: #0000ff;">二、实体店直接供货 </span></strong><br />&nbsp;&nbsp;&nbsp;&nbsp;&nbsp; 演示店铺下设实体店直接供货，将在全国每个城市设立一个实体店，以供当地区供货和售后服务。<br /><br /><strong><span style="color: #0000ff;">三、付款安全</span></strong> <br />&nbsp;&nbsp;&nbsp;&nbsp;&nbsp; 用户可以选择财付通付款（中间信用担保）、货到付款（货运公司代收）、银行转帐、在线支付，因为卖家都是实体店商户，所以支付非常安全。<br /><br /><strong><span style="color: #0000ff;">四、完善的售后服务</span></strong> <br />&nbsp;&nbsp;&nbsp;&nbsp;&nbsp; 因为所售产品都是正品行货，能在全国联保的商品，都可以全国联保；销售的商品均提供与到实体店购买一样的售后服务保障。</p>\r\n<p>&nbsp;</p>', 2, 1, 1249544249, 0, 0, 0),
(7, '', '系统升级通知（周二）！', 2, 0, '', '<p><span style="font-size: 9pt; color: #666666; font-family: 宋体;"><strong><span style="font-size: 10.5pt; color: red; font-family: 宋体;">修改本页内容，请到</span><span style="font-size: 10.5pt; color: red; font-family: ''Times New Roman'';"> </span><span style="font-size: 10.5pt; color: red; font-family: 宋体;">管理后台</span><span style="font-size: 10.5pt; color: red; font-family: ''Times New Roman'';" lang="EN-US"> <span style="font-size: 10.5pt; color: red; font-family: 宋体;">&gt;&gt;</span> 网站<span style="font-size: 10.5pt; color: red; font-family: ''Times New Roman'';" lang="EN-US"> <span style="font-size: 10.5pt; color: red; font-family: 宋体;">&gt;&gt;</span>&nbsp;文章管理</span></span><span style="font-size: 10.5pt; color: red; font-family: ''Times New Roman'';" lang="EN-US">&nbsp;&nbsp; 找到相关文章</span><span style="font-size: 10.5pt; color: red; font-family: 宋体;">进行编辑</span></strong></span></p>\r\n<p>尊敬的用户，您好！</p>\r\n<p>为了给广大用户提供更好的服务，拟在 2009年 6月 6日 12:30 － 14:00 做系统升级。</p>\r\n<p>届时，页面会出现暂时不能使用的情况。</p>\r\n<p>在此，衷心的感谢每位用户一贯以来对我们工作的支持和关注。</p>', 255, 1, 1249610440, 0, 0, 0),
(8, '', '8月8日暂停货品出库', 2, 0, '', '<p><span style="font-size: 9pt; color: #666666; font-family: 宋体;"><strong><span style="font-size: 10.5pt; color: red; font-family: 宋体;">修改本页内容，请到</span><span style="font-size: 10.5pt; color: red; font-family: ''Times New Roman'';"> </span><span style="font-size: 10.5pt; color: red; font-family: 宋体;">管理后台</span><span style="font-size: 10.5pt; color: red; font-family: ''Times New Roman'';" lang="EN-US"> <span style="font-size: 10.5pt; color: red; font-family: 宋体;">&gt;&gt;</span> 网站<span style="font-size: 10.5pt; color: red; font-family: ''Times New Roman'';" lang="EN-US"> <span style="font-size: 10.5pt; color: red; font-family: 宋体;">&gt;&gt;</span>&nbsp;文章管理</span></span><span style="font-size: 10.5pt; color: red; font-family: ''Times New Roman'';" lang="EN-US">&nbsp;&nbsp; 找到相关文章</span><span style="font-size: 10.5pt; color: red; font-family: 宋体;">进行编辑</span></strong></span></p>\r\n<p><span>敬爱的顾客： <br />我 们将于下2009年8月8日进行内部货品盘点和整合，当天将暂停货品的出库，但是为了广大用户能够尽量在周一收到您周六晚间和周日下午 16：00 前 生成的有效本地订单 (外环外和外地订单将在周日下午发出，具体配送时间根据订单所选的货运方式而定) ，将原有的上海外环线以内的一日二送改为一日一送的配送方式。 8月8日配送时间为上午9:00 至下午 18：00，由此为您带来的不便，还请您谅解。 届时我们将不提供上门自提，售后和送货等其他服务。 从2008年8月8日星期二起外环线以内的配送恢复为一日二送。 在此衷心的感谢各位顾客一贯以来对我们工作的支持和关注。</span></p>', 255, 1, 1249610480, 0, 0, 0),
(9, '', '商品评论改版升级!', 2, 0, '', '<p><span style="font-size: 9pt; color: #666666; font-family: 宋体;"><strong><span style="font-size: 10.5pt; color: red; font-family: 宋体;">修改本页内容，请到</span><span style="font-size: 10.5pt; color: red; font-family: ''Times New Roman'';"> </span><span style="font-size: 10.5pt; color: red; font-family: 宋体;">管理后台</span><span style="font-size: 10.5pt; color: red; font-family: ''Times New Roman'';" lang="EN-US"> <span style="font-size: 10.5pt; color: red; font-family: 宋体;">&gt;&gt;</span> 网站<span style="font-size: 10.5pt; color: red; font-family: ''Times New Roman'';" lang="EN-US"> <span style="font-size: 10.5pt; color: red; font-family: 宋体;">&gt;&gt;</span>&nbsp;文章管理</span></span><span style="font-size: 10.5pt; color: red; font-family: ''Times New Roman'';" lang="EN-US">&nbsp;&nbsp; 找到相关文章</span><span style="font-size: 10.5pt; color: red; font-family: 宋体;">进行编辑</span></strong></span></p>\r\n<p>首先，为了使得大家能更充分参与，我们将逐步放开对产品评论的资格限制， 顾客可以在购买商品后对商品进行评价，其他顾客还可以对评价进行是否好评的参与，得到较多用户好评的评论将得到更多的展示机会。</p>', 255, 1, 1249610514, 0, 0, 0),
(10, '', '银行系统升级通告！', 2, 0, '', '<p><span style="font-size: 9pt; color: #666666; font-family: 宋体;"><strong><span style="font-size: 10.5pt; color: red; font-family: 宋体;">修改本页内容，请到</span><span style="font-size: 10.5pt; color: red; font-family: ''Times New Roman'';"> </span><span style="font-size: 10.5pt; color: red; font-family: 宋体;">管理后台</span><span style="font-size: 10.5pt; color: red; font-family: ''Times New Roman'';" lang="EN-US"> <span style="font-size: 10.5pt; color: red; font-family: 宋体;">&gt;&gt;</span> 网站<span style="font-size: 10.5pt; color: red; font-family: ''Times New Roman'';" lang="EN-US"> <span style="font-size: 10.5pt; color: red; font-family: 宋体;">&gt;&gt;</span>&nbsp;文章管理</span></span><span style="font-size: 10.5pt; color: red; font-family: ''Times New Roman'';" lang="EN-US">&nbsp;&nbsp; 找到相关文章</span><span style="font-size: 10.5pt; color: red; font-family: 宋体;">进行编辑</span></strong></span></p>\r\n<p>敬的顾客：<br />&nbsp;&nbsp;&nbsp;&nbsp;&nbsp;&nbsp; 由于银行系统将于12.10号进行升级，因此在此期间，网上支付业务将会暂停，本网站将会暂停网上支付方式的订单，对此进行通告，谢谢您一贯的支持。</p>', 255, 1, 1249610535, 0, 0, 0),
(11, '', '顾客必读', 4, 0, '', '<h4><br /></h4>\r\n<h4>如何订购商品？</h4>\r\n<p>您可以首先浏览我们的网站了解商品。看到您满意的商品您可以直接在我们的网站上实现订购。您也可以和我们网站的客服人员联系订购。</p>\r\n<h4>我通过网站看到你们的商品后觉得不错，但是我不是经常上网，你可以寄一些商品的图片和介绍给我吗？</h4>\r\n<p>答：我们的网站会不定期地为会员发送商品信息资料的电子邮件。如果您目前还没有成为我们的会员，您可以直接在我们的网站上注册，非常方便。</p>\r\n<h4>请告诉我在这里购物的理由好吗？</h4>\r\n<ol>\r\n<li>我们是一家拥有长期经营零售业务经验的网站；</li>\r\n<li>我们将给您带来优质的商品及更优惠的价格；</li>\r\n<li>多种付款方式以及快速的全国配送；</li>\r\n<li>人性化的退换货事宜；</li>\r\n<li>体贴入微的会员积分计划；</li>\r\n<li>所有产品为原厂正规包装；</li>\r\n</ol>\r\n<h4>你们的商品我都非常喜欢，已经购买了很多，但是有些怎么一直没货？会不会订不到？</h4>\r\n<p>由于网站顾客购买量比较大，商品随时可能断货，您可以通过网站上的&ldquo;到货通知&rdquo;按钮预定商品或直接联系我们的网站客服进行预约订购。</p>\r\n<h4>所有的产品都能够在网站上购买?</h4>\r\n<p>答：目前网站查找的都是可以订购的，但是必须是仓库中有库存的产品我们才可以与您确认。部分热销产品也可以通过我们的网站做一个预约，等到货品到后，我们会立即通过电话或者电子邮件的方式通知您来订购。</p>\r\n<h4>为什么要注册会员？</h4>\r\n<ol>\r\n<li>只有注册用户才可以在网上进行订购，享受优惠的价格。</li>\r\n<li>只有注册用户才可以登录"会员中心"，使用更多的会员购物功能,管理自己的资料。</li>\r\n<li>只有注册用户才可以在网上给其他注册的朋友留言。</li>\r\n<li>只有注册用户才有可能获取我们赠送的礼品。</li>\r\n</ol>\r\n<h4>忘记了密码怎么办？</h4>\r\n<p>为了保护客户利益，我们无法看到您的密码。当您忘记密码时，请登录注册页面，点击"忘记密码"，系统会自动将您的密码通过email告诉您，您可以登录"会员中心"去更改密码，以确保您的利益。</p>\r\n<h4>积分是怎么回事？有什么作用？</h4>\r\n<p>积分的高低只反映您对我们的关注和支持程度。我们的积分是通过订购商品产生的。对于高积分的客户我们会有一定的奖励，如积分兑换商品、积分抵扣价格、赠送商品,更优惠的价格购买商品等，以此回馈广大顾客。</p>', 255, 1, 1249614530, 0, 0, 0),
(12, '', '商品退货保障', 4, 0, '', '<h4><br /></h4>\r\n<h4>符合以下条件，可以要求换货</h4>\r\n<ol>\r\n<li>客户在收到货物时当面在送货员面前拆包检查，发现货物有质量问题的；</li>\r\n<li>实际收到货物与网站上描述的有很大的出入的。</li>\r\n</ol>\r\n<p><strong>换货流程</strong>：客户当面要求送货人员退回货物，然后与我们联系。我们会为您重新发货，货物到达时间顺延。</p>\r\n<h4>符合以下条件，可以要求退货</h4>\r\n<ol>\r\n<li>客户收到货物后两天之内，发现商品有明显的制造缺陷的；</li>\r\n<li>货物经过一次换货但仍然存在质量问题的；</li>\r\n<li>由于人为原因造成超过我们承诺到货之日5天还没收到货物的。</li>\r\n</ol>\r\n<p><strong>退货流程：</strong>客户在收到货物后两天内与我们联系，我们会在三个工作日内通过银行汇款把您的货款退回。</p>\r\n<h4>在以下情况我们有权拒绝客户的退换货要求</h4>\r\n<ol>\r\n<li>货物出现破损，但没有在收货时当场要求送货人员换货的；</li>\r\n<li>超过退换货期限的退换货要求；</li>\r\n<li>退换货物不全或者外观受损 ；</li>\r\n<li>客户发货单据丢失或者不全；</li>\r\n<li>产品并非我们提供；</li>\r\n<li>货物本身不存在质量问题的 。</li>\r\n</ol>', 255, 1, 1249614660, 0, 0, 0),
(13, '', '购物说明', 20, 0, '', '<p>&nbsp;</p>\r\n<p>本网站所售产品均实行三包政策，请顾客保存好有效凭证，以确保我们为您更好服务。本公司的客户除享受国家规定&ldquo;三包&rdquo;。您可以更放心地在这里购物。</p>\r\n<h3>保修细则</h3>\r\n<h4>一、在本网站购买的商品，自购买日起(以到货登记为准)7日内出现性能故障，您可以选择退货、换货或修理。</h4>\r\n<ol>\r\n<li>在接到您的产品后，我公司将问题商品送厂商特约维修中心检测； </li>\r\n<li>检测报出来后，如非人为损坏的，是产品本身质量问题，我公司会及时按您的要求予以退款、换可或维修。 </li>\r\n<li>如果检测结果是无故障或是人为因素造成的故障，我公司会及时通知您，并咨询您的处理意见。 </li>\r\n</ol>\r\n<h4>二、在本公司购买的商品，自购日起(以到货登记为准)15日内出现性能故障，您可以选择换货或修理。(享受15天退换货无需理由的商品，按《15天退换货无需理由细则》办理)</h4>\r\n<ol>\r\n<li>在接到您的产品后，我公司将问题商品送厂商特约维修中心检测； </li>\r\n<li>检测报出来后，如非人为损坏的，是产品本身质量问题，我公司会及时按您的要求予以退款、换可或维修。 </li>\r\n<li>如果检测结果是无故障或是人为因素造成的故障，我公司会及时通知您，并咨询您的处理意见。</li>\r\n</ol>\r\n<h4>三、在本公司购买的商品，自购日起(以到货登记为准)一年之内出现非人为损坏的质量问题，本公司承诺免费保修。</h4>\r\n<ol>\r\n<li>在接到您的产品后，我公司将问题商品送厂商特约维修中心检测； </li>\r\n<li>检测报出来后，如非人为损坏的，是产品本身质量问题，我公司会及时按您的要求予以退款、换可或维修。 </li>\r\n<li>如果检测结果是无故障或是人为因素造成的故障，我公司会及时通知您，并咨询您的处理意见。 </li>\r\n</ol>\r\n<h3>收费维修：</h3>\r\n<h4>一、对于人为造成的故障，本公司将采取收费维修，包括：</h4>\r\n<ol>\r\n<li>产品内部被私自拆开或其中任何部分被更替； </li>\r\n<li>商品里面的条码不清楚，无法成功判断； </li>\r\n<li>有入水、碎裂、损毁或有腐蚀等现象； </li>\r\n<li>过了保修期的商品。</li>\r\n</ol>\r\n<h4>二、符合以下条件，可以要求换货：</h4>\r\n<ol>\r\n<li>客户在收到货物时当面在送货员面前拆包检查，发现货物有质量问题的 </li>\r\n<li>实际收到货物与网站上描述的有很大的出入的 </li>\r\n<li>换货流程：客户当面要求送货人员退回货物，然后与我们联系。我们会在一个工作日内为您重新发货，货物到达时间顺延。</li>\r\n</ol>\r\n<h4>三、符合以下条件，可以要求退货：</h4>\r\n<p>客户收到货物后两天之内，</p>\r\n<ol>\r\n<li>发现商品有明显的制造缺陷的 </li>\r\n<li>货物经过一次换货但仍然存在质量问题的 </li>\r\n<li>由于人为原因造成超过我们承诺到货之日三天还没收到货物的</li>\r\n</ol>\r\n<p>退货流程：客户在收到货物后两天内与我们联系，我们会在两个工作日内通过银行汇款把您的货款退回。</p>\r\n<h4>在以下情况我们有权拒绝客户的退换货要求：</h4>\r\n<ol>\r\n<li>货物出现破损，但没有在收货时当场要求送货人员换货的 </li>\r\n<li>超过退换货期限的退换货要求 </li>\r\n<li>退换货物不全或者外观受损 </li>\r\n<li>客户发货单据丢失或者不全 </li>\r\n<li>产品并非我们提供 </li>\r\n<li>货物本身不存在质量问题的</li>\r\n</ol>', 255, 1, 1249614760, 0, 0, 0),
(14, '', '免责条款', 38, 0, '', '<p>&nbsp;</p>\r\n<h4>免责声明</h4>\r\n<p>如因不可抗力或其他无法控制的原因造成网站销售系统崩溃或无法正常使用，从而导致网上交易无法完成或丢失有关的信息、记录等，网站将不承担责任。但是我们将会尽合理的可能协助处理善后事宜，并努力使客户减少可能遭受的经济损失。<br />本 店可以按买方的要求代办相关运输手续，但我们的责任义务仅限于按时发货，遇到物流（邮政）意外时协助买方查询，不承担任何物流（邮政）提供给顾客之外的赔 偿，一切查询索赔事宜均按照物流（邮政）的规定办理。在物流（邮政）全程查询期限未满之前，买方不得要求赔偿。提醒买方一定核实好收货详细地址和收货人电 话，以免耽误投递。凡在本店购物，均视为如同意此声明。</p>\r\n<h4>客户监督</h4>\r\n<p>我们希望通过不懈努力，为客户提供最佳服务，我们在给客户提供服务的全程中接受客户的监督。</p>\r\n<h4>争议处理</h4>\r\n<p>如果客户与网站之间发生任何争议，可依据当时双方所认定的协议或相关法律来解决。</p>', 255, 1, 1249614798, 0, 0, 0),
(15, '', '购物流程', 20, 0, '', '<h4><br /></h4>\r\n<h4>怎样注册？</h4>\r\n<p>答：您可以直接点击"会员注册"进行注册。注册很简单，您只需按注册向导的要求输入一些基本信息即可。为了准确地为您服务，请务必在注册时填写您的真实信息，我们会为您保密。输入的帐号要4-10位，仅可使用英文字母、数字"-"。</p>\r\n<h4>怎样成为会员?</h4>\r\n<p>答：您可以直接点击"会员登录与注册"进行注册。注册很简单，您只需根据系统提示输入相关资料即可，请您填写完毕时，务必核对填写内容的准确性，并谨记您的会员账号和密码，以便您查询订单或是希望网站提供予您更多的服务时用以核对您的身份。</p>\r\n<h4>如何在网上下单购买，怎么一个操作流程呢？</h4>\r\n<p>答：这种方式和您逛商场的方式十分相似，您只要按照我们的商品分类页面或进入"钻石珠宝"、"个性定制"等逐页按照连接指明的路径浏览就可以了。 一旦看中了您喜欢的商品，您可以随时点击"放入购物篮"按钮将它放入"购物篮"。随后，您可以按"去收银台"。我们的商品十分丰富，不过您别担心，我们在 每一页中都设立了详细明白的导航条，您是不会迷路的。</p>', 255, 1, 1249614826, 0, 0, 0),
(16, '', '关于我们', 6, 0, '', '<p style="color: #333333; font-family: Simsun; font-size: 14px; line-height: 21px;" align="left"><span style="margin: 0px; padding: 0px; color: #646160; font-family: ''Microsoft YaHei'', 微软雅黑, ''Microsoft JhengHei'', 华文细黑, STHeiti, MingLiu, 黑体; line-height: normal;"><strong>E家建材商城</strong>（rmall.net）是新乡市天扬广告有限公司旗下专业性门户网站，是一个不断追求与推进现实装饰行业传统生意模式与网络技术有机相结合的极具开创性O2O电子商务平台。<br style="margin: 0px; padding: 0px;" />&nbsp; &nbsp; &nbsp;<br style="margin: 0px; padding: 0px;" />&nbsp; &nbsp; &nbsp; &nbsp; E家建材商城定位于&ldquo;同一个行业，同一个城市&rdquo;，充分发挥和利用网络的信息传播优势与实体的可靠性，实现线上线下真正有效结合，互动交流更真切、交易更可靠、售后服务有保障。<br style="margin: 0px; padding: 0px;" />&nbsp; &nbsp; &nbsp;<br style="margin: 0px; padding: 0px;" />&nbsp; &nbsp; &nbsp; &nbsp;我们凭借二十几年的装饰装修行业经验，对消费业主、设计师、装修公司、建材经销商、品牌建材厂家的需求及他们之间的供求关系非常的了解，加上四年多来探索进军电商领域的曲折经历，深刻理解装饰与建材这个行业的特殊性致其始终无法脱离传统实际，只能依托网络技术与传统实际相结合，使电子商务平台最大程度模拟现实才是装饰装修行业电商平台的最优模式。<br style="margin: 0px; padding: 0px;" />&nbsp; &nbsp; &nbsp;<br style="margin: 0px; padding: 0px;" />&nbsp; &nbsp; &nbsp; &nbsp;E家建材商城提供大量装修咨讯、丰富案例效果图、海量素材免费下载、同城设计师、同城装修公司、可发布招标、重点推出同城建材商城，是专为解决消费业主、设计师、装修公司、建材商家的实际需求而开发与精心搭建的，逐渐形成行业的聚焦点，人群的聚集地这样一个平台。我们还专门开发前所未有的同城微博，让消费业主、设计师、装修公司、建材商能够在同一个城市、同一个行业圈内实时交互沟通，分享即时信息，大大加强了平台的互动性，氛围十分活跃。<br style="margin: 0px; padding: 0px;" />&nbsp; &nbsp; &nbsp;<br style="margin: 0px; padding: 0px;" />&nbsp; &nbsp; &nbsp; &nbsp;E家建材商城、专业服务、有效互动、真切实用为平台设计理念，提出&ldquo;多了一个店，选择更方便&rdquo;全新主张，将带动和促进线下实际交易为主要目的，而不以线上最终交易为依归，是当前最为实用的装饰装修行业网络交易平台。<br style="margin: 0px; padding: 0px;" />&nbsp; &nbsp; &nbsp;<br style="margin: 0px; padding: 0px;" />&nbsp; &nbsp; &nbsp; &nbsp;为增强平台的实用性，我们已搭建线上线下第三方支付，常期举办线下活动（&ldquo;</span><span style="color: #646160; font-family: ''Microsoft YaHei'', 微软雅黑, ''Microsoft JhengHei'', 华文细黑, STHeiti, MingLiu, 黑体;">E家建材商城展会</span><span style="color: #646160; font-family: ''Microsoft YaHei'', 微软雅黑, ''Microsoft JhengHei'', 华文细黑, STHeiti, MingLiu, 黑体; line-height: normal;">&rdquo;），且逐步与各城市开发金融合作项目，以促进同城行业有效持续发展。</span></p>', 0, 1, 1403633505, 0, 0, 0),
(17, '', '媒体聚焦', 38, 0, '', '', 255, 0, 1403633516, 0, 0, 0),
(18, '', '体验馆', 38, 0, '', '', 255, 0, 1403633525, 0, 0, 0);
INSERT INTO `ecm_article` (`article_id`, `code`, `title`, `cate_id`, `store_id`, `link`, `content`, `sort_order`, `if_show`, `add_time`, `gcate_id_1`, `gcate_id_2`, `gcate_id_3`) VALUES
(19, '', '诚聘英才', 6, 0, '', '<p class="normal" style="margin-bottom: 5px; border: 0px; font-size: 14px; color: #4d4d4d; line-height: 20px; font-family: 微软雅黑, YaHei;">平面设计/网站美工</p>\r\n<p class="normal" style="margin-bottom: 5px; border: 0px; font-size: 14px; color: #4d4d4d; line-height: 20px; font-family: 微软雅黑, YaHei;">&nbsp;</p>\r\n<p class="normal" style="margin-bottom: 5px; border: 0px; font-size: 14px; color: #4d4d4d; line-height: 20px; font-family: 微软雅黑, YaHei;"><strong>职位职责：</strong></p>\r\n<ul style="margin-bottom: 30px; border: 0px; color: #4d4d4d; font-family: 微软雅黑, YaHei; line-height: 19px;">\r\n<li style="border: 0px; list-style-type: none; font-size: 14px; height: 30px; line-height: 30px;">1、负责网站产品相关界面设计／平面设计，跟踪并改善方案；</li>\r\n<li style="border: 0px; list-style-type: none; font-size: 14px; height: 30px; line-height: 30px;">2、积极配合产品策划人员研究并改善用户体验；</li>\r\n<li style="border: 0px; list-style-type: none; font-size: 14px; height: 30px; line-height: 30px;">3、从专业角度，对现有产品积极提出界面优化方案。</li>\r\n</ul>\r\n<p class="normal" style="margin-bottom: 5px; border: 0px; font-size: 14px; color: #4d4d4d; line-height: 20px; font-family: 微软雅黑, YaHei;"><strong>任职要求：</strong></p>\r\n<ul style="margin-bottom: 30px; border: 0px; color: #4d4d4d; font-family: 微软雅黑, YaHei; line-height: 19px;">\r\n<li style="border: 0px; list-style-type: none; font-size: 14px; height: 30px; line-height: 30px;">1、简洁、实用、美观的网站设计风格；</li>\r\n<li style="border: 0px; list-style-type: none; font-size: 14px; height: 30px; line-height: 30px;">2、优秀的学习能力；</li>\r\n<li style="border: 0px; list-style-type: none; font-size: 14px; height: 30px; line-height: 30px;">3、具备高度的责任心及团队精神，能够及时高效完成任务；</li>\r\n<li style="border: 0px; list-style-type: none; font-size: 14px; height: 30px; line-height: 30px;">4、有交互类网站设计工作经验者优先；</li>\r\n<li style="border: 0px; list-style-type: none; font-size: 14px; height: 30px; line-height: 30px;">5、热爱设计行业，擅长各类界面设计业务、平面设计业务，具备产品策划和交互设计意识，英语良好者优先。</li>\r\n</ul>\r\n<p class="normal" style="margin-bottom: 5px; border: 0px; font-size: 14px; color: #4d4d4d; line-height: 20px; font-family: 微软雅黑, YaHei;"><strong>其他要求：</strong></p>\r\n<ul style="margin-bottom: 30px; border: 0px; color: #4d4d4d; font-family: 微软雅黑, YaHei; line-height: 19px;">\r\n<li style="border: 0px; list-style-type: none; font-size: 14px; height: 30px; line-height: 30px;">专业：不限</li>\r\n<li style="border: 0px; list-style-type: none; font-size: 14px; height: 30px; line-height: 30px;">学历：大专或以上学历</li>\r\n<li style="border: 0px; list-style-type: none; font-size: 14px; height: 30px; line-height: 30px;">性别：不限</li>\r\n<li style="border: 0px; list-style-type: none; font-size: 14px; height: 30px; line-height: 30px;">计算机水平要求：熟练</li>\r\n<li style="border: 0px; list-style-type: none; font-size: 14px; height: 30px; line-height: 30px;">工作经验：不限</li>\r\n</ul>\r\n<div>\r\n<p class="normal" style="margin-bottom: 5px; border: 0px; font-size: 14px; color: #4d4d4d; line-height: 20px;"><strong><span style="font-family: mceinline;">客服人员</span></strong></p>\r\n<p class="normal" style="margin-bottom: 5px; border: 0px; font-size: 14px; color: #4d4d4d; line-height: 20px; font-family: 微软雅黑, YaHei;">&nbsp;</p>\r\n<p class="normal" style="margin-bottom: 5px; border: 0px; font-size: 14px; color: #4d4d4d; line-height: 20px; font-family: 微软雅黑, YaHei;"><strong>工作职责：</strong></p>\r\n<ul style="margin-bottom: 30px; border: 0px; color: #4d4d4d; font-family: 微软雅黑, YaHei; line-height: 19px;">\r\n<li style="border: 0px; list-style-type: none; font-size: 14px; height: 30px; line-height: 30px;">1、受理客户咨询；</li>\r\n<li style="border: 0px; list-style-type: none; font-size: 14px; height: 30px; line-height: 30px;">2、了解客户的需求并积极作出回应；</li>\r\n<li style="border: 0px; list-style-type: none; font-size: 14px; height: 30px; line-height: 30px;">3、负责与客户的沟通和维护工作；</li>\r\n<li style="border: 0px; list-style-type: none; font-size: 14px; height: 30px; line-height: 30px;">4、负责客户的投诉及各种问题的解决并及时反馈问题及建议；</li>\r\n</ul>\r\n<p class="normal" style="margin-bottom: 5px; border: 0px; font-size: 14px; color: #4d4d4d; line-height: 20px; font-family: 微软雅黑, YaHei;"><strong>任职要求：</strong></p>\r\n<ul style="margin-bottom: 30px; border: 0px; color: #4d4d4d; font-family: 微软雅黑, YaHei; line-height: 19px;">\r\n<li style="border: 0px; list-style-type: none; font-size: 14px; height: 30px; line-height: 30px;">1、普通话标准，声音甜美，良好的表达能力和沟通技巧；</li>\r\n<li style="border: 0px; list-style-type: none; font-size: 14px; height: 30px; line-height: 30px;">2、有服务行业工作经验者优先；</li>\r\n<li style="border: 0px; list-style-type: none; font-size: 14px; height: 30px; line-height: 30px;">3、良好的服务意识、耐心、踏实稳定，能够承受工作压力；</li>\r\n<li style="border: 0px; list-style-type: none; font-size: 14px; height: 30px; line-height: 30px;">4、善于学习、责任心强，具有团队协作精神；</li>\r\n<li style="border: 0px; list-style-type: none; font-size: 14px; height: 30px; line-height: 30px;">5、思维敏捷，应变能力强，能灵活处理突发问题；</li>\r\n<li style="border: 0px; list-style-type: none; font-size: 14px; height: 30px; line-height: 30px;">6、对待客户要像春天般的温暖，要爱心、要耐心、要细心。</li>\r\n</ul>\r\n<p class="normal" style="margin-bottom: 5px; border: 0px; font-size: 14px; color: #4d4d4d; line-height: 20px; font-family: 微软雅黑, YaHei;"><strong>其他要求：</strong></p>\r\n<ul style="margin-bottom: 30px; border: 0px; color: #4d4d4d; font-family: 微软雅黑, YaHei; line-height: 19px;">\r\n<li style="border: 0px; list-style-type: none; font-size: 14px; height: 30px; line-height: 30px;">专业：不限</li>\r\n<li style="border: 0px; list-style-type: none; font-size: 14px; height: 30px; line-height: 30px;">学历：大专或以上学历</li>\r\n<li style="border: 0px; list-style-type: none; font-size: 14px; height: 30px; line-height: 30px;">计算机水平要求：打字速度快一些；掌握一些基本的的办公软件；</li>\r\n<li style="border: 0px; list-style-type: none; font-size: 14px; height: 30px; line-height: 30px;">工作经验：一年以上工作经验</li>\r\n</ul>\r\n<div>\r\n<p class="normal" style="margin-bottom: 5px; border: 0px; font-size: 14px; color: #4d4d4d; line-height: 20px;"><span style="font-family: mceinline;"><strong>市场营销</strong></span></p>\r\n<p class="normal" style="margin-bottom: 5px; border: 0px; font-size: 14px; color: #4d4d4d; line-height: 20px; font-family: 微软雅黑, YaHei;">&nbsp;</p>\r\n<p class="normal" style="margin-bottom: 5px; border: 0px; font-size: 14px; color: #4d4d4d; line-height: 20px; font-family: 微软雅黑, YaHei;"><strong>工作职责：</strong></p>\r\n<ul style="margin-bottom: 30px; border: 0px; color: #4d4d4d; font-family: 微软雅黑, YaHei; line-height: 19px;">\r\n<li style="border: 0px; list-style-type: none; font-size: 14px; height: 30px; line-height: 30px;">1、为客户提供网络经营合作，不断了解客户服务的卖点，及满足其推广需求；</li>\r\n<li style="border: 0px; list-style-type: none; font-size: 14px; height: 30px; line-height: 30px;">2、根据客户需求制定网络营销方案，帮助客户提升其网络上的运营管理；</li>\r\n<li style="border: 0px; list-style-type: none; font-size: 14px; height: 30px; line-height: 30px;">3、协助客户管理网上营销渠道。</li>\r\n</ul>\r\n<p class="normal" style="margin-bottom: 5px; border: 0px; font-size: 14px; color: #4d4d4d; line-height: 20px; font-family: 微软雅黑, YaHei;"><strong>任职要求：</strong></p>\r\n<ul style="margin-bottom: 30px; border: 0px; color: #4d4d4d; font-family: 微软雅黑, YaHei; line-height: 19px;">\r\n<li style="border: 0px; list-style-type: none; font-size: 14px; height: 30px; line-height: 30px;">1、1-2年相关行业工作经验</li>\r\n<li style="border: 0px; list-style-type: none; font-size: 14px; height: 30px; line-height: 30px;">2、性格开朗、沟通表达能力强，有良好的市场开拓和商务谈判能力；</li>\r\n<li style="border: 0px; list-style-type: none; font-size: 14px; height: 30px; line-height: 30px;">3、有电子商务经验及背景可优先考虑；</li>\r\n<li style="border: 0px; list-style-type: none; font-size: 14px; height: 30px; line-height: 30px;">4、有网上经营店铺经验优先；</li>\r\n</ul>\r\n<p class="normal" style="margin-bottom: 5px; border: 0px; font-size: 14px; color: #4d4d4d; line-height: 20px; font-family: 微软雅黑, YaHei;"><strong>其他要求：</strong></p>\r\n<ul style="margin-bottom: 30px; border: 0px; color: #4d4d4d; font-family: 微软雅黑, YaHei; line-height: 19px;">\r\n<li style="border: 0px; list-style-type: none; font-size: 14px; height: 30px; line-height: 30px;">专业：不限</li>\r\n<li style="border: 0px; list-style-type: none; font-size: 14px; height: 30px; line-height: 30px;">学历：大专或以上学历</li>\r\n<li style="border: 0px; list-style-type: none; font-size: 14px; height: 30px; line-height: 30px;">计算机水平要求：掌握一些基本的的办公软件；会使用简单的图片处理软件。</li>\r\n<li style="border: 0px; list-style-type: none; font-size: 14px; height: 30px; line-height: 30px;">工作经验：一年以上工作经验</li>\r\n</ul>\r\n<div>\r\n<p class="normal" style="margin-bottom: 5px; border: 0px; font-size: 14px; color: #4d4d4d; line-height: 20px;"><strong><span style="font-family: mceinline;">前端开发</span></strong></p>\r\n<p class="normal" style="margin-bottom: 5px; border: 0px; font-size: 14px; color: #4d4d4d; line-height: 20px; font-family: 微软雅黑, YaHei;">&nbsp;</p>\r\n<p class="normal" style="margin-bottom: 5px; border: 0px; font-size: 14px; color: #4d4d4d; line-height: 20px; font-family: 微软雅黑, YaHei;"><strong>工作职责：</strong></p>\r\n<ul style="margin-bottom: 30px; border: 0px; color: #4d4d4d; font-family: 微软雅黑, YaHei; line-height: 19px;">\r\n<li style="border: 0px; list-style-type: none; font-size: 14px; height: 30px; line-height: 30px;">1、根据产品需求和设计图完成前端页面制作</li>\r\n<li style="border: 0px; list-style-type: none; font-size: 14px; height: 30px; line-height: 30px;">2、和后台工程师协作实现产品功能，定制服务接口等</li>\r\n<li style="border: 0px; list-style-type: none; font-size: 14px; height: 30px; line-height: 30px;">3、维护及优化网站前端性能，优化前端开发模式和规范</li>\r\n<li style="border: 0px; list-style-type: none; font-size: 14px; height: 30px; line-height: 30px;">4、重构网站前端css，js等</li>\r\n</ul>\r\n<p class="normal" style="margin-bottom: 5px; border: 0px; font-size: 14px; color: #4d4d4d; line-height: 20px; font-family: 微软雅黑, YaHei;"><strong>任职要求：</strong></p>\r\n<ul style="margin-bottom: 30px; border: 0px; color: #4d4d4d; font-family: 微软雅黑, YaHei; line-height: 19px;">\r\n<li style="border: 0px; list-style-type: none; font-size: 14px; height: 30px; line-height: 30px;">1、精通XHTML/CSS/Javascript等前端技术</li>\r\n<li style="border: 0px; list-style-type: none; font-size: 14px; height: 30px; line-height: 30px;">2、深刻理解web标准，了解不同浏览器之间的差异，写出的代码具有良好的兼容性</li>\r\n<li style="border: 0px; list-style-type: none; font-size: 14px; height: 30px; line-height: 30px;">3、对可用性、可访问性等前端相关知识有深入的了解和实践经验</li>\r\n<li style="border: 0px; list-style-type: none; font-size: 14px; height: 30px; line-height: 30px;">4、熟悉jQuery等JS开发框架</li>\r\n<li style="border: 0px; list-style-type: none; font-size: 14px; height: 30px; line-height: 30px;">5、熟悉一门非web前端脚本的语言(如PHP/JAVA等)</li>\r\n<li style="border: 0px; list-style-type: none; font-size: 14px; height: 30px; line-height: 30px;">6、对web产品设计和用户体验有一定了解</li>\r\n<li style="border: 0px; list-style-type: none; font-size: 14px; height: 30px; line-height: 30px;">7、良好的团队合作意识和积极的工作态度</li>\r\n<li style="border: 0px; list-style-type: none; font-size: 14px; height: 30px; line-height: 30px;">8、熟悉as优先</li>\r\n</ul>\r\n<div>\r\n<p class="normal" style="margin-bottom: 5px; border: 0px; font-size: 14px; color: #4d4d4d; line-height: 20px;"><strong><span style="font-family: mceinline;">程序开发</span></strong></p>\r\n<p class="normal" style="margin-bottom: 5px; border: 0px; font-size: 14px; color: #4d4d4d; line-height: 20px; font-family: 微软雅黑, YaHei;">&nbsp;</p>\r\n<p class="normal" style="margin-bottom: 5px; border: 0px; font-size: 14px; color: #4d4d4d; line-height: 20px; font-family: 微软雅黑, YaHei;"><strong>工作职责：</strong></p>\r\n<ul style="margin-bottom: 30px; border: 0px; color: #4d4d4d; font-family: 微软雅黑, YaHei; line-height: 19px;">\r\n<li style="border: 0px; list-style-type: none; font-size: 14px; height: 30px; line-height: 30px;">1、参与网站基础框架的设计与开发</li>\r\n<li style="border: 0px; list-style-type: none; font-size: 14px; height: 30px; line-height: 30px;">2、配合前端工程师完成界面和脚本调试</li>\r\n<li style="border: 0px; list-style-type: none; font-size: 14px; height: 30px; line-height: 30px;">3、维护和优化现有系统，保障系统稳定</li>\r\n<li style="border: 0px; list-style-type: none; font-size: 14px; height: 30px; line-height: 30px;">4、参与或者主导一些具有研究性质的项目</li>\r\n</ul>\r\n<p class="normal" style="margin-bottom: 5px; border: 0px; font-size: 14px; color: #4d4d4d; line-height: 20px; font-family: 微软雅黑, YaHei;"><strong>任职要求：</strong></p>\r\n<ul style="margin-bottom: 30px; border: 0px; color: #4d4d4d; font-family: 微软雅黑, YaHei; line-height: 19px;">\r\n<li style="border: 0px; list-style-type: none; font-size: 14px; height: 30px; line-height: 30px;">1、3年以上工作经验，熟悉Linux系统，热衷开源</li>\r\n<li style="border: 0px; list-style-type: none; font-size: 14px; height: 30px; line-height: 30px;">2、精通PHP</li>\r\n<li style="border: 0px; list-style-type: none; font-size: 14px; height: 30px; line-height: 30px;">3、熟悉Shell编程</li>\r\n<li style="border: 0px; list-style-type: none; font-size: 14px; height: 30px; line-height: 30px;">4、有C/C++、Erlang编程及开源软件二次开发经验者优先;</li>\r\n<li style="border: 0px; list-style-type: none; font-size: 14px; height: 30px; line-height: 30px;">5、掌握Nginx、Squid、Varnish 、Memcached等互联网应用服务的配置与管理；</li>\r\n<li style="border: 0px; list-style-type: none; font-size: 14px; height: 30px; line-height: 30px;">6、熟悉MYSQL数据库的配置、维护、性能优化，了解开源的Key-Value数据库；</li>\r\n<li style="border: 0px; list-style-type: none; font-size: 14px; height: 30px; line-height: 30px;">7、具有较强的文档编写能力；</li>\r\n<li style="border: 0px; list-style-type: none; font-size: 14px; height: 30px; line-height: 30px;">8、对Web安全，Linux的系统安全，数据安全、网络安全有一定的经验；</li>\r\n<li style="border: 0px; list-style-type: none; font-size: 14px; height: 30px; line-height: 30px;">9、熟悉Linux操作系统，熟悉系统优化等。</li>\r\n</ul>\r\n</div>\r\n</div>\r\n</div>\r\n</div>', 1, 1, 1403633534, 0, 0, 0),
(20, '', '招商加盟', 38, 0, '', '<p>&nbsp;</p>\r\n<p>&nbsp;</p>', 255, 0, 1403633541, 0, 2, 0),
(21, '', '联系我们', 6, 0, '', '<p>E家客服/投诉电话：0373-3809044 &nbsp; 13462388108</p>\r\n<p>&nbsp; &nbsp; &nbsp; &nbsp; &nbsp; &nbsp; &nbsp; &nbsp; &nbsp; &nbsp; &nbsp; &nbsp; &nbsp; QQ：2635803939</p>\r\n<p>邮 &nbsp; &nbsp; 箱 &nbsp; &nbsp; &nbsp;地 &nbsp; &nbsp; 址：ehome168@163.cm</p>\r\n<p>地 &nbsp; &nbsp; &nbsp; &nbsp; &nbsp; &nbsp; &nbsp; &nbsp; &nbsp; &nbsp; &nbsp; &nbsp;址：新乡市金谷时代广场2614室</p>', 2, 1, 1403633549, 0, 0, 0),
(22, '', '会员注册', 13, 0, '', '<h2 style="font-family: Simsun; line-height: 16px;">如何注册E家建材商城用户：</h2>\r\n<p>&nbsp; &nbsp; &nbsp; &nbsp; &nbsp; &nbsp; &nbsp; &nbsp; &nbsp; 第一步：先输入网站rmall.net</p>\r\n<h2 style="font-family: Simsun; line-height: 16px;"><img src="http://rmall.net/data/files/mall/article/201408160936249286.jpg" alt="1.jpg" /></h2>\r\n<h2 style="font-family: Simsun; line-height: 16px;"><br /></h2>\r\n<h2 style="font-family: Simsun; line-height: 16px;"><br /></h2>\r\n<h2 style="font-family: Simsun; line-height: 16px;"><br /></h2>\r\n<h2 style="font-family: Simsun; line-height: 16px;"><br /></h2>\r\n<h2 style="font-family: Simsun; line-height: 16px;">第二步：填写相关信息</h2>\r\n<h2 style="font-family: Simsun; line-height: 16px;"><br /></h2>\r\n<h2 style="font-family: Simsun; line-height: 16px;"><img src="http://rmall.net/data/files/mall/article/201408160953568856.jpg" alt="2.jpg" /><br /></h2>\r\n<h2 style="font-family: Simsun; line-height: 16px;"><br /></h2>\r\n<h2 style="font-family: Simsun; line-height: 16px;">E家会员服务条款</h2>\r\n<p style="color: #333333; font-family: Simsun; font-size: 14px; line-height: 21px;" align="left"><span style="color: #000000; font-size: 12px; line-height: 16px;">欢迎阅读E家建材商城 服务条款协议(下称&ldquo;本协议&rdquo;)。本协议阐述之条款和条件适用于您使用E家建材商城（所涉域名为：rmall.net，下同），所提供的各种工具和服务(下称&ldquo;服务&rdquo;)。</span></p>\r\n<h3 style="font-family: Simsun; line-height: 16px;">1. 接受条款。</h3>\r\n<p style="color: #333333; font-family: Simsun; font-size: 14px; line-height: 21px;" align="left"><span style="color: #000000; font-size: 12px; line-height: 16px;">以任何方式进入E家建材商城即表示您同意自己已经与E家建材商城协议，且您将受本协议的条款和条件(&ldquo;条款&rdquo;) 约束。E家建材商城可随时自行全权决定更改&ldquo;条款&rdquo;。如&ldquo;条款&rdquo;有任何变更，E家建材商城将在其网站上刊载公告，通知予您。如您不同意相关变更，必须停止使用&ldquo;服务&rdquo;。经修订的&ldquo;条款&rdquo;一经在E家建材商城网站的公布后，立即自动生效。您应在第一次登录后仔细阅读修订后的&ldquo;条款&rdquo;，并有权选择停止继续使用&ldquo;服务&rdquo;；一旦您继续使用&ldquo;服务&rdquo;，则表示您已接受经修订的&ldquo;条款&rdquo;，当您与E家建材商城发生争议时，应以最新的服务协议为准。除另行明确声明外，任何使&ldquo;服务&rdquo;范围扩大或功能增强的新内容均受本协议约束。除非经E家建材商城的授权高层管理人员签订书面协议，本协议不得另行作出修订。</span></p>\r\n<h3 style="font-family: Simsun; line-height: 16px;">2、关于会员资格</h3>\r\n<p style="color: #333333; font-family: Simsun; font-size: 14px; line-height: 21px;" align="left"><span style="color: #000000; font-size: 12px; line-height: 16px;"> (1)凡承认E家建材商城注册条款的自然人均可成为本站会员。</span><br style="color: #000000; font-size: 12px; line-height: 16px;" /><span style="color: #000000; font-size: 12px; line-height: 16px;"> (2)每人只能注册一个本站帐号。</span><br style="color: #000000; font-size: 12px; line-height: 16px;" /><span style="color: #000000; font-size: 12px; line-height: 16px;"> (3)会员100天内未能登录E家建材商城，本站有权不加通知取消其帐号。</span><br style="color: #000000; font-size: 12px; line-height: 16px;" /><span style="color: #000000; font-size: 12px; line-height: 16px;"> (4)会员须提供详尽、准确的企业资料，且经常更新注册资料以符合会员实际情况。</span></p>\r\n<h3 style="font-family: Simsun; line-height: 16px;">3、会员使用服务时应遵守的重要条款：</h3>\r\n<ul style="font-family: Simsun; line-height: 16px;">\r\n<li>任何人注册成为E家建材商城会员必须接受网站规则，同时成为该网站会员，拥有E家建材商城会员所具有的权利，同时需承担本网站会员的义务。</li>\r\n<li>会员应当自觉遵守：爱国、守法、自律、真实、文明的原则；会员应当崇尚网上道德规范，遵守《全国人民代表大会常务委员会关于维护互联网安全的决定》以及中华人民共和国其他各项相关法律、法规。</li>\r\n<li>严禁发布任何含有违反国家法律、法规、危害国家安全、破坏民族团结及社会稳定内容的文章、言论，严禁发表任何包含种族、性别、宗教等歧视性内容，或者含有色情内容的文章、言论，不得对任何人进行侮辱、谩骂或其他任何形式的人身攻击。本站有权对会员的文章、言论进行审核，对违反上述禁止事项的文章、言论予以删除；情节严重者，本站将取消其注册用户资格。</li>\r\n<li>会员应当自行承担一切因自身行为而直接或者间接导致的民事或刑事法律责任。</li>\r\n<li>未经本站的授权或许可，任何会员不得借用本站的名义从事任何商业活动，也不得将本站作为从事商业活动的场所、平台或其他任何形式的媒介。禁止将本站用作从事各种非法活动的场所、平台或者其他任何形式的媒介。违反者若触犯法律，一切后果自负，本站不承担任何责任。</li>\r\n<li>本站将保留修改规则、删除不良言论及不定期清理版面的权力。</li>\r\n</ul>\r\n<h3 style="font-family: Simsun; line-height: 16px;">4、会员的帐号，密码和安全性</h3>\r\n<p style="color: #333333; font-family: Simsun; font-size: 14px; line-height: 21px;" align="left"><span style="color: #000000; font-size: 12px; line-height: 16px;"> 用户一旦注册成功，即成为E家建材商城的会员，将得到一个会员帐号和密码。 为提供个性化服务和更方便的操作，本站使用cookie技术来存储少量会员信息在会员自己的计算机上，因此接受cookie是成为本站会员的必要条件。会员不能含有蓄意毁坏、恶意干扰、秘密地截取或侵占任何系统、数据或企业资料的任何病毒、伪装破坏程序、电脑蠕虫、定时程序炸弹或其他电脑程序；不会直接或间接与下述各项货物或服务连接，或包含对下述各项货物或服务的描述：(i) 本协议项下禁止的货物或服务；或 (ii) 您无权连接或包含的货物或服务。此外，您同意不会： 在与任何连锁信件、大量胡乱邮寄的电子邮件、滥发电子邮件或任何复制或多余的信息有关的方面使用&ldquo;服务&rdquo;；(i) 未经其他人士同意，利用&ldquo;服务&rdquo;收集其他人士的电子邮件地址及其他资料；或 (j) 利用&ldquo;服务&rdquo;制作虚假的电子邮件地址，或以其他形式试图在发送人的身份或信息的来源方面误导其他人士。</span></p>\r\n<h3 style="font-family: Simsun; line-height: 16px;">5、用户隐私制度</h3>\r\n<p style="color: #333333; font-family: Simsun; font-size: 14px; line-height: 21px;" align="left"><span style="color: #000000; font-size: 12px; line-height: 16px;"> 尊重会员个人隐私是E家建材商城的一项基本政策。E家建材商城一定不会在未经会员授权时公开、编辑或透露其注册资料。本公司隐私声明的全部条款属于本协议的一部份，因此，您必须仔细阅读。请注意，您一旦自愿地在中国第一建材网交易地点披露&ldquo;您的资料&rdquo;，该等资料即可能被其他人士获取和使用。</span></p>\r\n<h3 style="font-family: Simsun; line-height: 16px;">6、会员有以下行为而导致帐户被取消，责任自负</h3>\r\n<p style="color: #333333; font-family: Simsun; font-size: 14px; line-height: 21px;" align="left"><span style="color: #000000; font-size: 12px; line-height: 16px;"> (1)存在严重危害网站或论坛行为的；</span><br style="color: #000000; font-size: 12px; line-height: 16px;" /><span style="color: #000000; font-size: 12px; line-height: 16px;"> (2)违反网站或论坛规则经劝告拒不改正的；</span><br style="color: #000000; font-size: 12px; line-height: 16px;" /><span style="color: #000000; font-size: 12px; line-height: 16px;"> (3)采用以下帐号名拒不及时修改的：</span><br style="color: #000000; font-size: 12px; line-height: 16px;" /><span style="color: #000000; font-size: 12px; line-height: 16px;"> a、党和国家领导人或其他名人的真实姓名、字号、艺名、笔名；</span><br style="color: #000000; font-size: 12px; line-height: 16px;" /><span style="color: #000000; font-size: 12px; line-height: 16px;"> b、国家机构或其他机构的名称；</span><br style="color: #000000; font-size: 12px; line-height: 16px;" /><span style="color: #000000; font-size: 12px; line-height: 16px;"> c、其他网友之名相近、相仿的名字；</span><br style="color: #000000; font-size: 12px; line-height: 16px;" /><span style="color: #000000; font-size: 12px; line-height: 16px;"> d、不文明、不健康的名字；</span><br style="color: #000000; font-size: 12px; line-height: 16px;" /><span style="color: #000000; font-size: 12px; line-height: 16px;"> e、易产生歧义、引起他人误解的名字；</span><br style="color: #000000; font-size: 12px; line-height: 16px;" /><span style="color: #000000; font-size: 12px; line-height: 16px;"> f、图形、符号名字。</span><br style="color: #000000; font-size: 12px; line-height: 16px;" /><span style="color: #000000; font-size: 12px; line-height: 16px;"> (4)头像或签名内容存在非法或健康内容，篇幅或图片过大拒不及时修改的。</span><br style="color: #000000; font-size: 12px; line-height: 16px;" /><span style="color: #000000; font-size: 12px; line-height: 16px;"> (5)违反中国的法律、法规。</span><br style="color: #000000; font-size: 12px; line-height: 16px;" /><span style="color: #000000; font-size: 12px; line-height: 16px;"> (6)</span><span style="font-size: 12px; line-height: 16px; color: #ff0000;">同一公司重复注册帐号，重复发布信息</span><br style="color: #000000; font-size: 12px; line-height: 16px;" /></p>\r\n<h3 style="font-family: Simsun; line-height: 16px;">7．知识产权与版权的声明</h3>\r\n<p style="color: #333333; font-family: Simsun; font-size: 14px; line-height: 21px;" align="left"><span style="color: #000000; font-size: 12px; line-height: 16px;"> (1)会员在本站所发表的言论仅代表用户个人观点，不代表本站立场。</span><br style="color: #000000; font-size: 12px; line-height: 16px;" /><span style="color: #000000; font-size: 12px; line-height: 16px;"> (2)会员在本站所发表的合法言论版权归作者所有，发表者须同意本站在站内免费转载、引用或者采取任何合法形式进行使用，他人转贴自行与作者联系，并须注明出处。</span><br style="color: #000000; font-size: 12px; line-height: 16px;" /><span style="color: #000000; font-size: 12px; line-height: 16px;"> (3)E家建材商城中所有内容均受著作权法、版权法及其它相关法律的保护。任何人不能擅自复制、仿造这些内容。</span><br style="color: #000000; font-size: 12px; line-height: 16px;" /><span style="color: #000000; font-size: 12px; line-height: 16px;"> (4)E家建材商城提供的内容仅供会员个人使用，不得用于其它目的。</span><br style="color: #000000; font-size: 12px; line-height: 16px;" /></p>\r\n<h3 style="font-family: Simsun; line-height: 16px;">8. 责任范围</h3>\r\n<p style="color: #333333; font-family: Simsun; font-size: 14px; line-height: 21px;" align="left"><span style="color: #000000; font-size: 12px; line-height: 16px;">您明确理解和同意，E家建材商城不对因下述任一情况而发生的任何损害赔偿承担责任，包括但不限于利润、商誉、使用、数据等方面的损失或其他无形损失的损害赔偿 (无论第一建材网是否已被告知该等损害赔偿的可能性)：</span><br style="color: #000000; font-size: 12px; line-height: 16px;" /><span style="color: #000000; font-size: 12px; line-height: 16px;">(i) 使用或未能使第一建材网；</span><br style="color: #000000; font-size: 12px; line-height: 16px;" /><span style="color: #000000; font-size: 12px; line-height: 16px;">(ii) 因通过或从&ldquo;服务&rdquo;购买或获取任何货物、样品、数据、资料或服务，或通过或从&ldquo;服务&rdquo;接收任何信息或缔结任何交易所产生的获取替代货物和服务的费用；</span><br style="color: #000000; font-size: 12px; line-height: 16px;" /><span style="color: #000000; font-size: 12px; line-height: 16px;">(iii) 未经批准接入或更改您的传输资料或数据；</span><br style="color: #000000; font-size: 12px; line-height: 16px;" /><span style="color: #000000; font-size: 12px; line-height: 16px;">(iv) 任何第三者对&ldquo;服务&rdquo;的声明或关于&ldquo;服务&rdquo;的行为；或 (v) 因任何原因而引起的与&ldquo;服务&rdquo;有关的任何其他事宜，包括疏忽。&nbsp;</span><br style="color: #000000; font-size: 12px; line-height: 16px;" /></p>\r\n<h3 style="font-family: Simsun; line-height: 16px;">9．法律声明及其它</h3>\r\n<p style="color: #333333; font-family: Simsun; font-size: 14px; line-height: 21px;" align="left"><span style="color: #000000; font-size: 12px; line-height: 16px;"> (1)本服务条款受约于中华人民共和国国家法律，会员和中国第一建材网须一致同意服从中华人民共和国法院管辖。如发生中国第一建材网注册条款与中华人民共和国法律相抵触时，则这些条款将完全按法律规定重新解释，而其它条款则依旧保持对会员产生法律效力和影响。</span><br style="color: #000000; font-size: 12px; line-height: 16px;" /><span style="color: #000000; font-size: 12px; line-height: 16px;"> (2)中国第一建材网中的帮助信息、栏目的相关介绍及注意事项为本条款的附件，作为解释本条款的具体依据。</span><br style="color: #000000; font-size: 12px; line-height: 16px;" /><span style="color: #000000; font-size: 12px; line-height: 16px;"> (3)本条款解释权归E家建材商城及其所有者。</span></p>', 2, 1, 1403633559, 0, 0, 0),
(23, '', '会员级别', 38, 0, '', '', 4, 0, 1403633566, 0, 0, 0);
INSERT INTO `ecm_article` (`article_id`, `code`, `title`, `cate_id`, `store_id`, `link`, `content`, `sort_order`, `if_show`, `add_time`, `gcate_id_1`, `gcate_id_2`, `gcate_id_3`) VALUES
(24, '', '购物须知', 13, 0, '', '<p class="MsoNormal" style="margin: 0cm 0cm 0pt; line-height: 16.5pt;" align="left"><strong><span style="color: #333333; margin-left: 10px; font-family: 宋体; font-size: 9pt;">购物流程图：</span></strong></p>\r\n<p class="MsoNormal" style="margin: 0cm 0cm 0pt; line-height: 16.5pt;" align="left"><span style="color: white; margin-left: 10px; font-family: 宋体; background-color: #ed1c24; font-size: 9pt; background-position: initial initial; background-repeat: initial initial;">注册和登录</span><span style="color: #333333; margin-left: 10px; font-family: Arial, sans-serif; font-size: 9pt;" lang="EN-US">&nbsp;<span style="margin-left: 10px; font-family: 宋体; font-size: 9pt;"><img src="http://www.yug365.com/data/files/mall/article/201307261641126400.jpg" alt="4.jpg" width="21" height="12" /></span></span><span style="color: white; margin-left: 10px; font-family: 宋体; background-color: #ed1c24; font-size: 9pt; background-position: initial initial; background-repeat: initial initial;">挑选商品</span><span style="color: #333333; margin-left: 10px; font-family: Arial, sans-serif; font-size: 9pt;" lang="EN-US"><span style="margin-left: 10px; font-family: 宋体; font-size: 9pt;"><img src="http://www.yug365.com/data/files/mall/article/201307261641126400.jpg" alt="4.jpg" width="24" height="13" /></span></span><span style="color: white; margin-left: 10px; font-family: 宋体; background-color: #ed1c24; font-size: 9pt; background-position: initial initial; background-repeat: initial initial;">加入购物车</span><span style="color: #333333; margin-left: 10px; font-family: Arial, sans-serif; font-size: 9pt;" lang="EN-US"><span style="margin-left: 10px; font-family: 宋体; font-size: 9pt;"><img src="http://www.yug365.com/data/files/mall/article/201307261641126400.jpg" alt="4.jpg" width="25" height="13" /></span></span><span style="color: white; margin-left: 10px; font-family: 宋体; background-color: #ed1c24; font-size: 9pt; background-position: initial initial; background-repeat: initial initial;">确认下单</span><span style="color: #333333; margin-left: 10px; font-family: Arial, sans-serif; font-size: 9pt;" lang="EN-US"><span style="margin-left: 10px; font-family: 宋体; font-size: 9pt;"><img src="http://www.yug365.com/data/files/mall/article/201307261641126400.jpg" alt="4.jpg" width="23" height="12" /></span></span><span style="color: white; margin-left: 10px; font-family: 宋体; background-color: #ed1c24; font-size: 9pt; background-position: initial initial; background-repeat: initial initial;">收货与评价</span></p>\r\n<p class="MsoNormal" style="margin: 0cm 0cm 0pt; line-height: 16.5pt;" align="left"><strong><span style="color: #333333; margin-left: 10px; font-family: 宋体; font-size: 9pt;">一、搜索商品</span></strong><span style="color: #333333; margin-left: 10px; font-family: Arial, sans-serif; font-size: 9pt;" lang="EN-US"><br /></span><span style="color: #333333; margin-left: 10px; font-family: 宋体; font-size: 9pt;">愉购为您提供了方便快捷的商品搜索功能：</span><span style="color: #333333; margin-left: 10px; font-family: Arial, sans-serif; font-size: 9pt;" lang="EN-US"><br /></span><span style="color: #333333; margin-left: 10px; font-family: 宋体; font-size: 9pt;">（</span><span style="color: #333333; margin-left: 10px; font-family: Arial, sans-serif; font-size: 9pt;" lang="EN-US">1</span><span style="color: #333333; margin-left: 10px; font-family: 宋体; font-size: 9pt;">）您可以通过在网页头部输入商品关键字</span><span style="color: #333333; margin-left: 10px; font-family: Arial, sans-serif; font-size: 9pt;" lang="EN-US">\\</span><span style="color: #333333; margin-left: 10px; font-family: 宋体; font-size: 9pt;">品牌关键字</span><span style="color: #333333; margin-left: 10px; font-family: Arial, sans-serif; font-size: 9pt;" lang="EN-US">\\</span><span style="color: #333333; margin-left: 10px; font-family: 宋体; font-size: 9pt;">商家关键字的方法来搜索您想要购买的商品；</span><span style="color: #333333; margin-left: 10px; font-family: Arial, sans-serif; font-size: 9pt;" lang="EN-US"><br /></span><span style="color: #333333; margin-left: 10px; font-family: 宋体; font-size: 9pt;">（</span><span style="color: #333333; margin-left: 10px; font-family: Arial, sans-serif; font-size: 9pt;" lang="EN-US">2</span><span style="color: #333333; margin-left: 10px; font-family: 宋体; font-size: 9pt;">）您还可以通过分类导航栏来找到您想要购买的商品分类，根据分类找到您的商品；</span><span style="color: #333333; margin-left: 10px; font-family: Arial, sans-serif; font-size: 9pt;" lang="EN-US">&nbsp;</span></p>\r\n<p class="MsoNormal" style="margin: 0cm 0cm 0pt; line-height: 16.5pt;" align="left"><strong><span style="color: #333333; margin-left: 10px; font-family: 宋体; font-size: 9pt;">二、放入购物车</span></strong><span style="color: #333333; margin-left: 10px; font-family: Arial, sans-serif; font-size: 9pt;" lang="EN-US"><br /></span><span style="color: #333333; margin-left: 10px; font-family: 宋体; font-size: 9pt;">在您想要购买的商品的详情页点击</span><span style="color: #333333; margin-left: 10px; font-family: Arial, sans-serif; font-size: 9pt;" lang="EN-US">"</span><span style="color: #333333; margin-left: 10px; font-family: 宋体; font-size: 9pt;">购买</span><span style="color: #333333; margin-left: 10px; font-family: Arial, sans-serif; font-size: 9pt;" lang="EN-US">"</span><span style="color: #333333; margin-left: 10px; font-family: 宋体; font-size: 9pt;">，商品会添加到您的购物车中；</span><span style="color: #333333; margin-left: 10px; font-family: Arial, sans-serif; font-size: 9pt;" lang="EN-US"><br /></span><span style="color: #333333; margin-left: 10px; font-family: 宋体; font-size: 9pt;">您还可以继续挑选商品放入购物车，一起结算。</span><span style="color: #333333; margin-left: 10px; font-family: Arial, sans-serif; font-size: 9pt;" lang="EN-US"><br /></span><span style="color: #333333; margin-left: 10px; font-family: 宋体; font-size: 9pt;">（</span><span style="color: #333333; margin-left: 10px; font-family: Arial, sans-serif; font-size: 9pt;" lang="EN-US">1</span><span style="color: #333333; margin-left: 10px; font-family: 宋体; font-size: 9pt;">）在购物车中，系统默认每件商品的订购数量为一件，如果您想购买多件商品，可修改购买数量；</span><span style="color: #333333; margin-left: 10px; font-family: Arial, sans-serif; font-size: 9pt;" lang="EN-US"><br /></span><span style="color: #333333; margin-left: 10px; font-family: 宋体; font-size: 9pt;">（</span><span style="color: #333333; margin-left: 10px; font-family: Arial, sans-serif; font-size: 9pt;" lang="EN-US">2</span><span style="color: #333333; margin-left: 10px; font-family: 宋体; font-size: 9pt;">）在购物车中，您可以将商品</span><span style="color: #ed1c24; margin-left: 10px; font-family: 宋体; font-size: 9pt;">收藏</span><span style="color: #333333; margin-left: 10px; font-family: 宋体; font-size: 9pt;">，或是选择删除；</span><span style="color: #333333; margin-left: 10px; font-family: Arial, sans-serif; font-size: 9pt;" lang="EN-US"><br /></span><span style="color: #333333; margin-left: 10px; font-family: 宋体; font-size: 9pt;">（</span><span style="color: #333333; margin-left: 10px; font-family: Arial, sans-serif; font-size: 9pt;" lang="EN-US">3</span><span style="color: #333333; margin-left: 10px; font-family: 宋体; font-size: 9pt;">）在购物车中，您可以直接查看到商品的优惠折和参加促销活动的商品名称、促销主题；</span><span style="color: #333333; margin-left: 10px; font-family: Arial, sans-serif; font-size: 9pt;" lang="EN-US"><br /></span><span style="color: #333333; margin-left: 10px; font-family: 宋体; font-size: 9pt;">（</span><span style="color: #333333; margin-left: 10px; font-family: Arial, sans-serif; font-size: 9pt;" lang="EN-US">4</span><span style="color: #333333; margin-left: 10px; font-family: 宋体; font-size: 9pt;">）购物车页面下方的商品是愉购根据您挑选的商品为您作出的推荐，若有您喜爱的商品，点击</span><span style="color: #333333; margin-left: 10px; font-family: Arial, sans-serif; font-size: 9pt;" lang="EN-US">"</span><span style="color: #333333; margin-left: 10px; font-family: 宋体; font-size: 9pt;">放入购物车</span><span style="color: #333333; margin-left: 10px; font-family: Arial, sans-serif; font-size: 9pt;" lang="EN-US">"</span><span style="color: #333333; margin-left: 10px; font-family: 宋体; font-size: 9pt;">即可；</span><span style="color: #333333; margin-left: 10px; font-family: Arial, sans-serif; font-size: 9pt;" lang="EN-US"><br /></span><span style="color: #ed1c24; margin-left: 10px; font-family: 宋体; font-size: 9pt;">温馨提示：</span><span style="color: #333333; margin-left: 10px; font-family: Arial, sans-serif; font-size: 9pt;" lang="EN-US"><br /></span><span style="color: #333333; margin-left: 10px; font-family: 宋体; font-size: 9pt;">（</span><span style="color: #333333; margin-left: 10px; font-family: Arial, sans-serif; font-size: 9pt;" lang="EN-US">1</span><span style="color: #333333; margin-left: 10px; font-family: 宋体; font-size: 9pt;">）商品价格会不定期调整，最终价格以您提交订单后订单中的价格为准</span><span style="color: #333333; margin-left: 10px; font-family: Arial, sans-serif; font-size: 9pt;" lang="EN-US"><br /></span><span style="color: #333333; margin-left: 10px; font-family: 宋体; font-size: 9pt;">（</span><span style="color: #333333; margin-left: 10px; font-family: Arial, sans-serif; font-size: 9pt;" lang="EN-US">2</span><span style="color: #333333; margin-left: 10px; font-family: 宋体; font-size: 9pt;">）优惠政策、配送时间、运费收取标准等都有可能进行调整，最终成交信息以您提交订单时网站公布的最新信息为准；</span></p>\r\n<p class="MsoNormal" style="margin: 0cm 0cm 0pt; line-height: 16.5pt;" align="left"><strong><span style="color: #333333; margin-left: 10px; font-family: 宋体; font-size: 9pt;">三、注册登陆</span></strong><span style="color: #333333; margin-left: 10px; font-family: Arial, sans-serif; font-size: 9pt;" lang="EN-US"><br /></span><span style="color: #333333; margin-left: 10px; font-family: 宋体; font-size: 9pt;">（</span><span style="color: #333333; margin-left: 10px; font-family: Arial, sans-serif; font-size: 9pt;" lang="EN-US">1</span><span style="color: #333333; margin-left: 10px; font-family: 宋体; font-size: 9pt;">）老顾客：请在</span><span style="color: #333333; margin-left: 10px; font-family: Arial, sans-serif; font-size: 9pt;" lang="EN-US">"</span><span style="color: #ed1c24; margin-left: 10px; font-family: 宋体; font-size: 9pt;">登陆</span><span style="color: #333333; margin-left: 10px; font-family: Arial, sans-serif; font-size: 9pt;" lang="EN-US">&nbsp;"</span><span style="color: #333333; margin-left: 10px; font-family: 宋体; font-size: 9pt;">页面输入注册账号、注册密码进行登陆</span><span style="color: #333333; margin-left: 10px; font-family: Arial, sans-serif; font-size: 9pt;" lang="EN-US"><br /></span><span style="color: #333333; margin-left: 10px; font-family: 宋体; font-size: 9pt;">（</span><span style="color: #333333; margin-left: 10px; font-family: Arial, sans-serif; font-size: 9pt;" lang="EN-US">2</span><span style="color: #333333; margin-left: 10px; font-family: 宋体; font-size: 9pt;">）新顾客：请在</span><span style="color: #333333; margin-left: 10px; font-family: Arial, sans-serif; font-size: 9pt;" lang="EN-US">"</span><span style="color: #ed1c24; margin-left: 10px; font-family: 宋体; font-size: 9pt;">注册</span><span style="color: #333333; margin-left: 10px; font-family: Arial, sans-serif; font-size: 9pt;" lang="EN-US">&nbsp;"</span><span style="color: #333333; margin-left: 10px; font-family: 宋体; font-size: 9pt;">页面按照提示完成注册</span></p>\r\n<p class="MsoNormal" style="margin: 0cm 0cm 0pt; line-height: 16.5pt;" align="left"><strong><span style="color: #333333; margin-left: 10px; font-family: 宋体; font-size: 9pt;">四、填写收货人信息</span></strong><span style="color: #333333; margin-left: 10px; font-family: Arial, sans-serif; font-size: 9pt;" lang="EN-US"><br /></span><span style="color: #333333; margin-left: 10px; font-family: 宋体; font-size: 9pt;">（</span><span style="color: #333333; margin-left: 10px; font-family: Arial, sans-serif; font-size: 9pt;" lang="EN-US">1</span><span style="color: #333333; margin-left: 10px; font-family: 宋体; font-size: 9pt;">）请填写正确完整的收货人姓名、收货人联系方式、详细的收货地址和邮编，否则将会影响您订单的处理或配送；</span><span style="color: #333333; margin-left: 10px; font-family: Arial, sans-serif; font-size: 9pt;" lang="EN-US"><br /></span><span style="color: #333333; margin-left: 10px; font-family: 宋体; font-size: 9pt;">（</span><span style="color: #333333; margin-left: 10px; font-family: Arial, sans-serif; font-size: 9pt;" lang="EN-US">2</span><span style="color: #333333; margin-left: 10px; font-family: 宋体; font-size: 9pt;">）您可以进入</span><span style="color: #333333; margin-left: 10px; font-family: Arial, sans-serif; font-size: 9pt;" lang="EN-US">"</span><span style="color: #ed1c24; margin-left: 10px; font-family: 宋体; font-size: 9pt;">会员中心</span><span style="color: #ed1c24; margin-left: 10px; font-family: Arial, sans-serif; font-size: 9pt;" lang="EN-US">&mdash;</span><span style="color: #ed1c24; margin-left: 10px; font-family: 宋体; font-size: 9pt;">我的信息</span><span style="color: #ed1c24; margin-left: 10px; font-family: Arial, sans-serif; font-size: 9pt;" lang="EN-US">&mdash;</span><span style="color: #ed1c24; margin-left: 10px; font-family: 宋体; font-size: 9pt;">收货地址</span><span style="color: #333333; margin-left: 10px; font-family: Arial, sans-serif; font-size: 9pt;" lang="EN-US">"</span><span style="color: #333333; margin-left: 10px; font-family: 宋体; font-size: 9pt;">编辑常用收货地址，保存成功后，再订购时，可以直接选择使用；</span></p>\r\n<p class="MsoNormal" style="margin: 0cm 0cm 0pt; line-height: 16.5pt;" align="left"><strong><span style="color: #333333; margin-left: 10px; font-family: 宋体; font-size: 9pt;">五、选择支付方式</span></strong><span style="color: #333333; margin-left: 10px; font-family: Arial, sans-serif; font-size: 9pt;" lang="EN-US"><br /></span><span style="color: #333333; margin-left: 10px; font-family: 宋体; font-size: 9pt;">愉购提供多种支付方式，订购过程中您可以选择：</span><span style="color: #333333; margin-left: 10px; font-family: Arial, sans-serif; font-size: 9pt;" lang="EN-US"><br /></span><span style="color: #333333; margin-left: 10px; font-family: 宋体; font-size: 9pt;">（</span><span style="color: #333333; margin-left: 10px; font-family: Arial, sans-serif; font-size: 9pt;" lang="EN-US">1</span><span style="color: #333333; margin-left: 10px; font-family: 宋体; font-size: 9pt;">）</span><span style="color: #333333; margin-left: 10px; font-family: Arial, sans-serif; font-size: 9pt;">&nbsp;</span><span style="color: #333333; margin-left: 10px; font-family: 宋体; font-size: 9pt;">货到付款</span><span style="color: #333333; margin-left: 10px; font-family: Arial, sans-serif; font-size: 9pt;" lang="EN-US">-</span><span style="color: #333333; margin-left: 10px; font-family: 宋体; font-size: 9pt;">现金支付</span><span style="color: #333333; margin-left: 10px; font-family: Arial, sans-serif; font-size: 9pt;" lang="EN-US"><br /></span><span style="color: #333333; margin-left: 10px; font-family: 宋体; font-size: 9pt;">（</span><span style="color: #333333; margin-left: 10px; font-family: Arial, sans-serif; font-size: 9pt;" lang="EN-US">2</span><span style="color: #333333; margin-left: 10px; font-family: 宋体; font-size: 9pt;">）</span><span style="color: #333333; margin-left: 10px; font-family: Arial, sans-serif; font-size: 9pt;">&nbsp;</span><span style="color: #333333; margin-left: 10px; font-family: 宋体; font-size: 9pt;">货到付款</span><span style="color: #333333; margin-left: 10px; font-family: Arial, sans-serif; font-size: 9pt;" lang="EN-US">-</span><span style="color: #333333; margin-left: 10px; font-family: 宋体; font-size: 9pt;">刷卡支付</span><span style="color: #333333; margin-left: 10px; font-family: Arial, sans-serif; font-size: 9pt;" lang="EN-US"><br /></span><span style="color: #333333; margin-left: 10px; font-family: 宋体; font-size: 9pt;">（</span><span style="color: #333333; margin-left: 10px; font-family: Arial, sans-serif; font-size: 9pt;" lang="EN-US">3</span><span style="color: #333333; margin-left: 10px; font-family: 宋体; font-size: 9pt;">）</span><span style="color: #333333; margin-left: 10px; font-family: Arial, sans-serif; font-size: 9pt;">&nbsp;</span><span style="color: #333333; margin-left: 10px; font-family: 宋体; font-size: 9pt;">支付宝支付</span></p>\r\n<p class="MsoNormal" style="margin: 0cm 0cm 0pt; line-height: 16.5pt;" align="left"><strong><span style="color: #333333; margin-left: 10px; font-family: 宋体; font-size: 9pt;">七、提交订单</span></strong><span style="color: #333333; margin-left: 10px; font-family: Arial, sans-serif; font-size: 9pt;" lang="EN-US"><br /></span><span style="color: #333333; margin-left: 10px; font-family: 宋体; font-size: 9pt;">（</span><span style="color: #333333; margin-left: 10px; font-family: Arial, sans-serif; font-size: 9pt;" lang="EN-US">1</span><span style="color: #333333; margin-left: 10px; font-family: 宋体; font-size: 9pt;">）以上信息核实无误后，请点击</span><span style="color: #333333; margin-left: 10px; font-family: Arial, sans-serif; font-size: 9pt;" lang="EN-US">"</span><span style="color: #333333; margin-left: 10px; font-family: 宋体; font-size: 9pt;">提交订单</span><span style="color: #333333; margin-left: 10px; font-family: Arial, sans-serif; font-size: 9pt;" lang="EN-US">"</span><span style="color: #333333; margin-left: 10px; font-family: 宋体; font-size: 9pt;">，系统生成一个订单号，就说明您已经成功提交订单</span><span style="color: #333333; margin-left: 10px; font-family: Arial, sans-serif; font-size: 9pt;" lang="EN-US"><br /></span><span style="color: #333333; margin-left: 10px; font-family: 宋体; font-size: 9pt;">（</span><span style="color: #333333; margin-left: 10px; font-family: Arial, sans-serif; font-size: 9pt;" lang="EN-US">2</span><span style="color: #333333; margin-left: 10px; font-family: 宋体; font-size: 9pt;">）如果是生活频道商品，订单支付成功后，您填写的手机号将会收到一串消费码</span><span style="color: #333333; margin-left: 10px; font-family: Arial, sans-serif; font-size: 9pt;" lang="EN-US"><br /></span><span style="color: #333333; margin-left: 10px; font-family: 宋体; font-size: 9pt;">（</span><span style="color: #333333; margin-left: 10px; font-family: Arial, sans-serif; font-size: 9pt;" lang="EN-US">3</span><span style="color: #333333; margin-left: 10px; font-family: 宋体; font-size: 9pt;">）订单提交成功后，您可以登陆</span><span style="color: #333333; margin-left: 10px; font-family: Arial, sans-serif; font-size: 9pt;" lang="EN-US">"</span><span style="color: #ed1c24; margin-left: 10px; font-family: 宋体; font-size: 9pt;">会员中心</span><span style="color: #333333; margin-left: 10px; font-family: Arial, sans-serif; font-size: 9pt;" lang="EN-US">"</span><span style="color: #333333; margin-left: 10px; font-family: 宋体; font-size: 9pt;">查看订单信息或为订单进行</span><span style="color: #ed1c24; margin-left: 10px; font-family: 宋体; font-size: 9pt;">网上支付</span></p>\r\n<p class="MsoNormal" style="margin: 0cm 0cm 0pt; line-height: 16.5pt;" align="left"><strong><span style="color: #333333; margin-left: 10px; font-family: 宋体; font-size: 9pt;">八、优惠券使用</span></strong><span style="color: #333333; margin-left: 10px; font-family: Arial, sans-serif; font-size: 9pt;" lang="EN-US"><br /></span><span style="color: #333333; margin-left: 10px; font-family: 宋体; font-size: 9pt;">若您帐户中有现金券</span><span style="color: #333333; margin-left: 10px; font-family: Arial, sans-serif; font-size: 9pt;" lang="EN-US">/</span><span style="color: #333333; margin-left: 10px; font-family: 宋体; font-size: 9pt;">优惠券，可以在</span><span style="color: #333333; margin-left: 10px; font-family: Arial, sans-serif; font-size: 9pt;" lang="EN-US">"</span><span style="color: #333333; margin-left: 10px; font-family: 宋体; font-size: 9pt;">填写核对信息</span><span style="color: #333333; margin-left: 10px; font-family: Arial, sans-serif; font-size: 9pt;" lang="EN-US">"</span><span style="color: #333333; margin-left: 10px; font-family: 宋体; font-size: 9pt;">处选择</span><span style="color: #333333; margin-left: 10px; font-family: Arial, sans-serif; font-size: 9pt;" lang="EN-US">"</span><span style="color: #333333; margin-left: 10px; font-family: 宋体; font-size: 9pt;">使用优惠券</span><span style="color: #333333; margin-left: 10px; font-family: Arial, sans-serif; font-size: 9pt;" lang="EN-US">"</span></p>', 1, 1, 1403633574, 0, 0, 0),
(26, '', '订购家具流程', 38, 0, '', '', 255, 0, 1403633587, 0, 0, 0),
(27, '', '新手入门', 13, 0, '', '', 0, 1, 1403633594, 0, 0, 0),
(28, '', '收货指南', 38, 0, '', '', 255, 1, 1403633603, 0, 0, 0),
(29, '', '体验馆服务费', 38, 0, '', '', 255, 1, 1403633609, 0, 0, 0),
(30, '', '物流配送', 38, 0, '', '', 255, 1, 1403633616, 0, 0, 0),
(31, '', '限时达服务', 38, 0, '', '', 255, 1, 1403633622, 0, 0, 0),
(32, '', '45天无理由退换货', 38, 0, '', '', 255, 1, 1403633631, 0, 0, 0),
(33, '', '如何申请退款', 38, 0, '', '', 255, 1, 1403633637, 0, 0, 0),
(34, '', '维修补件说明', 38, 0, '', '', 255, 1, 1403633643, 0, 0, 0),
(35, '', '广告位分类', 25, 0, '', '<p><img src="http://rmall.net/data/files/mall/article/201408161015588275.jpg" alt="3.jpg" /></p>', 255, 1, 1403633649, 0, 0, 0);
INSERT INTO `ecm_article` (`article_id`, `code`, `title`, `cate_id`, `store_id`, `link`, `content`, `sort_order`, `if_show`, `add_time`, `gcate_id_1`, `gcate_id_2`, `gcate_id_3`) VALUES
(36, '', '商家入驻条款', 25, 0, '', '<p class="p0" style="margin-bottom: 0pt; margin-top: 0pt; text-autospace: ideograph-other; text-align: justify; line-height: 16.0000pt;"><span style="mso-spacerun: ''yes''; font-weight: bold; font-size: 16.0000pt; font-family: ''迷你简小标宋'';">E家建材商城入驻条款</span></p>\r\n<p class="p0" style="margin-bottom: 0pt; margin-top: 0pt; text-autospace: ideograph-other; text-align: justify; line-height: 16.0000pt;"><span style="mso-spacerun: ''yes''; font-size: 10.5000pt; font-family: ''宋体'';">&nbsp;</span></p>\r\n<p class="p0" style="margin-bottom: 0pt; margin-top: 0pt; text-autospace: ideograph-other; text-align: justify; line-height: 16.0000pt;"><span style="mso-spacerun: ''yes''; font-weight: bold; font-size: 10.5000pt; font-family: ''宋体'';">1.&nbsp;<span style="font-family: 宋体;">定义解释</span></span><span style="mso-spacerun: ''yes''; font-size: 10.5000pt; font-family: ''宋体'';">&nbsp;&nbsp;</span></p>\r\n<p class="p0" style="margin-bottom: 0pt; margin-top: 0pt; text-autospace: ideograph-other; text-align: justify; line-height: 16.0000pt;"><span style="mso-spacerun: ''yes''; font-size: 10.5000pt; font-family: ''宋体'';">1.1&nbsp;<span style="font-family: 宋体;">在本协议中，除非另有明确规定，否则下列词语应具有如下含义：&nbsp;&nbsp;</span></span></p>\r\n<p class="p0" style="margin-bottom: 0pt; margin-top: 0pt; text-autospace: ideograph-other; text-align: justify; line-height: 16.0000pt;"><span style="mso-spacerun: ''yes''; font-size: 10.5000pt; font-family: ''宋体'';"> <span style="font-family: ''Times New Roman'';">(a)E</span><span style="font-family: 宋体;">家建材商城</span></span><span style="mso-spacerun: ''yes''; font-size: 10.5000pt; font-family: ''宋体'';">rmall.net</span><span style="mso-spacerun: ''yes''; font-size: 10.5000pt; font-family: ''宋体'';">：指甲方开发的网上购物交易技术服务平台，是甲方网站中一个重要栏目。&nbsp;</span></p>\r\n<p class="p0" style="margin-bottom: 0pt; margin-top: 0pt; text-autospace: ideograph-other; text-align: justify; line-height: 16.0000pt;"><span style="mso-spacerun: ''yes''; font-size: 10.5000pt; font-family: ''宋体'';"> <span style="font-family: ''Times New Roman'';">(b)</span><span style="font-family: 宋体;">买家：指在</span><span style="font-family: ''Times New Roman'';">E</span><span style="font-family: 宋体;">家建材商城向乙方购买商品或服务的用户。&nbsp;</span></span></p>\r\n<p class="p0" style="margin-bottom: 0pt; margin-top: 0pt; text-autospace: ideograph-other; text-align: justify; line-height: 16.0000pt;"><span style="mso-spacerun: ''yes''; font-size: 10.5000pt; font-family: ''宋体'';"> <span style="font-family: ''Times New Roman'';">(c)</span><span style="font-family: 宋体;">技术服务费：甲方根据确认交易收取的技术服务费用，此费用不包括网上支付涉及的银行交易手续费，也不涉及配送费用。&nbsp;&nbsp;&nbsp;</span></span></p>\r\n<p class="p0" style="margin-bottom: 0pt; margin-top: 0pt; text-autospace: ideograph-other; text-align: justify; line-height: 16.0000pt;"><span style="mso-spacerun: ''yes''; font-size: 10.5000pt; font-family: ''宋体'';"> <span style="font-family: ''Times New Roman'';">(d)</span><span style="font-family: 宋体;">网上货款：指买家使用网上支付系统购买乙方销售之商品所产生的货款。&nbsp;&nbsp;&nbsp;&nbsp;</span></span></p>\r\n<p class="p0" style="margin-bottom: 0pt; margin-top: 0pt; text-autospace: ideograph-other; text-align: justify; line-height: 16.0000pt;"><span style="mso-spacerun: ''yes''; font-size: 10.5000pt; font-family: ''宋体'';"> <span style="font-family: ''Times New Roman'';">(e)</span><span style="font-family: 宋体;">确认交易：指买家在</span></span><span style="mso-spacerun: ''yes''; font-size: 10.5000pt; font-family: ''宋体'';">E</span><span style="letter-spacing: 0pt; font-size: 10.5pt; font-family: 宋体; background-position: initial initial; background-repeat: initial initial;">家建材商城</span><span style="mso-spacerun: ''yes''; font-size: 10.5000pt; font-family: ''宋体'';">向乙方购买商品，并通过</span><span style="mso-spacerun: ''yes''; font-size: 10.5000pt; font-family: ''宋体'';">E</span><span style="letter-spacing: 0pt; font-size: 10.5pt; font-family: 宋体; background-position: initial initial; background-repeat: initial initial;">家建材商城</span><span style="mso-spacerun: ''yes''; font-size: 10.5000pt; font-family: ''宋体'';">提供之后台系统确认收货的交易。&nbsp;&nbsp;&nbsp;</span></p>\r\n<p class="p0" style="margin-bottom: 0pt; margin-top: 0pt; text-autospace: ideograph-other; text-align: justify; line-height: 16.0000pt;"><span style="mso-spacerun: ''yes''; font-size: 10.5000pt; font-family: ''宋体'';"> <span style="font-family: ''Times New Roman'';">(f)</span><span style="font-family: 宋体;">&ldquo;甲方关联企业&rdquo;指控制甲方或被甲方所控制的、或与甲方共同受控制于同一实体的任何企业。控制是指直接或间接拥有该企业百分之五十（</span><span style="font-family: ''Times New Roman'';">50</span><span style="font-family: 宋体;">％）以上的股权、投票权或管理权。&nbsp;</span></span></p>\r\n<p class="p0" style="margin-bottom: 0pt; margin-top: 0pt; text-autospace: ideograph-other; text-align: justify; line-height: 16.0000pt;"><span style="mso-spacerun: ''yes''; font-size: 10.5000pt; font-family: ''宋体'';">1.2&nbsp;<span style="font-family: 宋体;">本协议中的标题仅为方便阅读而设，不应影响本协议任何条款的解释。&nbsp;&nbsp;&nbsp;</span></span></p>\r\n<p class="p0" style="margin-bottom: 0pt; margin-top: 0pt; text-autospace: ideograph-other; text-align: justify; line-height: 16.0000pt;"><span style="mso-spacerun: ''yes''; font-size: 10.5000pt; font-family: ''宋体'';">&nbsp;</span></p>\r\n<p class="p0" style="margin-bottom: 0pt; margin-top: 0pt; text-autospace: ideograph-other; text-align: justify; line-height: 16.0000pt;"><span style="mso-spacerun: ''yes''; font-weight: bold; font-size: 10.5000pt; font-family: ''宋体'';">2.&nbsp;<span style="font-family: 宋体;">主体资格&nbsp;&nbsp;</span></span></p>\r\n<p class="p0" style="margin-bottom: 0pt; margin-top: 0pt; text-autospace: ideograph-other; text-align: justify; line-height: 16.0000pt;"><span style="mso-spacerun: ''yes''; font-size: 10.5000pt; font-family: ''宋体'';">2.1&nbsp;<span style="font-family: 宋体;">乙方向甲方声明、陈述和保证如下：&nbsp;</span></span></p>\r\n<p class="p0" style="text-indent: 21.0000pt; margin-bottom: 0pt; margin-top: 0pt; text-autospace: ideograph-other; text-align: justify; line-height: 16.0000pt;"><span style="mso-spacerun: ''yes''; font-size: 10.5000pt; font-family: ''宋体'';">(a)<span style="font-family: 宋体;">其是合法设立并有效存续的公司；&nbsp;</span></span></p>\r\n<p class="p0" style="text-indent: 21.0000pt; margin-bottom: 0pt; margin-top: 0pt; text-autospace: ideograph-other; text-align: justify; line-height: 16.0000pt;"><span style="mso-spacerun: ''yes''; font-size: 10.5000pt; font-family: ''宋体'';">(b)<span style="font-family: 宋体;">其有资格从事本协议项下之交易；&nbsp;&nbsp;&nbsp;</span></span></p>\r\n<p class="p0" style="text-indent: 21.0000pt; margin-bottom: 0pt; margin-top: 0pt; text-autospace: ideograph-other; text-align: justify; line-height: 16.0000pt;"><span style="mso-spacerun: ''yes''; font-size: 10.5000pt; font-family: ''宋体'';">(c)<span style="font-family: 宋体;">其有能力履行其于本协议项下之义务；并且履行义务的行为不违反任何对其有约束力的法律文件中的任何规定；&nbsp;&nbsp;&nbsp;&nbsp;</span></span></p>\r\n<p class="p0" style="text-indent: 21.0000pt; margin-bottom: 0pt; margin-top: 0pt; text-autospace: ideograph-other; text-align: justify; line-height: 16.0000pt;"><span style="mso-spacerun: ''yes''; font-size: 10.5000pt; font-family: ''宋体'';">(d)<span style="font-family: 宋体;">其并非清算、解散或破产程序之主体。&nbsp;</span></span></p>\r\n<p class="p0" style="margin-bottom: 0pt; margin-top: 0pt; text-autospace: ideograph-other; text-align: justify; line-height: 16.0000pt;"><span style="mso-spacerun: ''yes''; font-size: 10.5000pt; font-family: ''宋体'';">2.2&nbsp;<span style="font-family: 宋体;">本协议一经签署即构成对各方合法、有效并可依本协议之条款强制执行的义务。&nbsp;&nbsp;</span></span></p>\r\n<p class="p0" style="margin-bottom: 0pt; margin-top: 0pt; text-autospace: ideograph-other; text-align: justify; line-height: 16.0000pt;"><span style="mso-spacerun: ''yes''; font-size: 10.5000pt; font-family: ''宋体'';">&nbsp;</span></p>\r\n<p class="p0" style="margin-bottom: 0pt; margin-top: 0pt; text-autospace: ideograph-other; text-align: justify; line-height: 16.0000pt;"><span style="mso-spacerun: ''yes''; font-weight: bold; font-size: 10.5000pt; font-family: ''宋体'';">3.&nbsp;<span style="font-family: 宋体;">技术服务</span></span><span style="mso-spacerun: ''yes''; font-size: 10.5000pt; font-family: ''宋体'';">&nbsp;&nbsp;</span></p>\r\n<p class="p0" style="margin-bottom: 0pt; margin-top: 0pt; text-autospace: ideograph-other; text-align: justify; line-height: 16.0000pt;"><span style="mso-spacerun: ''yes''; font-size: 10.5000pt; font-family: ''宋体'';">3.1&nbsp;<span style="font-family: 宋体;">甲方负责</span></span><span style="mso-spacerun: ''yes''; font-size: 10.5000pt; font-family: ''宋体'';">E</span><span style="letter-spacing: 0pt; font-size: 10.5pt; font-family: 宋体; background-position: initial initial; background-repeat: initial initial;">家建材商城</span><span style="mso-spacerun: ''yes''; font-size: 10.5000pt; font-family: ''宋体'';">的建设、维护、运行和管理，为乙方在<span style="font-family: ''Times New Roman'';">E</span><span style="font-family: 宋体;">家建材商城发布商品信息及销售商品提供双方在本协议中约定的技术服务。&nbsp;&nbsp;</span></span></p>\r\n<p class="p0" style="margin-bottom: 0pt; margin-top: 0pt; text-autospace: ideograph-other; text-align: justify; line-height: 16.0000pt;"><span style="mso-spacerun: ''yes''; font-size: 10.5000pt; font-family: ''宋体'';">3.2&nbsp;<span style="font-family: 宋体;">甲方仅负责向乙方提供本协议规定的技术服务，除此之外与乙方销售商品有关的一切事务</span><span style="font-family: ''Times New Roman'';">(</span><span style="font-family: 宋体;">包括但不限于发货、维修、质量保证、退换货等</span><span style="font-family: ''Times New Roman'';">)</span><span style="font-family: 宋体;">均应由乙方负责。无论由于何种原因使甲方为乙方承担上述责任而遭受损失，乙方均应向甲方提供全面足额的赔偿。如果乙方需要甲方提供额外的服务</span><span style="font-family: ''Times New Roman'';">(</span><span style="font-family: 宋体;">包括但不限于推广服务等</span><span style="font-family: ''Times New Roman'';">)</span><span style="font-family: 宋体;">，乙方需要支付额外费用，具体甲乙双方另行确定。&nbsp;&nbsp;&nbsp;</span></span></p>\r\n<p class="p0" style="margin-bottom: 0pt; margin-top: 0pt; text-autospace: ideograph-other; text-align: justify; line-height: 16.0000pt;"><span style="mso-spacerun: ''yes''; font-size: 10.5000pt; font-family: ''宋体'';">&nbsp;</span></p>\r\n<p class="p0" style="margin-bottom: 0pt; margin-top: 0pt; text-autospace: ideograph-other; text-align: justify; line-height: 16.0000pt;"><span style="mso-spacerun: ''yes''; font-weight: bold; font-size: 10.5000pt; font-family: ''宋体'';">4.&nbsp;<span style="font-family: 宋体;">费用支付&nbsp;&nbsp;</span></span></p>\r\n<p class="p0" style="margin-bottom: 0pt; margin-top: 0pt; text-autospace: ideograph-other; text-align: justify; line-height: 16.0000pt;"><span style="mso-spacerun: ''yes''; font-size: 10.5000pt; font-family: ''宋体'';">4.1&nbsp;<span style="font-family: 宋体;">乙方应于服务开通之前，按照《</span><span style="font-family: ''Times New Roman'';">E</span><span style="font-family: 宋体;">家建材商城入驻协议》中的规定向甲方预存技术服务费。甲方有权根据乙方每月确认交易，调整技术服务费金额标准。&nbsp;&nbsp;</span></span></p>\r\n<p class="p0" style="margin-bottom: 0pt; margin-top: 0pt; text-autospace: ideograph-other; text-align: justify; line-height: 16.0000pt;"><span style="mso-spacerun: ''yes''; font-size: 10.5000pt; font-family: ''宋体'';">4.2&nbsp;<span style="font-family: 宋体;">甲方开具相对应的技术服务费发票给乙方，商品发票一律都由乙方开具，甲方不负责提供。&nbsp;&nbsp;&nbsp;</span></span></p>\r\n<p class="p0" style="margin-bottom: 0pt; margin-top: 0pt; text-autospace: ideograph-other; text-align: justify; line-height: 16.0000pt;"><span style="mso-spacerun: ''yes''; font-size: 10.5000pt; font-family: ''宋体'';">&nbsp;</span></p>\r\n<p class="p0" style="margin-bottom: 0pt; margin-top: 0pt; text-autospace: ideograph-other; text-align: justify; line-height: 16.0000pt;"><span style="mso-spacerun: ''yes''; font-weight: bold; font-size: 10.5000pt; font-family: ''宋体'';">5.&nbsp;<span style="font-family: 宋体;">保证金制度</span></span><span style="mso-spacerun: ''yes''; font-size: 10.5000pt; font-family: ''宋体'';">&nbsp;&nbsp;</span></p>\r\n<p class="p0" style="margin-bottom: 0pt; margin-top: 0pt; text-autospace: ideograph-other; text-align: justify; line-height: 16.0000pt;"><span style="mso-spacerun: ''yes''; font-size: 10.5000pt; font-family: ''宋体'';">5.1&nbsp;<span style="font-family: 宋体;">保证金是甲方直接向乙方收取的风险抵押金，甲方应在乙方入驻行为终止后十二个月内，将保证金余额退还乙方。乙方应当向甲方开具现金收据。&nbsp;&nbsp;</span></span></p>\r\n<p class="p0" style="margin-bottom: 0pt; margin-top: 0pt; text-autospace: ideograph-other; text-align: justify; line-height: 16.0000pt;"><span style="mso-spacerun: ''yes''; font-size: 10.5000pt; font-family: ''宋体'';">5.2&nbsp;<span style="font-family: 宋体;">在本协议有效期内，乙方应使保证金总额始终保持不低于初始交纳的数量，如发生赔付事件导致保证金总额减少，乙方应在赔付后</span><span style="font-family: ''Times New Roman'';">3</span><span style="font-family: 宋体;">个工作日内补足保证金。保证金不足期间，甲方将暂停向乙方提供一切服务。&nbsp;&nbsp;</span></span></p>\r\n<p class="p0" style="margin-bottom: 0pt; margin-top: 0pt; text-autospace: ideograph-other; text-align: justify; line-height: 16.0000pt;"><span style="mso-spacerun: ''yes''; font-size: 10.5000pt; font-family: ''宋体'';">5.3&nbsp;<span style="font-family: 宋体;">甲方如使用保证金进行任何赔付，应以书面方式（包括电子邮件、传真等）通知乙方。在向乙方出具的书面通知中，应详细描述赔付事件、赔付事件的处理过程、赔付金额。赔付完成后，应向乙方出具必要的赔付资金往来凭证（银行的转帐证明或被赔付方签字的收款确认）。&nbsp;</span></span></p>\r\n<p class="p0" style="margin-bottom: 0pt; margin-top: 0pt; text-autospace: ideograph-other; text-align: justify; line-height: 16.0000pt;"><span style="mso-spacerun: ''yes''; font-size: 10.5000pt; font-family: ''宋体'';">5.4&nbsp;<span style="font-family: 宋体;">甲方只能将上述保证金用于如下用途：&nbsp;&nbsp;&nbsp;&nbsp;</span></span></p>\r\n<p class="p0" style="text-indent: 21.0000pt; margin-bottom: 0pt; margin-top: 0pt; text-autospace: ideograph-other; text-align: justify; line-height: 16.0000pt;"><span style="mso-spacerun: ''yes''; font-size: 10.5000pt; font-family: ''宋体'';">(a)<span style="font-family: 宋体;">在确认交易中，如乙方违反法律、法规、政策或违反其对买家的承诺而给买家造成损失的，甲方有权根据实际情况，直接使用保证金对买家进行赔付。&nbsp;&nbsp;&nbsp;&nbsp;</span></span></p>\r\n<p class="p0" style="text-indent: 21.0000pt; margin-bottom: 0pt; margin-top: 0pt; text-autospace: ideograph-other; text-align: justify; line-height: 16.0000pt;"><span style="mso-spacerun: ''yes''; font-size: 10.5000pt; font-family: ''宋体'';">(b)<span style="font-family: 宋体;">在符合《中华人民共和国消费者权益保护法》及《中华人民共和国产品质量法》等规定的基础上，如买家要求退货，甲方有权直接使用保证金为买家提供收货退款服务。在此情况下，乙方有权向甲方索要买家退回的货物。&nbsp;&nbsp;&nbsp;&nbsp;</span></span></p>\r\n<p class="p0" style="text-indent: 21.0000pt; margin-bottom: 0pt; margin-top: 0pt; text-autospace: ideograph-other; text-align: justify; line-height: 16.0000pt;"><span style="mso-spacerun: ''yes''; font-size: 10.5000pt; font-family: ''宋体'';">(c)<span style="font-family: 宋体;">如乙方违反本协议有关条款，并给甲方造成任何损失，甲方有权直接从保证金中扣除相当于甲方损失的金额，保证金不足以赔偿的，甲方可直接从其与乙方最后一次结算区间内已发货成交订单的货款中扣除，如不足，甲方可继续向乙方追偿。&nbsp;&nbsp;&nbsp;&nbsp;</span></span></p>\r\n<p class="p0" style="text-indent: 21.0000pt; margin-bottom: 0pt; margin-top: 0pt; text-autospace: ideograph-other; text-align: justify; line-height: 16.0000pt;"><span style="mso-spacerun: ''yes''; font-size: 10.5000pt; font-family: ''宋体'';">(d)<span style="font-family: 宋体;">乙方如有违规行为时</span><span style="font-family: ''Times New Roman'';">,</span><span style="font-family: 宋体;">甲方可根据情况扣除一定数量的保证金进行处罚。&nbsp;&nbsp;</span></span></p>\r\n<p class="p0" style="margin-bottom: 0pt; margin-top: 0pt; text-autospace: ideograph-other; text-align: justify; line-height: 16.0000pt;"><span style="mso-spacerun: ''yes''; font-size: 10.5000pt; font-family: ''宋体'';">5.5&nbsp;<span style="font-family: 宋体;">保证金不能足额赔付时，甲方没有义务替乙方支付额外的赔付金额，如因特殊情况，导致甲方向买家支付了超出保证金数额的赔付金时，甲方有权要求乙方补偿甲方代替乙方支付的赔付金，并在指定时间内补足保证金，否则甲方有权单方面终止向乙方提供的一切服务，并且不退还乙方已经交纳的任何费用。&nbsp;&nbsp;&nbsp;</span></span></p>\r\n<p class="p0" style="margin-bottom: 0pt; margin-top: 0pt; text-autospace: ideograph-other; text-align: justify; line-height: 16.0000pt;"><span style="mso-spacerun: ''yes''; font-size: 10.5000pt; font-family: ''宋体'';">&nbsp;</span></p>\r\n<p class="p0" style="margin-bottom: 0pt; margin-top: 0pt; text-autospace: ideograph-other; text-align: justify; line-height: 16.0000pt;"><span style="mso-spacerun: ''yes''; font-weight: bold; font-size: 10.5000pt; font-family: ''宋体'';">6.&nbsp;<span style="font-family: 宋体;">商品销售&nbsp;&nbsp;</span></span></p>\r\n<p class="p0" style="margin-bottom: 0pt; margin-top: 0pt; text-autospace: ideograph-other; text-align: justify; line-height: 16.0000pt;"><span style="mso-spacerun: ''yes''; font-size: 10.5000pt; font-family: ''宋体'';">6.1&nbsp;<span style="font-family: 宋体;">乙方使用甲方提供的网店管理系统按甲方要求在</span><span style="font-family: ''Times New Roman'';">E</span><span style="font-family: 宋体;">家建材商城建立网上店铺，经甲方审核，发布和管理商品信息</span><span style="font-family: ''Times New Roman'';">,</span><span style="font-family: 宋体;">买家和甲方共同拥有商品信息的使用权。&nbsp;&nbsp;</span></span></p>\r\n<p class="p0" style="margin-bottom: 0pt; margin-top: 0pt; text-autospace: ideograph-other; text-align: justify; line-height: 16.0000pt;"><span style="mso-spacerun: ''yes''; font-size: 10.5000pt; font-family: ''宋体'';">6.2&nbsp;<span style="font-family: 宋体;">乙方应保证其在</span><span style="font-family: ''Times New Roman'';">E</span><span style="font-family: 宋体;">家建材商城网上店铺中的商品信息合法、真实、准确。如因乙方提供的商品信息存在问题而引起任何纠纷，乙方应负责解决；如给甲方造成任何损失，乙方应当负责赔偿。&nbsp;&nbsp;</span></span></p>\r\n<p class="p0" style="margin-bottom: 0pt; margin-top: 0pt; text-autospace: ideograph-other; text-align: justify; line-height: 16.0000pt;"><span style="mso-spacerun: ''yes''; font-size: 10.5000pt; font-family: ''宋体'';">6.3&nbsp;<span style="font-family: 宋体;">甲方有权审核乙方提供的商品信息，对不符合法律、法规或甲方有理由相信如果发布将给甲方带来不利影响的商品信息，甲方有权要求乙方进行修改，也有权拒绝发布或删除该信息。&nbsp;&nbsp;</span></span></p>\r\n<p class="p0" style="margin-bottom: 0pt; margin-top: 0pt; text-autospace: ideograph-other; text-align: justify; line-height: 16.0000pt;"><span style="mso-spacerun: ''yes''; font-size: 10.5000pt; font-family: ''宋体'';">6.4&nbsp;<span style="font-family: 宋体;">乙方在</span><span style="font-family: ''Times New Roman'';">E</span><span style="font-family: 宋体;">家建材商城上销售的商品应是销路好、质量好、性价比高的商品；同时乙方必须保证提供至少</span><span style="font-family: ''Times New Roman'';">10</span><span style="font-family: 宋体;">款特价促销产品</span><span style="font-family: ''Times New Roman'';">(</span><span style="font-family: 宋体;">同型号低于任何平台、不高于以往任何时候最低价格的促销产品</span><span style="font-family: ''Times New Roman'';">)</span><span style="font-family: 宋体;">在线销售，以利于提升销售人气和销量。&nbsp;&nbsp;</span></span></p>\r\n<p class="p0" style="margin-bottom: 0pt; margin-top: 0pt; text-autospace: ideograph-other; text-align: justify; line-height: 16.0000pt;"><span style="mso-spacerun: ''yes''; font-size: 10.5000pt; font-family: ''宋体'';">6.5&nbsp;<span style="font-family: 宋体;">乙方保证其在</span><span style="font-family: ''Times New Roman'';">E</span><span style="font-family: 宋体;">家建材商城的商品零售价格低于乙方在其他渠道销售时的零售价格，否则甲方有权拒绝发布或删除该商品信息。&nbsp;&nbsp;</span></span></p>\r\n<p class="p0" style="margin-bottom: 0pt; margin-top: 0pt; text-autospace: ideograph-other; text-align: justify; line-height: 16.0000pt;"><span style="mso-spacerun: ''yes''; font-size: 10.5000pt; font-family: ''宋体'';">6.6&nbsp;<span style="font-family: 宋体;">乙方必须按照其经营范围在</span><span style="font-family: ''Times New Roman'';">E</span><span style="font-family: 宋体;">家建材商城销售相应的商品和服务，并保证有关商品和服务本身的合法性。如因乙方非法经营而引起任何法律纠纷，乙方负责解决；如给甲方造成损失，乙方应负责赔偿。&nbsp;&nbsp;</span></span></p>\r\n<p class="p0" style="margin-bottom: 0pt; margin-top: 0pt; text-autospace: ideograph-other; text-align: justify; line-height: 16.0000pt;"><span style="mso-spacerun: ''yes''; font-size: 10.5000pt; font-family: ''宋体'';">6.7&nbsp;<span style="font-family: 宋体;">如乙方与买家未按照实际交易金额在</span><span style="font-family: ''Times New Roman'';">E</span><span style="font-family: 宋体;">家建材商城上完成交易，则视为部分或全额线下交易。甲方有权按照实际交易金额十倍向乙方收取罚金，并可直接从保证金中扣除，不足部分乙方应在收到处罚通知后</span><span style="font-family: ''Times New Roman'';">5</span><span style="font-family: 宋体;">个工作日内向甲方缴清。同时，线下交易引起的纠纷和赔偿由乙方负责。&nbsp;&nbsp;&nbsp;</span></span></p>\r\n<p class="p0" style="margin-bottom: 0pt; margin-top: 0pt; text-autospace: ideograph-other; text-align: justify; line-height: 16.0000pt;"><span style="mso-spacerun: ''yes''; font-size: 10.5000pt; font-family: ''宋体'';">&nbsp;</span></p>\r\n<p class="p0" style="margin-bottom: 0pt; margin-top: 0pt; text-autospace: ideograph-other; text-align: justify; line-height: 16.0000pt;"><span style="mso-spacerun: ''yes''; font-weight: bold; font-size: 10.5000pt; font-family: ''宋体'';">7.&nbsp;<span style="font-family: 宋体;">商品配送&nbsp;</span></span><span style="mso-spacerun: ''yes''; font-size: 10.5000pt; font-family: ''宋体'';">&nbsp;</span></p>\r\n<p class="p0" style="margin-bottom: 0pt; margin-top: 0pt; text-autospace: ideograph-other; text-align: justify; line-height: 16.0000pt;"><span style="mso-spacerun: ''yes''; font-size: 10.5000pt; font-family: ''宋体'';">7.1&nbsp;<span style="font-family: 宋体;">乙方应自行安排向买家提供商品配送服务，但应当保证配送服务质量。&nbsp;&nbsp;</span></span></p>\r\n<p class="p0" style="margin-bottom: 0pt; margin-top: 0pt; text-autospace: ideograph-other; text-align: justify; line-height: 16.0000pt;"><span style="mso-spacerun: ''yes''; font-size: 10.5000pt; font-family: ''宋体'';">7.2&nbsp;<span style="font-family: 宋体;">因配送问题，乙方与买家产生纠纷，乙方应负责解决；如给甲方造成损失，乙方应负责赔偿。&nbsp;&nbsp;&nbsp;</span></span></p>\r\n<p class="p0" style="margin-bottom: 0pt; margin-top: 0pt; text-autospace: ideograph-other; text-align: justify; line-height: 16.0000pt;"><span style="mso-spacerun: ''yes''; font-size: 10.5000pt; font-family: ''宋体'';">&nbsp;</span></p>\r\n<p class="p0" style="margin-bottom: 0pt; margin-top: 0pt; text-autospace: ideograph-other; text-align: justify; line-height: 16.0000pt;"><span style="mso-spacerun: ''yes''; font-weight: bold; font-size: 10.5000pt; font-family: ''宋体'';">8.&nbsp;<span style="font-family: 宋体;">商铺运营管理</span></span><span style="mso-spacerun: ''yes''; font-size: 10.5000pt; font-family: ''宋体'';">&nbsp;&nbsp;</span></p>\r\n<p class="p0" style="margin-bottom: 0pt; margin-top: 0pt; text-autospace: ideograph-other; text-align: justify; line-height: 16.0000pt;"><span style="mso-spacerun: ''yes''; font-size: 10.5000pt; font-family: ''宋体'';">甲方为乙方提供的网上购物交易技术服务平台<span style="font-family: ''Times New Roman'';">---</span><span style="font-family: 宋体;">商家商铺的日常运营管理由乙方全权负责，为了保证提供良好的服务质量，乙方必须做到以下几点，否则乙方按合同相应约定承担责任：&nbsp;</span></span></p>\r\n<p class="p0" style="margin-bottom: 0pt; margin-top: 0pt; text-autospace: ideograph-other; text-align: justify; line-height: 16.0000pt;"><span style="mso-spacerun: ''yes''; font-size: 10.5000pt; font-family: ''宋体'';">8.1&nbsp;<span style="font-family: 宋体;">乙方需要保证店铺在正常运营时间的咨询电话及</span><span style="font-family: ''Times New Roman'';">QQ</span><span style="font-family: 宋体;">等及时畅通（占线除外），如果超过</span><span style="font-family: ''Times New Roman'';">5</span><span style="font-family: 宋体;">次</span><span style="font-family: ''Times New Roman'';">/</span><span style="font-family: 宋体;">月（含）用户投诉至</span></span><span style="mso-spacerun: ''yes''; font-size: 10.5000pt; font-family: ''宋体'';">E</span><span style="letter-spacing: 0pt; font-size: 10.5pt; font-family: 宋体; background-position: initial initial; background-repeat: initial initial;">家建材商城</span><span style="mso-spacerun: ''yes''; font-size: 10.5000pt; font-family: ''宋体'';">平台，商家电话或<span style="font-family: ''Times New Roman'';">QQ</span><span style="font-family: 宋体;">无法接通，则甲方有权关闭其店铺，并终止合同；&nbsp;</span></span></p>\r\n<p class="p0" style="margin-bottom: 0pt; margin-top: 0pt; text-autospace: ideograph-other; text-align: justify; line-height: 16.0000pt;"><span style="mso-spacerun: ''yes''; font-size: 10.5000pt; font-family: ''宋体'';">8.2&nbsp;<span style="font-family: 宋体;">乙方需要保证店铺里留言咨询信息</span><span style="font-family: ''Times New Roman'';">6</span><span style="font-family: 宋体;">小时内及时回复，否则甲方将按</span><span style="font-family: ''Times New Roman'';">50</span><span style="font-family: 宋体;">元</span><span style="font-family: ''Times New Roman'';">/</span><span style="font-family: 宋体;">条给予处罚，直接从交易金额里扣除；如超过</span><span style="font-family: ''Times New Roman'';">5</span><span style="font-family: 宋体;">条</span><span style="font-family: ''Times New Roman'';">/</span><span style="font-family: 宋体;">月（含）未处理留言信息，甲方按相应金额处罚外，并有权关闭其店铺，并终止合同；&nbsp;&nbsp;</span></span></p>\r\n<p class="p0" style="margin-bottom: 0pt; margin-top: 0pt; text-autospace: ideograph-other; text-align: justify; line-height: 16.0000pt;"><span style="mso-spacerun: ''yes''; font-size: 10.5000pt; font-family: ''宋体'';">8.3&nbsp;<span style="font-family: 宋体;">乙方需要保证非定制产品在</span><span style="font-family: ''Times New Roman'';">24</span><span style="font-family: 宋体;">个小时内完成有效支付订单配送工作和完善商铺后台支付订单的配送状态；定制产品按乙方承诺的时间内完成有效支付订单配送工作和及时完善商铺后台支付订单的配送状态，因发货不及时、订单状态修改不及时，导致买家投诉至甲方（</span><span style="font-family: ''Times New Roman'';">E</span><span style="font-family: 宋体;">家建材商城），则视为对乙方有效投诉</span><span style="font-family: ''Times New Roman'';">1</span><span style="font-family: 宋体;">次，甲方按相应规定处罚外，并有权责成乙方及时处理好投诉，直到用户满意；&nbsp;&nbsp;</span></span></p>\r\n<p class="p0" style="margin-bottom: 0pt; margin-top: 0pt; text-autospace: ideograph-other; text-align: justify; line-height: 16.0000pt;"><span style="mso-spacerun: ''yes''; font-size: 10.5000pt; font-family: ''宋体'';">8.4&nbsp;<span style="font-family: 宋体;">乙方需要保证针对买家投诉（配送、商品质量、售后服务问题等）必须在</span><span style="font-family: ''Times New Roman'';">6</span><span style="font-family: 宋体;">个小时内给予积极处理，并反馈给买家满意处理结果，如果买家不满意，投诉至甲方（</span></span><span style="mso-spacerun: ''yes''; font-size: 10.5000pt; font-family: ''宋体'';">E</span><span style="letter-spacing: 0pt; font-size: 10.5pt; font-family: 宋体; background-position: initial initial; background-repeat: initial initial;">家建材商城</span><span style="mso-spacerun: ''yes''; font-size: 10.5000pt; font-family: ''宋体'';">），则视为对乙方有效投诉<span style="font-family: ''Times New Roman'';">1</span><span style="font-family: 宋体;">次，甲方按相应规定处罚外，并有权责成乙方及时处理好投诉，直到用户满意；&nbsp;</span></span></p>\r\n<p class="p0" style="margin-bottom: 0pt; margin-top: 0pt; text-autospace: ideograph-other; text-align: justify; line-height: 16.0000pt;"><span style="mso-spacerun: ''yes''; font-size: 10.5000pt; font-family: ''宋体'';">8.5&nbsp;<span style="font-family: 宋体;">如果乙方有超过</span><span style="font-family: ''Times New Roman'';">3</span><span style="font-family: 宋体;">次</span><span style="font-family: ''Times New Roman'';">/</span><span style="font-family: 宋体;">月（含）以上有效投诉，甲方将按</span><span style="font-family: ''Times New Roman'';">100</span><span style="font-family: 宋体;">元给予乙方处罚，直接从交易金额里扣除；如果乙方有超过</span><span style="font-family: ''Times New Roman'';">6</span><span style="font-family: 宋体;">次</span><span style="font-family: ''Times New Roman'';">/</span><span style="font-family: 宋体;">月（含）以上有效投诉，甲方按相应规定处罚外，并有权关闭其店铺，并终止合同；&nbsp;&nbsp;</span></span></p>\r\n<p class="p0" style="margin-bottom: 0pt; margin-top: 0pt; text-autospace: ideograph-other; text-align: justify; line-height: 16.0000pt;"><span style="mso-spacerun: ''yes''; font-size: 10.5000pt; font-family: ''宋体'';">&nbsp;</span></p>\r\n<p class="p0" style="margin-bottom: 0pt; margin-top: 0pt; text-autospace: ideograph-other; text-align: justify; line-height: 16.0000pt;"><span style="mso-spacerun: ''yes''; font-weight: bold; font-size: 10.5000pt; font-family: ''宋体'';">9.&nbsp;<span style="font-family: 宋体;">恶意竞争&nbsp;&nbsp;</span></span></p>\r\n<p class="p0" style="margin-bottom: 0pt; margin-top: 0pt; text-autospace: ideograph-other; text-align: justify; line-height: 16.0000pt;"><span style="mso-spacerun: ''yes''; font-size: 10.5000pt; font-family: ''宋体'';">9.1&nbsp;<span style="font-family: 宋体;">本协议中所称的恶意竞争行为包括但不限于：&nbsp;&nbsp;&nbsp;</span></span></p>\r\n<p class="p0" style="text-indent: 21.0000pt; margin-bottom: 0pt; margin-top: 0pt; text-autospace: ideograph-other; text-align: justify; line-height: 16.0000pt;"><span style="mso-spacerun: ''yes''; font-size: 10.5000pt; font-family: ''宋体'';">(a)<span style="font-family: 宋体;">中国相关法律规定的不正当竞争行为；&nbsp;&nbsp;&nbsp;</span></span></p>\r\n<p class="p0" style="text-indent: 21.0000pt; margin-bottom: 0pt; margin-top: 0pt; text-autospace: ideograph-other; text-align: justify; line-height: 16.0000pt;"><span style="mso-spacerun: ''yes''; font-size: 10.5000pt; font-family: ''宋体'';">(b)<span style="font-family: 宋体;">仅以低价格展示产品，却对买家的订单采取无货处理；或低价展示之产品无相关配件无法使用的恶意降价行为。&nbsp;&nbsp;</span></span></p>\r\n<p class="p0" style="margin-bottom: 0pt; margin-top: 0pt; text-autospace: ideograph-other; text-align: justify; line-height: 16.0000pt;"><span style="mso-spacerun: ''yes''; font-size: 10.5000pt; font-family: ''宋体'';">9.2&nbsp;<span style="font-family: 宋体;">乙方不得在</span><span style="font-family: ''Times New Roman'';">E</span><span style="font-family: 宋体;">家建材商城从事任何恶意竞争行为。如乙方被确认有任何恶意竞争行为，甲方有权单方暂停或终止与乙方的合作，并无需退还乙方已向甲方交纳的所有费用。&nbsp;&nbsp;&nbsp;</span></span></p>\r\n<p class="p0" style="margin-bottom: 0pt; margin-top: 0pt; text-autospace: ideograph-other; text-align: justify; line-height: 16.0000pt;"><span style="mso-spacerun: ''yes''; font-size: 10.5000pt; font-family: ''宋体'';">&nbsp;</span></p>\r\n<p class="p0" style="margin-bottom: 0pt; margin-top: 0pt; text-autospace: ideograph-other; text-align: justify; line-height: 16.0000pt;"><span style="mso-spacerun: ''yes''; font-weight: bold; font-size: 10.5000pt; font-family: ''宋体'';">10.&nbsp;<span style="font-family: 宋体;">税款缴纳&nbsp;</span></span><span style="mso-spacerun: ''yes''; font-size: 10.5000pt; font-family: ''宋体'';">&nbsp;</span></p>\r\n<p class="p0" style="margin-bottom: 0pt; margin-top: 0pt; text-autospace: ideograph-other; text-align: justify; line-height: 16.0000pt;"><span style="mso-spacerun: ''yes''; font-size: 10.5000pt; font-family: ''宋体'';">10.1&nbsp;<span style="font-family: 宋体;">双方应各自按照有关法律法规和国家政策的规定向有关的税务机关纳税。&nbsp;&nbsp;</span></span></p>\r\n<p class="p0" style="margin-bottom: 0pt; margin-top: 0pt; text-autospace: ideograph-other; text-align: justify; line-height: 16.0000pt;"><span style="mso-spacerun: ''yes''; font-size: 10.5000pt; font-family: ''宋体'';">10.2&nbsp;<span style="font-family: 宋体;">如一方为另一方代付了任何税款，代付方应当尽快将缴税证明提交给应付方，应付方应于收到代付方提交的缴税证明后七日内向代付方返还等额款项。&nbsp;&nbsp;&nbsp;</span></span></p>\r\n<p class="p0" style="margin-bottom: 0pt; margin-top: 0pt; text-autospace: ideograph-other; text-align: justify; line-height: 16.0000pt;"><span style="mso-spacerun: ''yes''; font-size: 10.5000pt; font-family: ''宋体'';">&nbsp;</span></p>\r\n<p class="p0" style="margin-bottom: 0pt; margin-top: 0pt; text-autospace: ideograph-other; text-align: justify; line-height: 16.0000pt;"><span style="mso-spacerun: ''yes''; font-weight: bold; font-size: 10.5000pt; font-family: ''宋体'';">11.&nbsp;<span style="font-family: 宋体;">保密条款&nbsp;&nbsp;</span></span></p>\r\n<p class="p0" style="margin-bottom: 0pt; margin-top: 0pt; text-autospace: ideograph-other; text-align: justify; line-height: 16.0000pt;"><span style="mso-spacerun: ''yes''; font-size: 10.5000pt; font-family: ''宋体'';">11.1&nbsp;<span style="font-family: 宋体;">任何一方对于因签署或履行本协议而了解或接触到的对方的机密资料和信息（以下简称&ldquo;保密信息&rdquo;）均应保守秘密；非经对方书面同意，任何一方不得向第三方泄露、给予或转让该等保密信息。&nbsp;</span></span></p>\r\n<p class="p0" style="margin-bottom: 0pt; margin-top: 0pt; text-autospace: ideograph-other; text-align: justify; line-height: 16.0000pt;"><span style="mso-spacerun: ''yes''; font-size: 10.5000pt; font-family: ''宋体'';">11.2&nbsp;<span style="font-family: 宋体;">如对方提出要求，任何一方均应将载有对方保密信息的任何载体，按对方要求归还对方，或予以销毁，或进行其他处置，并且不得继续使用这些保密信息。&nbsp;&nbsp;</span></span></p>\r\n<p class="p0" style="margin-bottom: 0pt; margin-top: 0pt; text-autospace: ideograph-other; text-align: justify; line-height: 16.0000pt;"><span style="mso-spacerun: ''yes''; font-size: 10.5000pt; font-family: ''宋体'';">11.3&nbsp;<span style="font-family: 宋体;">在本协议终止之后，各方在本协议项下的义务并不随之终止，各方仍需遵守本协议之保密条款，履行其所承诺的保密义务，直到其他方同意其解除此项义务，或事实上不会因违反本协议的保密条款而给其他方造成任何形式的损害时为止。&nbsp;&nbsp;</span></span></p>\r\n<p class="p0" style="margin-bottom: 0pt; margin-top: 0pt; text-autospace: ideograph-other; text-align: justify; line-height: 16.0000pt;"><span style="mso-spacerun: ''yes''; font-size: 10.5000pt; font-family: ''宋体'';">&nbsp;</span></p>\r\n<p class="p0" style="margin-bottom: 0pt; margin-top: 0pt; text-autospace: ideograph-other; text-align: justify; line-height: 16.0000pt;"><span style="mso-spacerun: ''yes''; font-weight: bold; font-size: 10.5000pt; font-family: ''宋体'';">12.&nbsp;<span style="font-family: 宋体;">利益冲突&nbsp;</span></span><span style="mso-spacerun: ''yes''; font-size: 10.5000pt; font-family: ''宋体'';">&nbsp;</span></p>\r\n<p class="p0" style="margin-bottom: 0pt; margin-top: 0pt; text-autospace: ideograph-other; text-align: justify; line-height: 16.0000pt;"><span style="mso-spacerun: ''yes''; font-size: 10.5000pt; font-family: ''宋体'';">12.1&nbsp;<span style="font-family: 宋体;">在本协议有效期内，如有任何甲方或甲方关联企业在职员工成为乙方的股东或者高级管理人员，乙方必须立即书面通知甲方法律部门，如乙方故意隐瞒此情况，甲方有权随时提前终止乙方的业务而无需承担任何责任，由此造成的全部损失由乙方自行承担。&nbsp;&nbsp;&nbsp;</span></span></p>\r\n<p class="p0" style="margin-bottom: 0pt; margin-top: 0pt; text-autospace: ideograph-other; text-align: justify; line-height: 16.0000pt;"><span style="mso-spacerun: ''yes''; font-size: 10.5000pt; font-family: ''宋体'';">&nbsp;</span></p>\r\n<p class="p0" style="margin-bottom: 0pt; margin-top: 0pt; text-autospace: ideograph-other; text-align: justify; line-height: 16.0000pt;"><span style="mso-spacerun: ''yes''; font-weight: bold; font-size: 10.5000pt; font-family: ''宋体'';">13.&nbsp;<span style="font-family: 宋体;">违约责任&nbsp;</span></span><span style="mso-spacerun: ''yes''; font-size: 10.5000pt; font-family: ''宋体'';">&nbsp;</span></p>\r\n<p class="p0" style="margin-bottom: 0pt; margin-top: 0pt; text-autospace: ideograph-other; text-align: justify; line-height: 16.0000pt;"><span style="mso-spacerun: ''yes''; font-size: 10.5000pt; font-family: ''宋体'';">13.1&nbsp;<span style="font-family: 宋体;">任何一方直接或间接违反本协议的任何条款或不承担或不及时、充分地承担本协议项下其应承担的义务构成违约行为，守约的一方（&ldquo;守约方&rdquo;）有权以书面通知要求违约的一方（&ldquo;违约方&rdquo;）纠正其违约行为并采取充分、有效、及时的措施消除违约后果并赔偿守约方因违约方之违约行为而遭致的损失。&nbsp;&nbsp;</span></span></p>\r\n<p class="p0" style="margin-bottom: 0pt; margin-top: 0pt; text-autospace: ideograph-other; text-align: justify; line-height: 16.0000pt;"><span style="mso-spacerun: ''yes''; font-size: 10.5000pt; font-family: ''宋体'';">13.2&nbsp;<span style="font-family: 宋体;">在违约事实发生以后，经守约方的合理及客观的判断该等违约事实已造成守约方履行本协议项下其相应的义务已不可能或不公平，则守约方有权以书面形式通知违约方守约方将暂时中止其在本协议下的相应义务的履行，直至违约方停止违约行为并采取充分、有效及时的措施消除违约后果并赔偿守约方因违约行为而遭致的损失。&nbsp;&nbsp;</span></span></p>\r\n<p class="p0" style="margin-bottom: 0pt; margin-top: 0pt; text-autospace: ideograph-other; text-align: justify; line-height: 16.0000pt;"><span style="mso-spacerun: ''yes''; font-size: 10.5000pt; font-family: ''宋体'';">13.3&nbsp;<span style="font-family: 宋体;">违约方因其违约行为而应赔偿的守约方的损失包括守约方因违约方的违约行为而遭致的直接的经济损失及任何可预期的间接损失及额外的费用（包括但不限于诉讼费、律师费、差旅费等）。&nbsp;&nbsp;</span><span style="font-family: ''Times New Roman'';">13.4&nbsp;</span><span style="font-family: 宋体;">如因甲方过错给乙方造成损失，在任何情况下，甲方应向乙方支付的赔偿金总额不得超过乙方在本协议有效期内已经向甲方支付的全部费用的总额。&nbsp;</span></span></p>\r\n<p class="p0" style="margin-bottom: 0pt; margin-top: 0pt; text-autospace: ideograph-other; text-align: justify; line-height: 16.0000pt;"><span style="mso-spacerun: ''yes''; font-size: 10.5000pt; font-family: ''宋体'';">&nbsp;&nbsp;</span></p>\r\n<p class="p0" style="margin-bottom: 0pt; margin-top: 0pt; text-autospace: ideograph-other; text-align: justify; line-height: 16.0000pt;"><span style="mso-spacerun: ''yes''; font-weight: bold; font-size: 10.5000pt; font-family: ''宋体'';">14.&nbsp;<span style="font-family: 宋体;">不可抗力&nbsp;&nbsp;</span></span></p>\r\n<p class="p0" style="margin-bottom: 0pt; margin-top: 0pt; text-autospace: ideograph-other; text-align: justify; line-height: 16.0000pt;"><span style="mso-spacerun: ''yes''; font-size: 10.5000pt; font-family: ''宋体'';">14.1&nbsp;<span style="font-family: 宋体;">&ldquo;不可抗力&rdquo;是指本协议双方不能合理控制、不可预见或即使预见亦无法避免的事件，该事件妨碍、影响或延误任何一方根据本协议履行其全部或部分义务。该事件包括但不限于政府行为、自然灾害、战争、黑客袭击或任何其它类似事件。</span></span></p>\r\n<p class="p0" style="margin-bottom: 0pt; margin-top: 0pt; text-autospace: ideograph-other; text-align: justify; line-height: 16.0000pt;"><span style="mso-spacerun: ''yes''; font-size: 10.5000pt; font-family: ''宋体'';">14.2&nbsp;<span style="font-family: 宋体;">遭受不可抗力事件的一方可暂行中止履行本协议项下的义务直至不可抗力事件的影响消除为止，并且无需为此而承担违约责任。但应尽最大努力克服该事件，减轻其负面影响。&nbsp;&nbsp;</span></span></p>\r\n<p class="p0" style="margin-bottom: 0pt; margin-top: 0pt; text-autospace: ideograph-other; text-align: justify; line-height: 16.0000pt;"><span style="mso-spacerun: ''yes''; font-size: 10.5000pt; font-family: ''宋体'';">14.3&nbsp;<span style="font-family: 宋体;">如不可抗力事件影响任何一方履行本协议项下义务的时间持续超过</span><span style="font-family: ''Times New Roman'';">20</span><span style="font-family: 宋体;">天或累计超过</span><span style="font-family: ''Times New Roman'';">30</span><span style="font-family: 宋体;">天，双方应就是否继续履行本协议进行协商，如不能达成一致意见，任何一方有权以书面通知方式提前终止本协议。&nbsp;&nbsp;&nbsp;</span></span></p>\r\n<p class="p0" style="margin-bottom: 0pt; margin-top: 0pt; text-autospace: ideograph-other; text-align: justify; line-height: 16.0000pt;"><span style="mso-spacerun: ''yes''; font-size: 10.5000pt; font-family: ''宋体'';">&nbsp;</span></p>\r\n<p class="p0" style="margin-bottom: 0pt; margin-top: 0pt; text-autospace: ideograph-other; text-align: justify; line-height: 16.0000pt;"><span style="mso-spacerun: ''yes''; font-weight: bold; font-size: 10.5000pt; font-family: ''宋体'';">15.&nbsp;<span style="font-family: 宋体;">特殊免责&nbsp;</span></span></p>\r\n<p class="p0" style="margin-bottom: 0pt; margin-top: 0pt; text-autospace: ideograph-other; text-align: justify; line-height: 16.0000pt;"><span style="mso-spacerun: ''yes''; font-size: 10.5000pt; font-family: ''宋体'';">15.1&nbsp;<span style="font-family: 宋体;">如因甲方无法控制的原因使</span></span><span style="mso-spacerun: ''yes''; font-size: 10.5000pt; font-family: ''宋体'';">E</span><span style="letter-spacing: 0pt; font-size: 10.5pt; font-family: 宋体; background-position: initial initial; background-repeat: initial initial;">家建材商城</span><span style="mso-spacerun: ''yes''; font-size: 10.5000pt; font-family: ''宋体'';">系统崩溃或无法正常使用导致网上交易无法完成或丢失有关的信息、记录等，甲方无需向乙方承担任何责任。&nbsp;&nbsp;</span></p>\r\n<p class="p0" style="margin-bottom: 0pt; margin-top: 0pt; text-autospace: ideograph-other; text-align: justify; line-height: 16.0000pt;"><span style="mso-spacerun: ''yes''; font-size: 10.5000pt; font-family: ''宋体'';">15.2&nbsp;<span style="font-family: 宋体;">为网站的正常运行，甲方需要定期或不定期地对网站进行停机维护；同时，基于市场整体利益考虑及经营需要，甲方可能不定期对</span></span><span style="mso-spacerun: ''yes''; font-size: 10.5000pt; font-family: ''宋体'';">E</span><span style="letter-spacing: 0pt; font-size: 10.5pt; font-family: 宋体; background-position: initial initial; background-repeat: initial initial;">家建材商城</span><span style="mso-spacerun: ''yes''; font-size: 10.5000pt; font-family: ''宋体'';">栏目的服务内容、版面布局、页面设计等方面进行调整；如因上述情况影响甲方在本协议下义务的履行，乙方同意予以谅解。甲方则应尽可能将因此造成的不利影响减少到最低程度。&nbsp;&nbsp;&nbsp;</span></p>\r\n<p class="p0" style="margin-bottom: 0pt; margin-top: 0pt; text-autospace: ideograph-other; text-align: justify; line-height: 16.0000pt;"><span style="mso-spacerun: ''yes''; font-size: 10.5000pt; font-family: ''宋体'';">&nbsp;</span></p>\r\n<p class="p0" style="margin-bottom: 0pt; margin-top: 0pt; text-autospace: ideograph-other; text-align: justify; line-height: 16.0000pt;"><span style="mso-spacerun: ''yes''; font-weight: bold; font-size: 10.5000pt; font-family: ''宋体'';">16.&nbsp;<span style="font-family: 宋体;">生效与终止</span></span><span style="mso-spacerun: ''yes''; font-size: 10.5000pt; font-family: ''宋体'';">&nbsp;&nbsp;</span></p>\r\n<p class="p0" style="margin-bottom: 0pt; margin-top: 0pt; text-autospace: ideograph-other; text-align: justify; line-height: 16.0000pt;"><span style="mso-spacerun: ''yes''; font-size: 10.5000pt; font-family: ''宋体'';">16.1&nbsp;<span style="font-family: 宋体;">本协议自双方授权代表签署盖章之日起生效，有效期至合同约定终止日期。&nbsp;&nbsp;</span></span></p>\r\n<p class="p0" style="margin-bottom: 0pt; margin-top: 0pt; text-autospace: ideograph-other; text-align: justify; line-height: 16.0000pt;"><span style="mso-spacerun: ''yes''; font-size: 10.5000pt; font-family: ''宋体'';">16.2&nbsp;<span style="font-family: 宋体;">乙方如从事任何严重影响甲方商誉的行为</span><span style="font-family: ''Times New Roman'';">(</span><span style="font-family: 宋体;">包括但不限于严重损害买家利益、售后服务存在重大问题、不能向买家提供承诺的服务等</span><span style="font-family: ''Times New Roman'';">)</span><span style="font-family: 宋体;">，甲方有权以书面通知方式随时终止服务。&nbsp;&nbsp;</span></span></p>\r\n<p class="p0" style="margin-bottom: 0pt; margin-top: 0pt; text-autospace: ideograph-other; text-align: justify; line-height: 16.0000pt;"><span style="mso-spacerun: ''yes''; font-size: 10.5000pt; font-family: ''宋体'';">16.3&nbsp;<span style="font-family: 宋体;">甲方将对乙方进行月度</span><span style="font-family: ''Times New Roman'';">/</span><span style="font-family: 宋体;">季度</span><span style="font-family: ''Times New Roman'';">/</span><span style="font-family: 宋体;">年度考核，若销售、服务、投诉率处于各行业类别末</span><span style="font-family: ''Times New Roman'';">5</span><span style="font-family: 宋体;">位，甲方有权以书面通知方式随时终止服务。&nbsp;&nbsp;</span></span></p>\r\n<p class="p0" style="margin-bottom: 0pt; margin-top: 0pt; text-autospace: ideograph-other; text-align: justify; line-height: 16.0000pt;"><span style="mso-spacerun: ''yes''; font-size: 10.5000pt; font-family: ''宋体'';">16.4&nbsp;<span style="font-family: 宋体;">前款所述的书面通知中应列明提前终止服务的理由。自该书面通知送达之日起，服务即告终止。&nbsp;</span></span></p>\r\n<p class="p0" style="margin-bottom: 0pt; margin-top: 0pt; text-autospace: ideograph-other; text-align: justify; line-height: 16.0000pt;"><span style="mso-spacerun: ''yes''; font-size: 10.5000pt; font-family: ''宋体'';">16.5&nbsp;<span style="font-family: 宋体;">服务的提前终止不应影响双方于服务终止日之前根据本协议已产生的权利和义务。&nbsp;&nbsp;&nbsp;</span></span></p>\r\n<p class="p0" style="margin-bottom: 0pt; margin-top: 0pt; text-autospace: ideograph-other; text-align: justify; line-height: 16.0000pt;"><span style="mso-spacerun: ''yes''; font-size: 10.5000pt; font-family: ''宋体'';">&nbsp;</span></p>\r\n<p class="p0" style="margin-bottom: 0pt; margin-top: 0pt; text-autospace: ideograph-other; text-align: justify; line-height: 16.0000pt;"><span style="mso-spacerun: ''yes''; font-weight: bold; font-size: 10.5000pt; font-family: ''宋体'';">17.&nbsp;<span style="font-family: 宋体;">通知送达&nbsp;</span></span></p>\r\n<p class="p0" style="margin-bottom: 0pt; margin-top: 0pt; text-autospace: ideograph-other; text-align: justify; line-height: 16.0000pt;"><span style="mso-spacerun: ''yes''; font-size: 10.5000pt; font-family: ''宋体'';">17.1&nbsp;<span style="font-family: 宋体;">一方发给另一方的与本协议有关的通知应以书面形式亲手交送，以传真、电报、电传、电子邮件发送，或以邮资预付的挂号信件、特快专递寄送。亲手交送，以传真、电报、电传或电子邮件发送的，发送当日为送达日，以邮资预付的挂号信件，特快专递寄送的，寄送日后第三日为送达日。&nbsp;&nbsp;</span></span></p>\r\n<p class="p0" style="margin-bottom: 0pt; margin-top: 0pt; text-autospace: ideograph-other; text-align: justify; line-height: 16.0000pt;"><span style="mso-spacerun: ''yes''; font-size: 10.5000pt; font-family: ''宋体'';">17.2&nbsp;<span style="font-family: 宋体;">乙方联系方式以其开设之网上店铺内资料为准，甲方联系方式以</span></span><span style="mso-spacerun: ''yes''; font-size: 10.5000pt; font-family: ''宋体'';">E</span><span style="letter-spacing: 0pt; font-size: 10.5pt; font-family: 宋体; background-position: initial initial; background-repeat: initial initial;">家建材商城</span><span style="mso-spacerun: ''yes''; font-size: 10.5000pt; font-family: ''宋体'';">网页公示信息为准。&nbsp;&nbsp;&nbsp;</span></p>\r\n<p class="p0" style="margin-bottom: 0pt; margin-top: 0pt; text-autospace: ideograph-other; text-align: justify; line-height: 16.0000pt;"><span style="mso-spacerun: ''yes''; font-size: 10.5000pt; font-family: ''宋体'';">&nbsp;</span></p>\r\n<p class="p0" style="margin-bottom: 0pt; margin-top: 0pt; text-autospace: ideograph-other; text-align: justify; line-height: 16.0000pt;"><span style="mso-spacerun: ''yes''; font-weight: bold; font-size: 10.5000pt; font-family: ''宋体'';">18.&nbsp;<span style="font-family: 宋体;">争议解决&nbsp;&nbsp;</span></span></p>\r\n<p class="p0" style="margin-bottom: 0pt; margin-top: 0pt; text-autospace: ideograph-other; text-align: justify; line-height: 16.0000pt;"><span style="mso-spacerun: ''yes''; font-size: 10.5000pt; font-family: ''宋体'';">18.1&nbsp;<span style="font-family: 宋体;">在双方就本协议项下条款的解释和履行发生争议时，双方应以善意通过协商解决该争议。&nbsp;</span></span></p>\r\n<p class="p0" style="margin-bottom: 0pt; margin-top: 0pt; text-autospace: ideograph-other; text-align: justify; line-height: 16.0000pt;"><span style="mso-spacerun: ''yes''; font-size: 10.5000pt; font-family: ''宋体'';">18.2&nbsp;<span style="font-family: 宋体;">如协商不成，双方应将有关争议提交仲裁委员会按照其现行仲裁规则仲裁解决。仲裁地点在？？；仲裁使用之语言为中文。仲裁裁决应是终局性的，对双方均有拘束力。&nbsp;</span></span></p>\r\n<p class="p0" style="margin-bottom: 0pt; margin-top: 0pt; text-autospace: ideograph-other; text-align: justify; line-height: 16.0000pt;"><span style="mso-spacerun: ''yes''; font-size: 10.5000pt; font-family: ''宋体'';">18.3&nbsp;<span style="font-family: 宋体;">本协议的订立、效力、执行、解释及争议的解决均应适用中国法律。&nbsp;&nbsp;&nbsp;</span></span></p>\r\n<p class="p0" style="margin-bottom: 0pt; margin-top: 0pt; text-autospace: ideograph-other; text-align: justify; line-height: 16.0000pt;"><span style="mso-spacerun: ''yes''; font-size: 10.5000pt; font-family: ''宋体'';">&nbsp;</span></p>\r\n<p class="p0" style="margin-bottom: 0pt; margin-top: 0pt; text-autospace: ideograph-other; text-align: justify; line-height: 16.0000pt;"><span style="mso-spacerun: ''yes''; font-weight: bold; font-size: 10.5000pt; font-family: ''宋体'';">19.&nbsp;<span style="font-family: 宋体;">其他规定&nbsp;</span></span><span style="mso-spacerun: ''yes''; font-size: 10.5000pt; font-family: ''宋体'';">&nbsp;</span></p>\r\n<p class="p0" style="margin-bottom: 0pt; margin-top: 0pt; text-autospace: ideograph-other; text-align: justify; line-height: 16.0000pt;"><span style="mso-spacerun: ''yes''; font-size: 10.5000pt; font-family: ''宋体'';">19.1&nbsp;<span style="font-family: 宋体;">如果本协议中的任何条款因违反法律或政府规定或因其他原因而完全或部分无效，则该条款被视为删除。但该条款的删除不影响本协议其他条款的效力。&nbsp;&nbsp;&nbsp;&nbsp;</span></span></p>\r\n<p class="p0" style="margin-bottom: 0pt; margin-top: 0pt; text-autospace: ideograph-other; text-align: justify; line-height: 16.0000pt;"><span style="mso-spacerun: ''yes''; font-size: 10.5000pt; font-family: ''宋体'';">&nbsp;</span></p>', 255, 1, 1403633655, 0, 0, 0);
INSERT INTO `ecm_article` (`article_id`, `code`, `title`, `cate_id`, `store_id`, `link`, `content`, `sort_order`, `if_show`, `add_time`, `gcate_id_1`, `gcate_id_2`, `gcate_id_3`) VALUES
(37, '', '正品保证', 38, 0, '', '', 255, 1, 1403633661, 0, 0, 0),
(38, '', '注册协议', 38, 0, '', '', 255, 1, 1403633669, 0, 0, 0),
(39, '', '隐私保护', 38, 0, '', '', 255, 1, 1403633675, 0, 0, 0),
(40, '', '免责声明', 38, 0, '', '<h2 class="contentTitle" style="padding-top: 5px; padding-left: 20px; border: 0px; vertical-align: baseline; font-size: 20px; color: #494949; font-family: ''Microsoft YaHei'', ''Microsoft JhengHei'', arial; line-height: 19px;">E家建材商城综合功能使用协议</h2>\r\n<div id="content" style="min-height: 400px; padding: 20px; line-height: 20px;">如果您对本协议的任何条款表示异议，您可以选择不使用商城综合介绍功能。您使用商城综合介绍功能，则意味着您将自愿遵守以下规则，并完全服从于E家建材商城的统一管理。\r\n<h3 style="margin-top: 30px; margin-bottom: 10px; border: 0px; vertical-align: baseline; font-size: 16px; font-family: ''Microsoft YaHei'', ''Microsoft JhengHei'', arial;">一、 审核与处罚</h3>\r\n<h4 style="border: 0px; vertical-align: baseline;">1.删除原则</h4>\r\n<p style="margin-top: 4px; margin-bottom: 4px; border: 0px; vertical-align: baseline; text-indent: 2em;">A．含有色情、暴力、恐怖、不文明内容</p>\r\n<ul class="listStyle" style="margin-left: 4em; border: 0px; vertical-align: baseline;">\r\n<li style="margin-left: 6px; border: 0px; vertical-align: baseline; list-style-type: circle;">详细描写性器官、性行为和性心理</li>\r\n<li style="margin-left: 6px; border: 0px; vertical-align: baseline; list-style-type: circle;">传播色情图片或其他色情内容</li>\r\n<li style="margin-left: 6px; border: 0px; vertical-align: baseline; list-style-type: circle;">详细描写暴力行为过程和身心体验</li>\r\n<li style="margin-left: 6px; border: 0px; vertical-align: baseline; list-style-type: circle;">详细描写恐怖事件和主观感受</li>\r\n<li style="margin-left: 6px; border: 0px; vertical-align: baseline; list-style-type: circle;">引诱他人见面发生性关系或卖淫</li>\r\n<li style="margin-left: 6px; border: 0px; vertical-align: baseline; list-style-type: circle;">雇佣、引诱他人从事暴力活动</li>\r\n<li style="margin-left: 6px; border: 0px; vertical-align: baseline; list-style-type: circle;">恐吓他人</li>\r\n<li style="margin-left: 6px; border: 0px; vertical-align: baseline; list-style-type: circle;">提供符合上述特点的链接</li>\r\n</ul>\r\n<p style="margin-top: 4px; margin-bottom: 4px; border: 0px; vertical-align: baseline; text-indent: 2em;">B．具有广告性质</p>\r\n<ul class="listStyle" style="margin-left: 4em; border: 0px; vertical-align: baseline;">\r\n<li style="margin-left: 6px; border: 0px; vertical-align: baseline; list-style-type: circle;">为了增加流量而故意引导他人到某个网站或论坛</li>\r\n<li style="margin-left: 6px; border: 0px; vertical-align: baseline; list-style-type: circle;">为某盈利性的组织或个人广告</li>\r\n<li style="margin-left: 6px; border: 0px; vertical-align: baseline; list-style-type: circle;">从事任何物品（包括虚拟物品，如虚拟货币等）的交易</li>\r\n<li style="margin-left: 6px; border: 0px; vertical-align: baseline; list-style-type: circle;">宣传、发展传销活动</li>\r\n<li style="margin-left: 6px; border: 0px; vertical-align: baseline; list-style-type: circle;">提供符合上述特点的链接</li>\r\n</ul>\r\n<p style="margin-top: 4px; margin-bottom: 4px; border: 0px; vertical-align: baseline; text-indent: 2em;">C．含有反动内容</p>\r\n<ul class="listStyle" style="margin-left: 4em; border: 0px; vertical-align: baseline;">\r\n<li style="margin-left: 6px; border: 0px; vertical-align: baseline; list-style-type: circle;">恶意评价国家现行制度</li>\r\n<li style="margin-left: 6px; border: 0px; vertical-align: baseline; list-style-type: circle;">破坏社会公共秩序</li>\r\n<li style="margin-left: 6px; border: 0px; vertical-align: baseline; list-style-type: circle;">挑起民族、种族、宗教、地域等争端</li>\r\n<li style="margin-left: 6px; border: 0px; vertical-align: baseline; list-style-type: circle;">恶意攻击政府机构与政府官员</li>\r\n<li style="margin-left: 6px; border: 0px; vertical-align: baseline; list-style-type: circle;">宣传迷信活动和邪教组织</li>\r\n<li style="margin-left: 6px; border: 0px; vertical-align: baseline; list-style-type: circle;">提供符合上述特点的链接</li>\r\n</ul>\r\n<p style="margin-top: 4px; margin-bottom: 4px; border: 0px; vertical-align: baseline; text-indent: 2em;">D．含有人身攻击内容</p>\r\n<ul class="listStyle" style="margin-left: 4em; border: 0px; vertical-align: baseline;">\r\n<li style="margin-left: 6px; border: 0px; vertical-align: baseline; list-style-type: circle;">诽谤他人，散布虚假信息</li>\r\n<li style="margin-left: 6px; border: 0px; vertical-align: baseline; list-style-type: circle;">侵犯他人肖像权、隐私权等其他合法权益</li>\r\n<li style="margin-left: 6px; border: 0px; vertical-align: baseline; list-style-type: circle;">用粗言秽语侮辱他人，造成身心伤害</li>\r\n<li style="margin-left: 6px; border: 0px; vertical-align: baseline; list-style-type: circle;">损害社会团体或组织的名誉</li>\r\n<li style="margin-left: 6px; border: 0px; vertical-align: baseline; list-style-type: circle;">提供符合上述特点的链接</li>\r\n</ul>\r\n<p style="margin-top: 4px; margin-bottom: 4px; border: 0px; vertical-align: baseline; text-indent: 2em;">E．含有违背伦理道德内容</p>\r\n<ul class="listStyle" style="margin-left: 4em; border: 0px; vertical-align: baseline;">\r\n<li style="margin-left: 6px; border: 0px; vertical-align: baseline; list-style-type: circle;">包含违反社会公共道德的内容</li>\r\n<li style="margin-left: 6px; border: 0px; vertical-align: baseline; list-style-type: circle;">宣扬颓废、消极的人生观</li>\r\n<li style="margin-left: 6px; border: 0px; vertical-align: baseline; list-style-type: circle;">劝诱自杀，描写自杀方法和过程</li>\r\n<li style="margin-left: 6px; border: 0px; vertical-align: baseline; list-style-type: circle;">歧视和贬低弱势群体，如残疾、老龄和经济状况较差等</li>\r\n<li style="margin-left: 6px; border: 0px; vertical-align: baseline; list-style-type: circle;">教授侵犯他人权益的方法，如黑客、诈骗等</li>\r\n<li style="margin-left: 6px; border: 0px; vertical-align: baseline; list-style-type: circle;">宣传或劝诱师生恋、外遇、乱伦等违反伦常的行为</li>\r\n<li style="margin-left: 6px; border: 0px; vertical-align: baseline; list-style-type: circle;">包含其他可能导致他人反感或不快内容的</li>\r\n<li style="margin-left: 6px; border: 0px; vertical-align: baseline; list-style-type: circle;">提供符合上述特点的链接</li>\r\n</ul>\r\n<p style="margin-top: 4px; margin-bottom: 4px; border: 0px; vertical-align: baseline; text-indent: 2em;">F．具有恶意、无聊和灌水性质</p>\r\n<ul class="listStyle" style="margin-left: 4em; border: 0px; vertical-align: baseline;">\r\n<li style="margin-left: 6px; border: 0px; vertical-align: baseline; list-style-type: circle;">出现真实姓名（非公众人物）和提供电话号码</li>\r\n<li style="margin-left: 6px; border: 0px; vertical-align: baseline; list-style-type: circle;">具有聊天、寻人、征友等特点</li>\r\n<li style="margin-left: 6px; border: 0px; vertical-align: baseline; list-style-type: circle;">词条名称和词条内容严重不符</li>\r\n<li style="margin-left: 6px; border: 0px; vertical-align: baseline; list-style-type: circle;">词条或评论内容包含有严重影响网友浏览的内容或格式</li>\r\n<li style="margin-left: 6px; border: 0px; vertical-align: baseline; list-style-type: circle;">其他可判断为灌水的无价值内容</li>\r\n</ul>\r\n<p style="margin-top: 4px; margin-bottom: 4px; border: 0px; vertical-align: baseline; text-indent: 2em;">G．其他百姓商城认为不恰当的情况</p>\r\n<h4 style="border: 0px; vertical-align: baseline;">2.相应处罚方法</h4>\r\n<ul class="listStyle" style="margin-left: 4em; border: 0px; vertical-align: baseline;">\r\n<li style="margin-left: 6px; border: 0px; vertical-align: baseline; list-style-type: circle;">创建、编辑和评论词条，因为违反<a style="margin: 0px; padding: 0px; border: 0px; vertical-align: baseline; color: #0066ff; text-decoration: none;" href="http://www.baixingmall.com/html/protocol/comprehensive.html">商城综合介绍功能使用协议</a>被删除后， 管理员会视情节轻重对用户进行扣分（-5、-10、-15分三种）。</li>\r\n<li style="margin-left: 6px; border: 0px; vertical-align: baseline; list-style-type: circle;">违规情节格外严重者，将酌情对其进行加倍扣分，有限期封禁帐号、IP，永久封禁帐号、IP等不同形式的处罚。</li>\r\n</ul>\r\n<h4 style="border: 0px; vertical-align: baseline;">3.对帐号的管理原则</h4>\r\n<p style="margin-top: 4px; margin-bottom: 4px; border: 0px; vertical-align: baseline; text-indent: 2em;">凡含有下列行为之一者，百姓商城有权删除其相应帐号，情节严重者，将酌情封禁对应IP</p>\r\n<ul class="listStyle" style="margin-left: 4em; border: 0px; vertical-align: baseline;">\r\n<li style="margin-left: 6px; border: 0px; vertical-align: baseline; list-style-type: circle;">模仿管理人员ID，用以假冒管理人员或破坏管理人员形象</li>\r\n<li style="margin-left: 6px; border: 0px; vertical-align: baseline; list-style-type: circle;">模仿或盗用他人ID</li>\r\n<li style="margin-left: 6px; border: 0px; vertical-align: baseline; list-style-type: circle;">个人签名包含有严重影响网友浏览的内容或格式</li>\r\n<li style="margin-left: 6px; border: 0px; vertical-align: baseline; list-style-type: circle;">其他E家建材商城认为不恰当的情况</li>\r\n</ul>\r\n<h3 style="margin-top: 30px; margin-bottom: 10px; border: 0px; vertical-align: baseline; font-size: 16px; font-family: ''Microsoft YaHei'', ''Microsoft JhengHei'', arial;">二、 权利说明</h3>\r\n<p style="margin-top: 4px; margin-bottom: 4px; border: 0px; vertical-align: baseline; text-indent: 2em;">1.E家建材商城的用户不得侵犯包括他人的著作权在内的知识产权以及其他权利。由于用户的相关帖子引起的任何知识产权纠纷，其责任在于用户本人，与百姓商城无关。</p>\r\n<p style="margin-top: 4px; margin-bottom: 4px; border: 0px; vertical-align: baseline; text-indent: 2em;">2.E家建材商城的用户未经著作权人的同意，对他人的作品进行全部或部分的复制，传播，拷贝，有可能侵害到他人的著作权时，不得把相关内容发布到百姓商城上。</p>\r\n<p style="margin-top: 4px; margin-bottom: 4px; border: 0px; vertical-align: baseline; text-indent: 2em;">3.E家建材商城的用户在商城综合介绍功能 上发布的内容引用自CC协议（&ldquo;知识共享&rdquo;协议），经本地化的中国大陆版许可协议的中文名称为&ldquo;知识共享 2.5 中国大陆版协议&rdquo;。署名－非商业性使用－禁止演绎。参见http://cn.creativecommons.org。共包括六套不同的协议，供使用者选择，以满足不同的需要。</p>\r\n<ul class="m2em" style="margin-left: 2em; border: 0px; vertical-align: baseline;">\r\n<li style="margin-left: 2em; border: 0px; vertical-align: baseline; list-style-type: none;">1)署名：\r\n<ul style="border: 0px; vertical-align: baseline;">\r\n<li style="margin-left: 2em; border: 0px; vertical-align: baseline; list-style-type: none;">您允许他人对自己享有著作权的作品及演绎作品进行复制、发行、展览、表演、放映、广播或通过信息网络向公众传播，但在这些过程中对方必须保留您对原作品的署名。</li>\r\n</ul>\r\n</li>\r\n<li style="margin-left: 2em; border: 0px; vertical-align: baseline; list-style-type: none;">2)非商业性使用：\r\n<ul style="border: 0px; vertical-align: baseline;">\r\n<li style="margin-left: 2em; border: 0px; vertical-align: baseline; list-style-type: none;">您允许他人对您享有著作权的作品及演绎作品进行复制、发行、展览、表演、放映、广播或通过信息网络向公众传播，但仅限于非商业性目的。</li>\r\n</ul>\r\n</li>\r\n<li style="margin-left: 2em; border: 0px; vertical-align: baseline; list-style-type: none;">3)禁止演绎：\r\n<ul style="border: 0px; vertical-align: baseline;">\r\n<li style="margin-left: 2em; border: 0px; vertical-align: baseline; list-style-type: none;">您允许他人对您的作品原封不动地进行复制、发行、展览、表演、放映、广播或通过信息网络向公众传播，但不得进行演绎创作。</li>\r\n</ul>\r\n</li>\r\n<li style="margin-left: 2em; border: 0px; vertical-align: baseline; list-style-type: none;">4)相同方式共享：\r\n<ul style="border: 0px; vertical-align: baseline;">\r\n<li style="margin-left: 2em; border: 0px; vertical-align: baseline; list-style-type: none;">只有在他人对演绎作品使用与您的原作品相同的许可协议的情况下，您才允许他人发行其演绎作品。</li>\r\n<li style="margin-left: 2em; border: 0px; vertical-align: baseline; list-style-type: none;">注：许可协议协议不能同时包含&ldquo;相同方式共享&rdquo;和&ldquo;禁止演绎&rdquo;许可要素，&ldquo;相同方式共享&rdquo;要素仅适用于演绎作品。</li>\r\n</ul>\r\n</li>\r\n<li style="margin-left: 2em; border: 0px; vertical-align: baseline; list-style-type: none;">5)采用授权条款 :当您完成选择之后，您将会得到以下三种方式表述的的许可协议：\r\n<ul style="border: 0px; vertical-align: baseline;">\r\n<li style="margin-left: 2em; border: 0px; vertical-align: baseline; list-style-type: none;">普通文本：对许可协议所作的通俗、简洁摘要，并配以相关图示。</li>\r\n<li style="margin-left: 2em; border: 0px; vertical-align: baseline; list-style-type: none;">法律文本：能确保许可协议在法院具有效力的完整协议版本。</li>\r\n<li style="margin-left: 2em; border: 0px; vertical-align: baseline; list-style-type: none;">元数据：将许可协议转换为机器可读的形式，能协助搜索引擎以及其他应用程序查找您所选择的许可协议。</li>\r\n</ul>\r\n</li>\r\n<li style="margin-left: 2em; border: 0px; vertical-align: baseline; list-style-type: none;">6)使用许可协议\r\n<ul style="border: 0px; vertical-align: baseline;">\r\n<li style="margin-left: 2em; border: 0px; vertical-align: baseline; list-style-type: none;">在网站中设置使用许可协议，链接到普通文本，这样全世界都能注意到该许可协议。如果发现有人违反许可协议，便能以此为基础提起侵害著作权的诉讼。</li>\r\n</ul>\r\n</li>\r\n<li style="margin-left: 2em; border: 0px; vertical-align: baseline; list-style-type: none;">关于六套协议的具体信息，请参阅http://cn.creativecommons.org/index.php/licenses/licenses_exp。）或 GFDL 协议（GNU 自由文档协议，GFDL协议下内容及其衍生品，可以自由地下载、复制、展示、再分发及商业使用，用户引用时请明确给出出处的链接，且只能继续以GFDL授权释出。参见http://www.gnu.org/copyleft/fdl.html）保护的作品的，应分别按照上述协议的规定，合理使用他人作品。</li>\r\n</ul>\r\n<p style="margin-top: 4px; margin-bottom: 4px; border: 0px; vertical-align: baseline; text-indent: 2em;">4.E家建材商城尊重他人知识产权和合法权益，呼吁用户也要同样尊重他人知识产权和其他合法权益。若您认为您的知识产权或其他合法权益被侵犯，请按照以下说明向E家建材商城提供资料。</p>\r\n<ul style="border: 0px; vertical-align: baseline;">\r\n<li style="margin-left: 2em; border: 0px; vertical-align: baseline; list-style-type: none;">请注意：如果权利通知的陈述失实，权利通知提交者将承担对由此造成的全部法律责任（包括但不限于赔偿各种费用及律师费）。如果上述个人或单位不确定网络上可获取的资料是否侵犯了其知识产权和其他合法权益，<span style="text-indent: 24px;">E家建材</span>商城建议该个人或单位首先咨询专业人士。</li>\r\n<li style="margin-left: 2em; border: 0px; vertical-align: baseline; list-style-type: none;">为了<span style="text-indent: 24px;">E家建材</span>商城有效处理上述个人或单位的权利通知，请使用以下格式（包括各条款的序号）：\r\n<ul style="border: 0px; vertical-align: baseline;">\r\n<li style="margin-left: 2em; border: 0px; vertical-align: baseline; list-style-type: none;">1)请提供具体的联络信息，包括姓名、身份证或护照复印件（对自然人）、单位登记证明复印件（对单位）、通信地址、电话号码、传真和电子邮件。</li>\r\n<li style="margin-left: 2em; border: 0px; vertical-align: baseline; list-style-type: none;">2)请完整、准确地指明涉嫌侵权作品的名称和登载该作品的网页的地址。</li>\r\n<li style="margin-left: 2em; border: 0px; vertical-align: baseline; list-style-type: none;">3)请提供构成侵权的初步证明材料，谨此提示如以下材料可能会构成初步证明：\r\n<ul style="border: 0px; vertical-align: baseline;">\r\n<li style="margin-left: 2em; border: 0px; vertical-align: baseline; list-style-type: none;">a.对涉嫌侵权作品拥有著作权和/或依法可以行使信息网络传播权的权属证明。</li>\r\n<li style="margin-left: 2em; border: 0px; vertical-align: baseline; list-style-type: none;">b.对涉嫌侵权作品侵权事实的举证。</li>\r\n</ul>\r\n</li>\r\n<li style="margin-left: 2em; border: 0px; vertical-align: baseline; list-style-type: none;">4)请您在该权利通知落款处亲笔签名，如果您是依法成立的机构或组织，请您加盖公章。</li>\r\n</ul>\r\n</li>\r\n</ul>\r\n<p style="margin-top: 4px; margin-bottom: 4px; border: 0px; vertical-align: baseline; text-indent: 2em;">5.E家建材商城用户的言论侵犯了任何第三方的著作权或其他权利，第三方提出异议时，E家建材商城有权自行决定删除相关的内容。</p>\r\n<p style="margin-top: 4px; margin-bottom: 4px; border: 0px; vertical-align: baseline; text-indent: 2em;">6.E家建材商城根据前述原因删除相关内容的，被删除内容的内容提供者可以依法向E家建材商城发出关于被删除内容不侵犯著作权的反通知。反通知发出后，E家建材商城可以恢复被删除的内容或链接，且依法对该恢复行为不承担法律责任。</p>\r\n<p style="margin-top: 4px; margin-bottom: 4px; border: 0px; vertical-align: baseline; text-indent: 2em;">7.E家建材商城用户发表、转载的所有内容及其它附属品（如示例代码、图片等）的版权归原作者所有。若作者版权声明的或发表内容从其它站转载而附带有原所有站的版权声明者，其版权归属以附带声明为准。作者无专门声明或者转载时无附带声明的内容及其它附属品（如示例代码、图片等）以下原则为准：</p>\r\n<ul style="border: 0px; vertical-align: baseline;">\r\n<li style="margin-left: 2em; border: 0px; vertical-align: baseline; list-style-type: none;">1）在用于非商业、非盈利、非广告性目的时需注明作者及出处&ldquo;<span style="text-indent: 24px;">E家建材</span>商城&rdquo;；</li>\r\n<li style="margin-left: 2em; border: 0px; vertical-align: baseline; list-style-type: none;">2）在用于商业、盈利、广告性目的时需征得作者同意，并注明作者姓名、授权范围及出处&ldquo;<span style="text-indent: 24px;">E家建材</span>姓商城&rdquo;；</li>\r\n<li style="margin-left: 2em; border: 0px; vertical-align: baseline; list-style-type: none;">3）在<span style="text-indent: 24px;">E家建材</span>商城之外，对<span style="text-indent: 24px;">E家建材</span>商城用户发表、转载的作品，进行任何修改与部份删除均需应保持作者文字原意，并征求<span style="text-indent: 24px;">E家建材</span>商城同意。</li>\r\n</ul>\r\n<p style="margin-top: 4px; margin-bottom: 4px; border: 0px; vertical-align: baseline; text-indent: 2em;">8.对于用户发表到E家建材商城上可公开获取区域的任何内容，用户同意E家建材商城在全世界范围内具有免费的、永久性的、不可撤销的、非独家的和完全再许可的权利和许可，以使用、复制、修改、改编、出版、翻译、据以创作衍生作品、传播、表演和展示此等内容（整体或部分），和/或将此等内容编入当前已知的或以后开发的其他任何形式的作品、媒体或技术中。用户同意E家建材商城的其他用户对其发表的可公开获取区域的任何内容进行任意修改和部分删除。</p>\r\n<p style="margin-top: 4px; margin-bottom: 4px; border: 0px; vertical-align: baseline; text-indent: 2em;">9.E家建材商城不对用户发表的内容及其它附属品（如示例代码、图片等）的正确性进行保证，用户发表的内容及其它附属品（如示例代码、图片等）不代表E家建材商城观点和立场。</p>\r\n<p style="margin-top: 4px; margin-bottom: 4px; border: 0px; vertical-align: baseline; text-indent: 2em;">10.E家建材商城对于上述声明内容拥有解释权和修订权。</p>\r\n<h3 style="margin-top: 30px; margin-bottom: 10px; border: 0px; vertical-align: baseline; font-size: 16px; font-family: ''Microsoft YaHei'', ''Microsoft JhengHei'', arial;">三、 E家建材商城对于本协议内容拥有最终解释权和修订权</h3>\r\n</div>', 255, 1, 1403633680, 0, 0, 0),
(41, '', '家居广场全国首秀惠蓉城', 36, 0, '', '', 255, 1, 1403704039, 0, 0, 0),
(42, '', '央视：指尖上的变革', 36, 0, '', '', 255, 1, 1403704052, 0, 0, 0),
(43, '', '与“出口第一品牌”贝尔地板达成战略合作关系', 36, 0, '', '', 255, 1, 1403704068, 0, 0, 0),
(44, '', '家居电商试水营销新模式', 36, 0, '', '', 255, 1, 1403704081, 0, 0, 0),
(45, '', '荣获2013风云榜“年度创业公司”奖', 36, 0, '', '', 255, 1, 1403704096, 0, 0, 0),
(46, '', '商品验货与签收', 37, 0, '', '', 255, 1, 1404406624, 0, 0, 0),
(47, '', '注册协议', 38, 0, '', '', 255, 1, 1404406638, 0, 0, 0),
(48, '', '隐私保护', 38, 0, '', '<p class="MsoNormal" style="margin-bottom: 15.6pt; line-height: 25px;"><span style="color: #999999; margin-left: 10px; font-family: 宋体;">我们尊重您的资料和私隐权。承诺在遵守个人资料（私隐）条例的规定时，将完全符合国际认可的保障个人资料私隐（准则），并确保公司职员遵守最严格的安全和保密准则。</span></p>\r\n<p class="MsoNormal" style="margin-bottom: 15.6pt; line-height: 25px;"><span style="color: #999999; margin-left: 10px; font-family: 宋体;">一、一般情况下，您无须提供您的姓名或其它个人信息即可访问我们的站点。但有时我们可能需要您提供一些信息，例如为了处理订单会与您联系等。我们可能需要这些信息完成以上事务的处理或提供更好的服务。</span></p>\r\n<p class="MsoNormal" style="margin-bottom: 15.6pt; line-height: 25px;"><span style="color: #999999; margin-left: 10px; font-family: 宋体;">二、本网站将对您所提供的资料会进行严格的管理及保护，并将使用相应的技术，防止您个人资料的丢失、被盗用或被篡改。</span></p>\r\n<p class="MsoNormal" style="margin-bottom: 15.6pt; line-height: 25px;"><span style="color: #999999; margin-left: 10px; font-family: 宋体;">三、本网站在必要时将会由专业技术人员代为对该类信息资料进行电脑处理，以用来符合专业分工的要求。如本网站届时将电脑处理通知送达予您，而您未在通知规定的时间内表示反对，将会被本网站视为默认。</span></p>\r\n<p class="MsoNormal" style="margin-bottom: 15.6pt; line-height: 25px;"><span style="color: #999999; margin-left: 10px; font-family: 宋体;">四、本网站将对您在商城所购商品信息进行严格保密。</span></p>\r\n<p class="MsoNormal" style="margin-bottom: 15.6pt; line-height: 25px;"><span style="color: #999999; margin-left: 10px; font-family: 宋体;">五、本网站非常重视对用户隐私权的保护，承诺不会在未获得用户许可的情况下擅自将用户的个人资料信息泄露给任何第三方，但以下情况除外：</span></p>\r\n<p class="MsoNormal" style="margin-bottom: 15.6pt; line-height: 25px;"><span style="color: #999999; margin-left: 10px;" lang="EN-US">1</span><span style="color: #999999; margin-left: 10px; font-family: 宋体;">、政府部门、司法机关等依照法定程序要求本网站披露个人资料时，本网站将根据执法单位之要求或为公共安全之目的提供个人资料；</span></p>\r\n<p class="MsoNormal" style="margin-bottom: 15.6pt; line-height: 25px;"><span style="color: #999999; margin-left: 10px;" lang="EN-US">2</span><span style="color: #999999; margin-left: 10px; font-family: 宋体;">、由于用户将个人密码告知他人或与他人共享注册账户，由此导致的任何个人资料泄露；</span></p>\r\n<p class="MsoNormal" style="margin-bottom: 15.6pt; line-height: 25px;"><span style="color: #999999; margin-left: 10px;" lang="EN-US">3</span><span style="color: #999999; margin-left: 10px; font-family: 宋体;">、任何由于计算机问题、黑客攻击、计算机病毒侵入或发作、因政府管制而造成的暂时性关闭等影响网络正常经营的不可抗力而造成的个人资料泄露、丢失、被盗用或被窜改等；</span></p>\r\n<p class="MsoNormal" style="margin-bottom: 15.6pt; line-height: 25px;"><span style="color: #999999; margin-left: 10px;" lang="EN-US">4</span><span style="color: #999999; margin-left: 10px; font-family: 宋体;">、由于与本网站链接的其他网站所造成之个人资料泄露及由此而导致的任何法律争议和后果。</span></p>\r\n<p class="MsoNormal" style="margin-bottom: 15.6pt; line-height: 25px;"><span style="color: #999999; margin-left: 10px; font-family: 宋体;">六、本网站将建立和维持一合理的程序，以保护未成年人个人资料的保密性及安全性。本网站郑重声明：任何</span><span style="color: #999999; margin-left: 10px;" lang="EN-US">16</span><span style="color: #999999; margin-left: 10px; font-family: 宋体;">岁以下的未成年人参加网上活动应事先得到家长或其法定监护人的可经查证的同意。未经监护人之同意，本网站将不会使用未成年人之个人资料，亦不会向任何第三方披露或传送可识别该未成人的个人资料。</span></p>\r\n<p class="MsoNormal" style="margin-bottom: 15.6pt; line-height: 25px;"><span style="color: #999999; margin-left: 10px; font-family: 宋体;">七、本网站采取了各种措施以确保您进行购物等活动的安全性，可以有效地防止信息在传送中出现丢失，盗用或被篡改等情况。您可放心地在网上购买商品，享受网上购物的乐趣。</span></p>', 255, 1, 1404406656, 0, 0, 0),
(49, '', '免责声明', 38, 0, '', '', 255, 1, 1404406669, 0, 0, 0),
(50, '', '订单状态', 20, 0, '', '', 255, 1, 1405013702, 0, 0, 0),
(51, '', '订单受理时间', 37, 0, '', '', 255, 1, 1405013939, 0, 0, 0),
(52, '', '运费说明', 37, 0, '', '', 255, 1, 1405013962, 0, 0, 0),
(53, '', '招商加盟', 6, 0, '', '', 255, 1, 1405363332, 0, 0, 0),
(55, '', 'wqewq', -1, 2, NULL, '<p>fewferfgregtr</p>', 255, 1, 1405651247, 0, 0, 0),
(56, '', 'hthyt', -1, 2, NULL, '<p>fewgrthr</p>', 255, 1, 1405651267, 0, 0, 0),
(57, '', '厨卫主材的应用常识', 38, 0, '', '<p>厨卫主材的应用常识</p>', 255, 1, 1405712926, 1, 2, 4),
(58, '', '厨卫主材的应用常识厨卫主材的应用常识', 38, 0, '', '<p>厨卫主材的应用常识</p>', 255, 1, 1405712999, 1, 12, 15);
INSERT INTO `ecm_article` (`article_id`, `code`, `title`, `cate_id`, `store_id`, `link`, `content`, `sort_order`, `if_show`, `add_time`, `gcate_id_1`, `gcate_id_2`, `gcate_id_3`) VALUES
(59, '', '服务认证约定', 25, 0, '', '<p class="p0" style="margin-bottom: 0pt; margin-top: 0pt; text-autospace: ideograph-other; text-align: justify; line-height: 16.0000pt;"><span style="mso-spacerun: ''yes''; font-weight: bold; font-size: 16.0000pt; font-family: ''迷你简小标宋'';">服务认证约定</span><span style="mso-spacerun: ''yes''; font-weight: bold; font-size: 18.0000pt; font-family: ''迷你简小标宋'';">&nbsp;</span><span style="mso-spacerun: ''yes''; font-size: 10.5000pt; font-family: ''宋体'';">&nbsp;</span><span style="mso-spacerun: ''yes''; font-size: 10.5000pt; font-family: ''宋体'';"></span></p>\r\n<p class="p0" style="margin-bottom: 0pt; margin-top: 0pt; text-autospace: ideograph-other; text-align: justify; line-height: 16.0000pt;"><span style="mso-spacerun: ''yes''; font-size: 10.5000pt; font-family: ''宋体'';">&nbsp;</span></p>\r\n<p class="p0" style="margin-bottom: 0pt; margin-top: 0pt; text-autospace: ideograph-other; text-align: justify; line-height: 16.0000pt;"><span style="mso-spacerun: ''yes''; font-size: 10.5000pt; font-family: ''宋体'';">１）正品保障&nbsp;&nbsp;&nbsp;</span><span style="mso-spacerun: ''yes''; font-size: 10.5000pt; font-family: ''宋体'';"></span></p>\r\n<p class="p0" style="margin-bottom: 0pt; margin-top: 0pt; text-autospace: ideograph-other; text-align: justify; line-height: 16.0000pt;"><span style="mso-spacerun: ''yes''; font-size: 10.5000pt; font-family: ''宋体'';"> 指乙方需保证店铺内所售商品必须得到相应品牌商授权，均为正品。&nbsp;&nbsp;&nbsp;</span><span style="mso-spacerun: ''yes''; font-size: 10.5000pt; font-family: ''宋体'';"></span></p>\r\n<p class="p0" style="margin-bottom: 0pt; margin-top: 0pt; text-autospace: ideograph-other; text-align: justify; line-height: 16.0000pt;"><span style="mso-spacerun: ''yes''; font-size: 10.5000pt; font-family: ''宋体'';"> （如商家违反此条服务承诺，</span><span style="mso-spacerun: ''yes''; font-size: 10.5000pt; font-family: ''宋体'';">E</span><span style="letter-spacing: 0pt; font-size: 10.5pt; font-family: 宋体; background-position: initial initial; background-repeat: initial initial;">家建材商城</span><span style="mso-spacerun: ''yes''; font-size: 10.5000pt; font-family: ''宋体'';">将对商家处以非正品商品总额的十倍罚款，有权关闭其店铺，并无条件终止合同。罚款从商家当月订单货款中扣除，如不足，</span><span style="mso-spacerun: ''yes''; font-size: 10.5000pt; font-family: ''宋体'';">E</span><span style="letter-spacing: 0pt; font-size: 10.5pt; font-family: 宋体; background-position: initial initial; background-repeat: initial initial;">家建材商城</span><span style="mso-spacerun: ''yes''; font-size: 10.5000pt; font-family: ''宋体'';">有权向商家追讨。）&nbsp;&nbsp;</span><span style="mso-spacerun: ''yes''; font-size: 10.5000pt; font-family: ''宋体'';"></span></p>\r\n<p class="p0" style="margin-bottom: 0pt; margin-top: 0pt; text-autospace: ideograph-other; text-align: justify; line-height: 16.0000pt;"><span style="mso-spacerun: ''yes''; font-size: 10.5000pt; font-family: ''宋体'';">２）无假货承诺&nbsp;&nbsp;&nbsp;</span><span style="mso-spacerun: ''yes''; font-size: 10.5000pt; font-family: ''宋体'';"></span></p>\r\n<p class="p0" style="margin-bottom: 0pt; margin-top: 0pt; text-autospace: ideograph-other; text-align: justify; line-height: 16.0000pt;"><span style="mso-spacerun: ''yes''; font-size: 10.5000pt; font-family: ''宋体'';"> 指乙方需承诺店铺内所售商品无假冒伪劣商品。&nbsp;&nbsp;</span><span style="mso-spacerun: ''yes''; font-size: 10.5000pt; font-family: ''宋体'';"></span></p>\r\n<p class="p0" style="margin-bottom: 0pt; margin-top: 0pt; text-autospace: ideograph-other; text-align: justify; line-height: 16.0000pt;"><span style="mso-spacerun: ''yes''; font-size: 10.5000pt; font-family: ''宋体'';"> （如商家违反此条服务承诺，</span><span style="mso-spacerun: ''yes''; font-size: 10.5000pt; font-family: ''宋体'';">E</span><span style="letter-spacing: 0pt; font-size: 10.5pt; font-family: 宋体; background-position: initial initial; background-repeat: initial initial;">家建材商城</span><span style="mso-spacerun: ''yes''; font-size: 10.5000pt; font-family: ''宋体'';">将对商家处以假冒伪劣商品总额的十倍罚款，有权关闭其店铺，并终止合同。罚款从商家当月订单货款中扣除，如不足，</span><span style="mso-spacerun: ''yes''; font-size: 10.5000pt; font-family: ''宋体'';">E</span><span style="letter-spacing: 0pt; font-size: 10.5pt; font-family: 宋体; background-position: initial initial; background-repeat: initial initial;">家建材商城</span><span style="mso-spacerun: ''yes''; font-size: 10.5000pt; font-family: ''宋体'';">有权向商家追讨。）&nbsp;</span><span style="mso-spacerun: ''yes''; font-size: 10.5000pt; font-family: ''宋体'';"></span></p>\r\n<p class="p0" style="margin-bottom: 0pt; margin-top: 0pt; text-autospace: ideograph-other; text-align: justify; line-height: 16.0000pt;"><span style="mso-spacerun: ''yes''; font-size: 10.5000pt; font-family: ''宋体'';">３）产品三包&nbsp;&nbsp;</span><span style="mso-spacerun: ''yes''; font-size: 10.5000pt; font-family: ''宋体'';"></span></p>\r\n<p class="p0" style="margin-bottom: 0pt; margin-top: 0pt; text-autospace: ideograph-other; text-align: justify; line-height: 16.0000pt;"><span style="mso-spacerun: ''yes''; font-size: 10.5000pt; font-family: ''宋体'';"> 指乙方需遵守国家有关法律规定的商品三包要求，保证买家购买的商品享受商品三包服务。&nbsp;</span><span style="mso-spacerun: ''yes''; font-size: 10.5000pt; font-family: ''宋体'';"></span></p>\r\n<p class="p0" style="margin-bottom: 0pt; margin-top: 0pt; text-autospace: ideograph-other; text-align: justify; line-height: 16.0000pt;"><span style="mso-spacerun: ''yes''; font-size: 10.5000pt; font-family: ''宋体'';"> （如商家违反此条服务承诺，</span><span style="mso-spacerun: ''yes''; font-size: 10.5000pt; font-family: ''宋体'';">E</span><span style="letter-spacing: 0pt; font-size: 10.5pt; font-family: 宋体; background-position: initial initial; background-repeat: initial initial;">家建材商城</span><span style="mso-spacerun: ''yes''; font-size: 10.5000pt; font-family: ''宋体'';">将对商家处以商品总额的十倍罚款，有权关闭其店铺，并终止合同。罚款从商家当月订单货款中扣除，如不足，</span><span style="mso-spacerun: ''yes''; font-size: 10.5000pt; font-family: ''宋体'';">E</span><span style="letter-spacing: 0pt; font-size: 10.5pt; font-family: 宋体; background-position: initial initial; background-repeat: initial initial;">家建材商城</span><span style="mso-spacerun: ''yes''; font-size: 10.5000pt; font-family: ''宋体'';">有权向商家追讨。）</span><span style="mso-spacerun: ''yes''; font-size: 10.5000pt; font-family: ''宋体'';"></span></p>\r\n<p class="p0" style="margin-bottom: 0pt; margin-top: 0pt; text-autospace: ideograph-other; text-align: justify; line-height: 16.0000pt;"><span style="mso-spacerun: ''yes''; font-size: 10.5000pt; font-family: ''宋体'';">４）先行赔付&nbsp;&nbsp;</span><span style="mso-spacerun: ''yes''; font-size: 10.5000pt; font-family: ''宋体'';"></span></p>\r\n<p class="p0" style="margin-bottom: 0pt; margin-top: 0pt; text-autospace: ideograph-other; text-align: justify; line-height: 16.0000pt;"><span style="mso-spacerun: ''yes''; font-size: 10.5000pt; font-family: ''宋体'';"> 指乙方与买家进行交易后，如因乙方未履行消费者保障服务承诺而导致买家权益受损，且在买家直接要求乙方处理未果的情况下，甲方有权以普通或非专业人员的知识水平标准，根据相关证据材料和规则判定乙方是否应履行赔付义务。如是，则甲方有权直接扣除乙方相应金额保证金赔付给买家。</span><span style="mso-spacerun: ''yes''; font-size: 10.5000pt; font-family: ''宋体'';"></span></p>\r\n<p class="p0" style="margin-bottom: 0pt; margin-top: 0pt; text-autospace: ideograph-other; text-align: justify; line-height: 16.0000pt;"><span style="mso-spacerun: ''yes''; font-size: 10.5000pt; font-family: ''宋体'';">５）&ldquo;<span style="font-family: ''Times New Roman'';">7</span><span style="font-family: 宋体;">天无理由退换货&rdquo;&nbsp;（仅针对标准现货商品）&nbsp;&nbsp;</span></span><span style="mso-spacerun: ''yes''; font-size: 10.5000pt; font-family: ''宋体'';"></span></p>\r\n<p class="p0" style="margin-bottom: 0pt; margin-top: 0pt; text-autospace: ideograph-other; text-align: justify; line-height: 16.0000pt;"><span style="mso-spacerun: ''yes''; font-size: 10.5000pt; font-family: ''宋体'';"> &ldquo;<span style="font-family: ''Times New Roman'';">7</span><span style="font-family: 宋体;">天无理由退换货&rdquo;指乙方使用</span></span><span style="mso-spacerun: ''yes''; font-size: 10.5000pt; font-family: ''宋体'';">E</span><span style="letter-spacing: 0pt; font-size: 10.5pt; font-family: 宋体; background-position: initial initial; background-repeat: initial initial;">家建材商城</span><span style="mso-spacerun: ''yes''; font-size: 10.5000pt; font-family: ''宋体'';">提供的技术支持及服务向其买家提供的特别售后服务，允许买家按本协议及</span><span style="mso-spacerun: ''yes''; font-size: 10.5000pt; font-family: ''宋体'';">E</span><span style="letter-spacing: 0pt; font-size: 10.5pt; font-family: 宋体; background-position: initial initial; background-repeat: initial initial;">家建材商城</span><span style="mso-spacerun: ''yes''; font-size: 10.5000pt; font-family: ''宋体'';">其他公示规范的规定对其已购特定商品进行退换货。具体为，当</span><span style="mso-spacerun: ''yes''; font-size: 10.5000pt; font-family: ''宋体'';">E</span><span style="letter-spacing: 0pt; font-size: 10.5pt; font-family: 宋体; background-position: initial initial; background-repeat: initial initial;">家建材商城</span><span style="mso-spacerun: ''yes''; font-size: 10.5000pt; font-family: ''宋体'';">买家使用支付宝服务购买支持&ldquo;<span style="font-family: ''Times New Roman'';">7</span><span style="font-family: 宋体;">天无理由退换货&rdquo;的商品，在签收货物（以物流签收单时间为准）后</span><span style="font-family: ''Times New Roman'';">7</span><span style="font-family: 宋体;">天内（如有准确签收时间的，以该签收时间后的</span><span style="font-family: ''Times New Roman'';">168</span><span style="font-family: 宋体;">小时为</span><span style="font-family: ''Times New Roman'';">7</span><span style="font-family: 宋体;">天；如签收时间仅有日期的，以该日后的第二天零时起计算时间，满</span><span style="font-family: ''Times New Roman'';">168</span><span style="font-family: 宋体;">小时为</span><span style="font-family: ''Times New Roman'';">7</span><span style="font-family: 宋体;">天），若因买家主观原因不愿完成本次交易，乙方有义务向买家提供退换货服务；若乙方未履行其义务，则买家有权按照本协议向好居商城发起对该乙方的投诉，并申请&ldquo;</span><span style="font-family: ''Times New Roman'';">7</span><span style="font-family: 宋体;">天无理由退换货&rdquo;赔付（注：此条服务只针对乙方商品，如因买家主观原因不愿完成本次交易而产生的商品物流与安装等其它因销售产品产生的费用，买家应予以支付。）。&nbsp;&nbsp;</span></span><span style="mso-spacerun: ''yes''; font-size: 10.5000pt; font-family: ''宋体'';"></span></p>\r\n<p class="p0" style="margin-bottom: 0pt; margin-top: 0pt; text-autospace: ideograph-other; text-align: justify; line-height: 16.0000pt;"><span style="mso-spacerun: ''yes''; font-size: 10.5000pt; font-family: ''宋体'';">６）<span style="font-family: ''Times New Roman'';">24</span><span style="font-family: 宋体;">小时闪电发货（仅针对标准现货商品）&nbsp;&nbsp;</span></span><span style="mso-spacerun: ''yes''; font-size: 10.5000pt; font-family: ''宋体'';"></span></p>\r\n<p class="p0" style="margin-bottom: 0pt; margin-top: 0pt; text-autospace: ideograph-other; text-align: justify; line-height: 16.0000pt;"><span style="mso-spacerun: ''yes''; font-size: 10.5000pt; font-family: ''宋体'';"> &nbsp;&nbsp;&ldquo;<span style="font-family: ''Times New Roman'';">24</span><span style="font-family: 宋体;">小时闪电发货&rdquo;指乙方向买家提供在</span><span style="font-family: ''Times New Roman'';">24</span><span style="font-family: 宋体;">小时内发送除特殊定制或大宗订购外其他类目的实物商品的服务。&nbsp;&nbsp;</span></span><span style="mso-spacerun: ''yes''; font-size: 10.5000pt; font-family: ''宋体'';"></span></p>\r\n<p class="p0" style="margin-bottom: 0pt; margin-top: 0pt; text-autospace: ideograph-other; text-align: justify; line-height: 16.0000pt;"><span style="mso-spacerun: ''yes''; font-size: 10.5000pt; font-family: ''宋体'';"> （如商家违反此条服务承诺，</span><span style="mso-spacerun: ''yes''; font-size: 10.5000pt; font-family: ''宋体'';">E</span><span style="letter-spacing: 0pt; font-size: 10.5pt; font-family: 宋体; background-position: initial initial; background-repeat: initial initial;">家建材商城</span><span style="mso-spacerun: ''yes''; font-size: 10.5000pt; font-family: ''宋体'';">将对商家处以商品总额的十倍罚款，有权关闭其店铺，并终止合同。罚款从商家保证金内扣除，不足者从商家当月订单货款中扣除，如还不足，<span style="font-family: ''Times New Roman'';">E</span><span style="font-family: 宋体;">家建材商城有权向商家追讨。）&nbsp;</span></span><span style="mso-spacerun: ''yes''; font-size: 10.5000pt; font-family: ''宋体'';"></span></p>\r\n<p class="p0" style="margin-bottom: 0pt; margin-top: 0pt; text-autospace: ideograph-other; text-align: justify; line-height: 16.0000pt;"><span style="mso-spacerun: ''yes''; font-size: 10.5000pt; font-family: ''宋体'';">７）免费安装<span style="font-family: ''Times New Roman'';">(</span><span style="font-family: 宋体;">同城</span><span style="font-family: ''Times New Roman'';">)&nbsp;</span><span style="font-family: 宋体;">（针对定制</span><span style="font-family: ''Times New Roman'';">/</span><span style="font-family: 宋体;">订购商品）&nbsp;&nbsp;&nbsp;</span></span><span style="mso-spacerun: ''yes''; font-size: 10.5000pt; font-family: ''宋体'';"></span></p>\r\n<p class="p0" style="text-indent: 21.0000pt; margin-bottom: 0pt; margin-top: 0pt; text-autospace: ideograph-other; text-align: justify; line-height: 16.0000pt;"><span style="mso-spacerun: ''yes''; font-size: 10.5000pt; font-family: ''宋体'';">指乙方和买家如发生特殊定制商品或大宗订购商品交易时，乙方提供同城免费安装服务。&nbsp;</span><span style="mso-spacerun: ''yes''; font-size: 10.5000pt; font-family: ''宋体'';"></span></p>\r\n<p class="p0" style="text-indent: 21.0000pt; margin-bottom: 0pt; margin-top: 0pt; text-autospace: ideograph-other; text-align: justify; line-height: 16.0000pt;"><span style="mso-spacerun: ''yes''; font-size: 10.5000pt; font-family: ''宋体'';">（如商家违反此条服务承诺，</span><span style="mso-spacerun: ''yes''; font-size: 10.5000pt; font-family: ''宋体'';">E</span><span style="letter-spacing: 0pt; font-size: 10.5pt; font-family: 宋体; background-position: initial initial; background-repeat: initial initial;">家建材商城</span><span style="mso-spacerun: ''yes''; font-size: 10.5000pt; font-family: ''宋体'';">将对商家处以商品总额的十倍罚款，有权关闭其店铺，并终止合同。罚款从商家保证金内扣除，不足者从商家当月订单货款中扣除，如还不足，</span><span style="mso-spacerun: ''yes''; font-size: 10.5000pt; font-family: ''宋体'';">E</span><span style="letter-spacing: 0pt; font-size: 10.5pt; font-family: 宋体; background-position: initial initial; background-repeat: initial initial;">家建材商城</span><span style="mso-spacerun: ''yes''; font-size: 10.5000pt; font-family: ''宋体'';">有权向商家追讨。）&nbsp;</span><span style="mso-spacerun: ''yes''; font-size: 10.5000pt; font-family: ''宋体'';"></span></p>\r\n<p class="p0" style="margin-bottom: 0pt; margin-top: 0pt; text-autospace: ideograph-other; text-align: justify; line-height: 16.0000pt;"><span style="mso-spacerun: ''yes''; font-size: 10.5000pt; font-family: ''宋体'';">８）延期赔偿（针对定制<span style="font-family: ''Times New Roman'';">/</span><span style="font-family: 宋体;">订购商品）&nbsp;&nbsp;&nbsp;</span></span><span style="mso-spacerun: ''yes''; font-size: 10.5000pt; font-family: ''宋体'';"></span></p>\r\n<p class="p0" style="text-indent: 21.0000pt; margin-bottom: 0pt; margin-top: 0pt; text-autospace: ideograph-other; text-align: justify; line-height: 16.0000pt;"><span style="mso-spacerun: ''yes''; font-size: 10.5000pt; font-family: ''宋体'';">&ldquo;延期赔偿&rdquo;指由于乙方原因（除不可抗力外）导致商品延迟交付后，乙方应按照其与买家签署的合同规定承担违约责任，按照实际违约天数或合同约定赔偿违约金。&nbsp;</span><span style="mso-spacerun: ''yes''; font-size: 10.5000pt; font-family: ''宋体'';"></span></p>\r\n<p class="p0" style="text-indent: 21.0000pt; margin-bottom: 0pt; margin-top: 0pt; text-autospace: ideograph-other; text-align: justify; line-height: 16.0000pt;"><span style="mso-spacerun: ''yes''; font-size: 10.5000pt; font-family: ''宋体'';">（如商家违反此条服务承诺，</span><span style="mso-spacerun: ''yes''; font-size: 10.5000pt; font-family: ''宋体'';">E</span><span style="letter-spacing: 0pt; font-size: 10.5pt; font-family: 宋体; background-position: initial initial; background-repeat: initial initial;">家建材商城</span><span style="mso-spacerun: ''yes''; font-size: 10.5000pt; font-family: ''宋体'';">将对商家处以商品总额的十倍罚款，有权关闭其店铺，并终止合同。罚款从商家保证金内扣除，不足者从商家当月订单货款中扣除，如还不足，</span><span style="mso-spacerun: ''yes''; font-size: 10.5000pt; font-family: ''宋体'';">E</span><span style="letter-spacing: 0pt; font-size: 10.5pt; font-family: 宋体; background-position: initial initial; background-repeat: initial initial;">家建材商城</span><span style="mso-spacerun: ''yes''; font-size: 10.5000pt; font-family: ''宋体'';">有权向商家追讨。）&nbsp;</span><span style="mso-spacerun: ''yes''; font-size: 10.5000pt; font-family: ''宋体'';"></span></p>\r\n<p class="p0" style="margin-bottom: 0pt; margin-top: 0pt; text-autospace: ideograph-other; text-align: justify; line-height: 16.0000pt;"><span style="mso-spacerun: ''yes''; font-size: 10.5000pt; font-family: ''宋体'';">９）《同城最低价》&nbsp;&nbsp;&nbsp;</span><span style="mso-spacerun: ''yes''; font-size: 10.5000pt; font-family: ''宋体'';"></span></p>\r\n<p class="p0" style="text-indent: 21.0000pt; margin-bottom: 0pt; margin-top: 0pt; text-autospace: ideograph-other; text-align: justify; line-height: 16.0000pt;"><span style="mso-spacerun: ''yes''; font-size: 10.5000pt; font-family: ''宋体'';">指乙方保证所售商品的价格为同一个城市的最低售价，如一旦有证据显示商品价格高于其他竞争对手，并有买家投诉的，甲方有权按照差价的双倍先行赔偿给买家，并从乙方的保证金中扣除相应的金额。（其他竞争对手指线上或线下同样获得品牌授权的旗舰店、专卖店以及专营店）。&nbsp;</span><span style="mso-spacerun: ''yes''; font-size: 10.5000pt; font-family: ''宋体'';"></span></p>\r\n<p class="p0" style="text-indent: 21.0000pt; margin-bottom: 0pt; margin-top: 0pt; text-autospace: ideograph-other; text-align: justify; line-height: 16.0000pt;"><span style="mso-spacerun: ''yes''; font-size: 10.5000pt; font-family: ''宋体'';">（如商家违反此条服务承诺，</span><span style="mso-spacerun: ''yes''; font-size: 10.5000pt; font-family: ''宋体'';">E</span><span style="letter-spacing: 0pt; font-size: 10.5pt; font-family: 宋体; background-position: initial initial; background-repeat: initial initial;">家建材商城</span><span style="mso-spacerun: ''yes''; font-size: 10.5000pt; font-family: ''宋体'';">将对商家处以商品总额的十倍罚款，有权关闭其店铺，并终止合同。罚款从商家保证金内扣除，不足者从商家当月订单货款中扣除，如还不足，</span><span style="mso-spacerun: ''yes''; font-size: 10.5000pt; font-family: ''宋体'';">E</span><span style="letter-spacing: 0pt; font-size: 10.5pt; font-family: 宋体; background-position: initial initial; background-repeat: initial initial;">家建材商城</span><span style="mso-spacerun: ''yes''; font-size: 10.5000pt; font-family: ''宋体'';">有权向商家追讨。）</span><span style="mso-spacerun: ''yes''; font-size: 10.5000pt; font-family: ''宋体'';"></span></p>\r\n<p class="p0" style="margin-bottom: 0pt; margin-top: 0pt; text-autospace: ideograph-other; text-align: justify; line-height: 16.0000pt;"><span style="mso-spacerun: ''yes''; font-size: 10.5000pt; font-family: ''宋体'';">10<span style="font-family: 宋体;">）《免运费</span><span style="font-family: ''Times New Roman'';">/</span><span style="font-family: 宋体;">送货上楼》&nbsp;&nbsp;</span></span><span style="mso-spacerun: ''yes''; font-size: 10.5000pt; font-family: ''宋体'';"></span></p>\r\n<p class="p0" style="text-indent: 21.0000pt; margin-bottom: 0pt; margin-top: 0pt; text-autospace: ideograph-other; text-align: justify; line-height: 16.0000pt;"><span style="mso-spacerun: ''yes''; font-size: 10.5000pt; font-family: ''宋体'';">指在乙方配送服务范围之内，乙方承诺商品免运费并确保送货上门。&nbsp;</span><span style="mso-spacerun: ''yes''; font-size: 10.5000pt; font-family: ''宋体'';"></span></p>\r\n<p class="p0" style="text-indent: 21.0000pt; margin-bottom: 0pt; margin-top: 0pt; text-autospace: ideograph-other; text-align: justify; line-height: 16.0000pt;"><span style="mso-spacerun: ''yes''; font-size: 10.5000pt; font-family: ''宋体'';">（如商家违反此条服务承诺，</span><span style="mso-spacerun: ''yes''; font-size: 10.5000pt; font-family: ''宋体'';">E</span><span style="letter-spacing: 0pt; font-size: 10.5pt; font-family: 宋体; background-position: initial initial; background-repeat: initial initial;">家建材商城</span><span style="mso-spacerun: ''yes''; font-size: 10.5000pt; font-family: ''宋体'';">对商家处以商品总额的十倍罚款，有权关闭其店铺，并终止合同。罚款从商家保证金内扣除，不足者从商家当月订单货款中扣除，如还不足，</span><span style="mso-spacerun: ''yes''; font-size: 10.5000pt; font-family: ''宋体'';">E</span><span style="letter-spacing: 0pt; font-size: 10.5pt; font-family: 宋体; background-position: initial initial; background-repeat: initial initial;">家建材商城</span><span style="mso-spacerun: ''yes''; font-size: 10.5000pt; font-family: ''宋体'';">有权向商家追讨。）&nbsp;</span><span style="mso-spacerun: ''yes''; font-size: 10.5000pt; font-family: ''宋体'';"></span></p>\r\n<p class="p0" style="margin-bottom: 0pt; margin-top: 0pt; text-autospace: ideograph-other; text-align: justify; line-height: 16.0000pt;"><span style="mso-spacerun: ''yes''; font-size: 10.5000pt; font-family: ''宋体'';">11<span style="font-family: 宋体;">）《专业导购》&nbsp;&nbsp;&nbsp;</span></span><span style="mso-spacerun: ''yes''; font-size: 10.5000pt; font-family: ''宋体'';"></span></p>\r\n<p class="p0" style="text-indent: 21.0000pt; margin-bottom: 0pt; margin-top: 0pt; text-autospace: ideograph-other; text-align: justify; line-height: 16.0000pt;"><span style="mso-spacerun: ''yes''; font-size: 10.5000pt; font-family: ''宋体'';">指乙方承诺，在店铺内提供专业的客服导购人员对买家提出的问题进行详细解答，并进行全面的购物指导，包括但不限于产品知识、专业建议、购物流程、运费指南的指导等。&nbsp;&nbsp;</span><span style="mso-spacerun: ''yes''; font-size: 10.5000pt; font-family: ''宋体'';"></span></p>\r\n<p class="p0" style="text-indent: 21.0000pt; margin-bottom: 0pt; margin-top: 0pt; text-autospace: ideograph-other; text-align: justify; line-height: 16.0000pt;"><span style="mso-spacerun: ''yes''; font-size: 10.5000pt; font-family: ''宋体'';">（如商家违反此条服务承诺，每次买家投诉后经认定为事实存在的，</span><span style="mso-spacerun: ''yes''; font-size: 10.5000pt; font-family: ''宋体'';">E</span><span style="letter-spacing: 0pt; font-size: 10.5pt; font-family: 宋体; background-position: initial initial; background-repeat: initial initial;">家建材商城</span><span style="mso-spacerun: ''yes''; font-size: 10.5000pt; font-family: ''宋体'';">将扣除其此项服务保证金的<span style="font-family: ''Times New Roman'';">20%</span><span style="font-family: 宋体;">，如出现</span><span style="font-family: ''Times New Roman'';">5</span><span style="font-family: 宋体;">次以上者，</span></span><span style="mso-spacerun: ''yes''; font-size: 10.5000pt; font-family: ''宋体'';">E</span><span style="letter-spacing: 0pt; font-size: 10.5pt; font-family: 宋体; background-position: initial initial; background-repeat: initial initial;">家建材商城</span><span style="mso-spacerun: ''yes''; font-size: 10.5000pt; font-family: ''宋体'';">有权关闭其店铺，并终止合同。）</span><span style="mso-spacerun: ''yes''; font-size: 10.5000pt; font-family: ''宋体'';"></span></p>\r\n<p class="p0" style="text-indent: 21.0000pt; margin-bottom: 0pt; margin-top: 0pt; text-autospace: ideograph-other; text-align: justify; line-height: 16.0000pt;"><span style="mso-spacerun: ''yes''; font-size: 10.5000pt; font-family: ''宋体'';">&nbsp;</span></p>', 255, 1, 1412146810, 0, 0, 0);

-- --------------------------------------------------------

--
-- 表的结构 `ecm_attr`
--

DROP TABLE IF EXISTS `ecm_attr`;
CREATE TABLE IF NOT EXISTS `ecm_attr` (
  `attr_id` int(11) unsigned NOT NULL auto_increment,
  `attr_pid` int(11) unsigned NOT NULL default '0',
  `attr_name` varchar(80) NOT NULL,
  `sort_order` int(11) unsigned NOT NULL default '255',
  PRIMARY KEY  (`attr_id`),
  UNIQUE KEY `attr_name` (`attr_name`)
) ENGINE=MyISAM  DEFAULT CHARSET=utf8 AUTO_INCREMENT=74 ;

--
-- 转存表中的数据 `ecm_attr`
--

INSERT INTO `ecm_attr` (`attr_id`, `attr_pid`, `attr_name`, `sort_order`) VALUES
(1, 0, '空间', 255),
(2, 0, '照射面积', 255),
(3, 0, '灯头个数', 255),
(4, 0, '风格', 255),
(5, 0, '材质', 255),
(6, 1, '客厅', 255),
(7, 1, '餐厅', 255),
(8, 1, '卧室', 255),
(9, 1, '儿童房', 255),
(10, 1, '书房', 255),
(11, 1, '过道', 255),
(12, 1, '室内', 255),
(13, 2, '5-10', 255),
(14, 2, '10-15', 255),
(15, 2, '15-30', 255),
(16, 2, '30', 255),
(17, 2, '15-20', 255),
(18, 3, '3头', 255),
(19, 3, '4头', 255),
(20, 3, '5头', 255),
(21, 3, '6头', 255),
(22, 3, '8头', 255),
(23, 3, '9头', 255),
(24, 3, '10头', 255),
(25, 3, '12头', 255),
(26, 3, '15头', 255),
(27, 3, '18头', 255),
(28, 3, '21头', 255),
(29, 3, '24头', 255),
(30, 3, '30头', 255),
(31, 3, '36头', 255),
(32, 3, '38头', 255),
(33, 3, '45头', 255),
(34, 3, '其它', 255),
(35, 4, '欧美风格', 255),
(36, 4, '现代风格', 255),
(37, 4, '韩式风格', 255),
(38, 4, '中式风格', 255),
(39, 4, '北欧风格', 255),
(40, 4, '地中海风格', 255),
(41, 5, '水晶', 255),
(42, 5, '玻璃', 255),
(43, 5, '亚克力', 255),
(44, 5, '布艺', 255),
(45, 5, '铝', 255),
(46, 5, '铁艺', 255),
(47, 5, '树脂', 255),
(48, 5, '塑料', 255),
(49, 5, '铜', 255),
(50, 5, '合金', 255),
(51, 5, '陶瓷', 255),
(52, 5, '不锈钢', 255),
(53, 5, '钢化玻璃', 255),
(54, 5, '琉璃', 255),
(55, 5, '其它材质', 255),
(56, 0, '价格', 1),
(57, 56, '99元以下', 255),
(58, 56, '99-299元', 255),
(59, 56, '299-599元', 255),
(60, 56, '599-999元', 255),
(61, 56, '1000-2000元', 255),
(62, 56, '2000元以上', 255),
(73, 1, '厨房', 255),
(69, 0, '形状', 255),
(70, 69, 'AAAA', 255),
(71, 0, '圆', 255),
(72, 71, 'dddd', 255);

-- --------------------------------------------------------

--
-- 表的结构 `ecm_attribute`
--

DROP TABLE IF EXISTS `ecm_attribute`;
CREATE TABLE IF NOT EXISTS `ecm_attribute` (
  `attr_id` int(10) unsigned NOT NULL auto_increment,
  `attr_name` varchar(60) NOT NULL default '',
  `input_mode` varchar(10) NOT NULL default 'text',
  `def_value` varchar(255) default NULL,
  PRIMARY KEY  (`attr_id`)
) ENGINE=MyISAM DEFAULT CHARSET=utf8 AUTO_INCREMENT=1 ;

-- --------------------------------------------------------

--
-- 表的结构 `ecm_brand`
--

DROP TABLE IF EXISTS `ecm_brand`;
CREATE TABLE IF NOT EXISTS `ecm_brand` (
  `brand_id` int(10) unsigned NOT NULL auto_increment,
  `brand_name` varchar(100) NOT NULL default '',
  `brand_logo` varchar(255) default NULL,
  `sort_order` tinyint(3) unsigned NOT NULL default '255',
  `recommended` tinyint(3) unsigned NOT NULL default '0',
  `store_id` int(10) unsigned NOT NULL default '0',
  `if_show` tinyint(2) unsigned NOT NULL default '1',
  `tag` varchar(100) NOT NULL default '',
  PRIMARY KEY  (`brand_id`),
  KEY `tag` (`tag`)
) ENGINE=MyISAM  DEFAULT CHARSET=utf8 AUTO_INCREMENT=36 ;

--
-- 转存表中的数据 `ecm_brand`
--

INSERT INTO `ecm_brand` (`brand_id`, `brand_name`, `brand_logo`, `sort_order`, `recommended`, `store_id`, `if_show`, `tag`) VALUES
(1, '飞利浦', 'data/files/mall/brand/1.jpg', 1, 1, 0, 1, ''),
(2, '松下', 'data/files/mall/brand/2.jpg', 2, 1, 0, 1, ''),
(3, '欧普', 'data/files/mall/brand/3.jpg', 3, 1, 0, 1, ''),
(4, '美的', 'data/files/mall/brand/4.jpg', 4, 1, 0, 1, ''),
(5, '九阳', 'data/files/mall/brand/5.jpg', 5, 1, 0, 1, ''),
(6, '海尔', 'data/files/mall/brand/6.jpg', 6, 1, 0, 1, ''),
(7, '箭牌', 'data/files/mall/brand/7.jpg', 6, 1, 0, 1, ''),
(8, '康佳', 'data/files/mall/brand/8.jpg', 7, 1, 0, 1, ''),
(9, '长虹', 'data/files/mall/brand/9.jpg', 8, 1, 0, 1, ''),
(10, '全友家居', 'data/files/mall/brand/10.jpg', 9, 1, 0, 1, ''),
(11, '苏泊尔', 'data/files/mall/brand/11.jpg', 10, 1, 0, 1, ''),
(12, '爱仕达', 'data/files/mall/brand/12.jpg', 11, 1, 0, 1, ''),
(13, '美达斯', 'data/files/mall/brand/13.jpg', 255, 0, 0, 1, ''),
(14, '迪士尼', 'data/files/mall/brand/14.jpg', 255, 0, 0, 1, ''),
(15, '圣象木门', 'data/files/mall/brand/15.jpg', 255, 0, 0, 1, ''),
(16, '创维', 'data/files/mall/brand/16.jpg', 255, 0, 0, 1, ''),
(17, '方太', 'data/files/mall/brand/17.jpg', 255, 0, 0, 1, ''),
(18, '华帝', 'data/files/mall/brand/18.jpg', 255, 0, 0, 1, ''),
(19, '老板', 'data/files/mall/brand/19.jpg', 255, 0, 0, 1, ''),
(20, '万和', 'data/files/mall/brand/20.jpg', 255, 0, 0, 1, ''),
(21, '志邦橱柜', 'data/files/mall/brand/21.jpg', 255, 0, 0, 1, ''),
(22, '缘木家居', 'data/files/mall/brand/22.jpg', 255, 0, 0, 1, ''),
(23, '立邦', 'data/files/mall/brand/23.jpg', 255, 0, 0, 1, ''),
(24, '多乐士', 'data/files/mall/brand/24.jpg', 255, 0, 0, 1, ''),
(25, '三棵树', 'data/files/mall/brand/25.jpg', 255, 0, 0, 1, ''),
(26, '西门子', 'data/files/mall/brand/26.jpg', 255, 0, 0, 1, ''),
(27, '飞雕', 'data/files/mall/brand/27.jpg', 255, 0, 0, 1, ''),
(28, '德力西', 'data/files/mall/brand/28.jpg', 255, 0, 0, 1, ''),
(29, '东鹏', 'data/files/mall/brand/29.jpg', 255, 0, 0, 1, ''),
(30, 'Wulian智能家居', 'data/files/mall/brand/30.png', 255, 0, 33, 0, '智能家居'),
(31, 'SmartRoom', 'data/files/mall/brand/31.png', 255, 0, 33, 0, '智能家居'),
(32, '云家', 'data/files/mall/brand/32.png', 255, 0, 33, 0, '智能家居'),
(33, '物联之家', 'data/files/mall/brand/33.png', 255, 0, 33, 0, '智能家居'),
(34, '物联传感', 'data/files/mall/brand/34.png', 255, 0, 33, 0, '智能家居'),
(35, '智慧家居', 'data/files/mall/brand/35.png', 255, 0, 33, 0, '智能家居');

-- --------------------------------------------------------

--
-- 表的结构 `ecm_cart`
--

DROP TABLE IF EXISTS `ecm_cart`;
CREATE TABLE IF NOT EXISTS `ecm_cart` (
  `rec_id` int(10) unsigned NOT NULL auto_increment,
  `user_id` int(10) unsigned NOT NULL default '0',
  `session_id` varchar(32) NOT NULL default '',
  `store_id` int(10) unsigned NOT NULL default '0',
  `goods_id` int(10) unsigned NOT NULL default '0',
  `goods_name` varchar(255) NOT NULL default '',
  `spec_id` int(10) unsigned NOT NULL default '0',
  `specification` varchar(255) default NULL,
  `price` decimal(10,2) unsigned NOT NULL default '0.00',
  `quantity` int(10) unsigned NOT NULL default '1',
  `goods_image` varchar(255) default NULL,
  PRIMARY KEY  (`rec_id`),
  KEY `session_id` (`session_id`),
  KEY `user_id` (`user_id`)
) ENGINE=MyISAM  DEFAULT CHARSET=utf8 AUTO_INCREMENT=85 ;

--
-- 转存表中的数据 `ecm_cart`
--

INSERT INTO `ecm_cart` (`rec_id`, `user_id`, `session_id`, `store_id`, `goods_id`, `goods_name`, `spec_id`, `specification`, `price`, `quantity`, `goods_image`) VALUES
(14, 20, '', 2, 106, '立邦漆乳胶漆净味120二合一墙漆内墙漆墙面漆18L白色油漆', 174, '', 399.00, 1, 'data/files/store_2/goods_119/small_201408051428399112.jpg'),
(13, 20, '', 2, 112, 'EPE正品欧式豪华卧室内房门执手五金锁具象牙白s套餐锁芯实木门锁', 180, '', 68.00, 2, 'data/files/store_2/goods_87/small_201408051438073668.jpg'),
(33, 27, '', 2, 20, '苏泊尔1.2升便当盒儿童不锈钢真空多层保温饭盒KF12B1 保温桶', 49, '颜色:1.2L米白 容量:1.2L', 159.00, 6, 'data/files/store_2/goods_151/small_201407191539115271.jpg'),
(74, 2, '', 18, 75, '罗玛诺尔全抛釉系列LM8040', 143, '', 210.00, 1, 'data/files/store_18/goods_193/small_201408021743131095.jpg'),
(67, 4, '793b2ec8b8d12e29daefa8b3a7cfef34', 2, 14, '苏泊尔 SWF17EK-180券不锈钢电水壶烧水1.7L 随机发17K2', 96, '颜色:黑色 加热方式:底座加热', 99.00, 2, 'data/files/store_2/goods_11/small_201407231600111941.jpg'),
(68, 23, 'b0a7e308829203809c29493105effcd6', 2, 114, '特价海尔超值Q-B-J-1-145/2.50/0.05-D/L(20管)145升太阳能热水器', 182, '', 2799.00, 1, 'data/files/store_2/goods_50/small_201408051454104175.jpg');

-- --------------------------------------------------------

--
-- 表的结构 `ecm_category_goods`
--

DROP TABLE IF EXISTS `ecm_category_goods`;
CREATE TABLE IF NOT EXISTS `ecm_category_goods` (
  `cate_id` int(10) unsigned NOT NULL default '0',
  `goods_id` int(10) unsigned NOT NULL default '0',
  PRIMARY KEY  (`cate_id`,`goods_id`),
  KEY `goods_id` (`goods_id`)
) ENGINE=MyISAM DEFAULT CHARSET=utf8;

--
-- 转存表中的数据 `ecm_category_goods`
--

INSERT INTO `ecm_category_goods` (`cate_id`, `goods_id`) VALUES
(248, 14),
(248, 15),
(248, 16),
(248, 20),
(248, 21),
(248, 36),
(248, 156),
(248, 157),
(249, 36),
(249, 124),
(249, 153),
(250, 20),
(250, 21),
(251, 18),
(251, 220),
(251, 221),
(252, 19),
(253, 17),
(253, 154),
(253, 155),
(254, 17),
(387, 32),
(387, 39),
(387, 40),
(387, 41),
(387, 42),
(387, 43),
(387, 44),
(387, 45),
(387, 46),
(387, 47),
(387, 48),
(387, 49),
(387, 50),
(387, 51),
(387, 52),
(387, 53),
(387, 54),
(387, 55),
(387, 56),
(387, 57),
(387, 58),
(387, 59),
(387, 60),
(387, 94),
(387, 95),
(387, 96),
(387, 97),
(387, 98),
(387, 99),
(387, 100),
(387, 101),
(387, 102),
(387, 103),
(387, 104),
(387, 105),
(387, 106),
(387, 107),
(387, 108),
(387, 109),
(387, 110),
(387, 111),
(387, 112),
(387, 113),
(387, 114),
(387, 115),
(387, 116),
(387, 117),
(387, 118),
(387, 119),
(387, 120),
(387, 121),
(387, 122),
(421, 65),
(421, 66),
(421, 70),
(421, 71),
(421, 72),
(421, 73),
(421, 74),
(421, 75),
(421, 76),
(421, 77),
(421, 78),
(421, 79),
(421, 80),
(421, 81),
(421, 82),
(421, 83),
(421, 84),
(421, 85),
(421, 125),
(421, 126),
(421, 136),
(422, 86),
(422, 87),
(422, 88),
(422, 89),
(422, 90),
(422, 91),
(422, 92),
(422, 93),
(422, 239),
(422, 240),
(424, 62),
(424, 63),
(424, 64),
(428, 183),
(428, 189),
(429, 173),
(429, 174),
(429, 177),
(429, 180),
(429, 185),
(429, 186),
(429, 187),
(429, 188),
(429, 190),
(429, 191),
(429, 192),
(429, 193),
(429, 194),
(429, 195),
(429, 196);

-- --------------------------------------------------------

--
-- 表的结构 `ecm_category_store`
--

DROP TABLE IF EXISTS `ecm_category_store`;
CREATE TABLE IF NOT EXISTS `ecm_category_store` (
  `cate_id` int(10) unsigned NOT NULL default '0',
  `store_id` int(10) unsigned NOT NULL default '0',
  PRIMARY KEY  (`cate_id`,`store_id`),
  KEY `store_id` (`store_id`)
) ENGINE=MyISAM DEFAULT CHARSET=utf8;

--
-- 转存表中的数据 `ecm_category_store`
--

INSERT INTO `ecm_category_store` (`cate_id`, `store_id`) VALUES
(2, 6),
(2, 17),
(5, 7),
(10, 8),
(29, 23),
(29, 27),
(29, 29),
(29, 30),
(29, 42),
(29, 47),
(29, 54),
(31, 34),
(31, 36),
(31, 39),
(31, 41),
(31, 44),
(31, 48),
(31, 49),
(31, 52),
(31, 61),
(32, 38),
(33, 2),
(33, 18),
(33, 33),
(33, 45),
(33, 46),
(33, 50),
(33, 53),
(41, 35);

-- --------------------------------------------------------

--
-- 表的结构 `ecm_collect`
--

DROP TABLE IF EXISTS `ecm_collect`;
CREATE TABLE IF NOT EXISTS `ecm_collect` (
  `user_id` int(10) unsigned NOT NULL default '0',
  `type` varchar(10) NOT NULL default 'goods',
  `item_id` int(10) unsigned NOT NULL default '0',
  `keyword` varchar(60) default NULL,
  `add_time` int(10) unsigned default NULL,
  PRIMARY KEY  (`user_id`,`type`,`item_id`)
) ENGINE=MyISAM DEFAULT CHARSET=utf8;

--
-- 转存表中的数据 `ecm_collect`
--

INSERT INTO `ecm_collect` (`user_id`, `type`, `item_id`, `keyword`, `add_time`) VALUES
(35, 'goods', 161, '', 1409704963),
(36, 'goods', 35, '', 1410301261),
(2, 'goods', 35, '', 1410302412);

-- --------------------------------------------------------

--
-- 表的结构 `ecm_coupon`
--

DROP TABLE IF EXISTS `ecm_coupon`;
CREATE TABLE IF NOT EXISTS `ecm_coupon` (
  `coupon_id` int(10) unsigned NOT NULL auto_increment,
  `store_id` int(10) unsigned NOT NULL default '0',
  `coupon_name` varchar(100) NOT NULL default '',
  `coupon_value` decimal(10,2) unsigned NOT NULL default '0.00',
  `use_times` int(10) unsigned NOT NULL default '0',
  `start_time` int(10) unsigned NOT NULL default '0',
  `end_time` int(10) unsigned NOT NULL default '0',
  `min_amount` decimal(10,2) unsigned NOT NULL default '0.00',
  `if_issue` tinyint(3) unsigned NOT NULL default '0',
  PRIMARY KEY  (`coupon_id`),
  KEY `store_id` (`store_id`)
) ENGINE=MyISAM  DEFAULT CHARSET=utf8 AUTO_INCREMENT=2 ;

--
-- 转存表中的数据 `ecm_coupon`
--

INSERT INTO `ecm_coupon` (`coupon_id`, `store_id`, `coupon_name`, `coupon_value`, `use_times`, `start_time`, `end_time`, `min_amount`, `if_issue`) VALUES
(1, 2, 'wad', 122.00, 1, 1404568800, 1405778399, 2.00, 1);

-- --------------------------------------------------------

--
-- 表的结构 `ecm_coupon_sn`
--

DROP TABLE IF EXISTS `ecm_coupon_sn`;
CREATE TABLE IF NOT EXISTS `ecm_coupon_sn` (
  `coupon_sn` varchar(20) NOT NULL,
  `coupon_id` int(10) unsigned NOT NULL default '0',
  `remain_times` int(10) NOT NULL default '-1',
  PRIMARY KEY  (`coupon_sn`),
  KEY `coupon_id` (`coupon_id`)
) ENGINE=MyISAM DEFAULT CHARSET=utf8;

-- --------------------------------------------------------

--
-- 表的结构 `ecm_friend`
--

DROP TABLE IF EXISTS `ecm_friend`;
CREATE TABLE IF NOT EXISTS `ecm_friend` (
  `owner_id` int(10) unsigned NOT NULL default '0',
  `friend_id` int(10) unsigned NOT NULL default '0',
  `add_time` varchar(10) NOT NULL default '',
  PRIMARY KEY  (`owner_id`,`friend_id`)
) ENGINE=MyISAM DEFAULT CHARSET=utf8;

--
-- 转存表中的数据 `ecm_friend`
--

INSERT INTO `ecm_friend` (`owner_id`, `friend_id`, `add_time`) VALUES
(3, 2, '1249545996');

-- --------------------------------------------------------

--
-- 表的结构 `ecm_function`
--

DROP TABLE IF EXISTS `ecm_function`;
CREATE TABLE IF NOT EXISTS `ecm_function` (
  `func_code` varchar(20) NOT NULL default '',
  `func_name` varchar(60) NOT NULL default '',
  `privileges` varchar(255) NOT NULL default '',
  PRIMARY KEY  (`func_code`)
) ENGINE=MyISAM DEFAULT CHARSET=utf8;

-- --------------------------------------------------------

--
-- 表的结构 `ecm_gcategory`
--

DROP TABLE IF EXISTS `ecm_gcategory`;
CREATE TABLE IF NOT EXISTS `ecm_gcategory` (
  `cate_id` int(10) unsigned NOT NULL auto_increment,
  `store_id` int(10) unsigned NOT NULL default '0',
  `cate_name` varchar(100) NOT NULL default '',
  `parent_id` int(10) unsigned NOT NULL default '0',
  `sort_order` tinyint(3) unsigned NOT NULL default '255',
  `if_show` tinyint(3) unsigned NOT NULL default '1',
  PRIMARY KEY  (`cate_id`),
  KEY `store_id` (`store_id`,`parent_id`)
) ENGINE=MyISAM  DEFAULT CHARSET=utf8 AUTO_INCREMENT=434 ;

--
-- 转存表中的数据 `ecm_gcategory`
--

INSERT INTO `ecm_gcategory` (`cate_id`, `store_id`, `cate_name`, `parent_id`, `sort_order`, `if_show`) VALUES
(1, 0, '厨卫主材', 0, 1, 1),
(2, 0, '厨具', 1, 255, 1),
(3, 0, '整体厨房', 11, 255, 1),
(4, 0, '厨房电器', 2, 255, 1),
(5, 0, '厨房厨具', 2, 255, 1),
(6, 0, '橱柜台面', 2, 255, 1),
(7, 0, '厨房水槽', 2, 255, 1),
(8, 0, '厨房配件', 2, 255, 1),
(9, 0, '水处理设备', 2, 255, 1),
(10, 0, '其他', 2, 255, 1),
(11, 0, '橱柜', 1, 255, 1),
(12, 0, '洁具', 1, 255, 1),
(13, 0, '坐便器', 12, 255, 1),
(14, 0, '浴缸', 12, 255, 1),
(15, 0, '蒸汽房', 12, 255, 1),
(16, 0, '淋浴屏', 12, 255, 1),
(17, 0, '浴室柜', 12, 255, 1),
(18, 0, '淋浴房', 12, 255, 1),
(19, 0, '龙头花洒', 12, 255, 1),
(20, 0, '拖把池', 12, 255, 1),
(21, 0, '卫浴配件', 12, 255, 1),
(22, 0, '蹲便器', 12, 255, 1),
(23, 0, '小便器', 12, 255, 1),
(24, 0, '洗面盆', 12, 255, 1),
(25, 0, '智能盖板', 12, 255, 1),
(26, 0, '干手器', 12, 255, 1),
(27, 0, '家用电器', 0, 3, 1),
(28, 0, '饮水设备', 27, 255, 1),
(29, 0, '大家电', 27, 255, 1),
(30, 0, '厨卫电器', 27, 255, 1),
(31, 0, '客卧主材', 0, 2, 1),
(32, 0, '地板', 31, 255, 1),
(33, 0, '实木地板', 32, 255, 1),
(34, 0, '强化地板', 32, 255, 1),
(35, 0, '复合地板', 32, 255, 1),
(36, 0, '塑胶地板', 32, 255, 1),
(37, 0, '防静电地板', 32, 255, 1),
(38, 0, '橡胶地板', 32, 255, 1),
(39, 0, '地暖地板', 32, 255, 1),
(40, 0, 'PVC地板', 32, 255, 1),
(41, 0, '亚麻地板', 32, 255, 1),
(42, 0, '环氧树脂地板', 32, 255, 1),
(43, 0, '柞木地板', 32, 255, 1),
(44, 0, '木地板', 32, 255, 1),
(45, 0, '木塑地板', 32, 255, 1),
(46, 0, '地板附件', 32, 255, 1),
(47, 0, '门窗类', 31, 255, 1),
(48, 0, '实木门', 47, 255, 1),
(49, 0, '复合门', 47, 255, 1),
(50, 0, '钢木门', 47, 255, 1),
(51, 0, '模压门', 47, 255, 1),
(52, 0, '免漆门', 47, 255, 1),
(53, 0, '烤漆门', 47, 255, 1),
(54, 0, '室内门', 47, 255, 1),
(55, 0, '工艺门', 47, 255, 1),
(56, 0, '木窗', 47, 255, 1),
(57, 0, '复合窗', 47, 255, 1),
(58, 0, '百叶窗', 47, 255, 1),
(59, 0, '金属门窗', 47, 255, 1),
(60, 0, '工业门', 47, 255, 1),
(427, 33, '套餐', 0, 255, 1),
(62, 0, '木门窗', 47, 255, 1),
(63, 0, '其他门窗', 47, 255, 1),
(64, 0, '陶瓷', 31, 255, 1),
(65, 0, '外墙砖', 64, 255, 1),
(66, 0, '地砖/广场砖', 64, 255, 1),
(67, 0, '马赛克', 64, 255, 1),
(68, 0, '瓷片', 64, 255, 1),
(69, 0, '琉璃瓦', 64, 255, 1),
(70, 0, '防滑砖', 64, 255, 1),
(71, 0, '耐磨砖', 64, 255, 1),
(72, 0, '釉面砖', 64, 255, 1),
(73, 0, '卫浴陶瓷', 64, 255, 1),
(74, 0, '工业陶瓷', 64, 255, 1),
(75, 0, '幕墙壁纸', 31, 255, 1),
(288, 0, '新能源系统', 255, 255, 1),
(77, 0, '硅藻泥', 75, 255, 1),
(78, 0, '墙布', 75, 255, 1),
(79, 0, '壁纸', 75, 255, 1),
(80, 0, '幕墙', 75, 255, 1),
(424, 4, '灯饰照明', 0, 255, 1),
(423, 18, '新赤壁全抛釉系列', 0, 255, 1),
(422, 18, '罗玛诺尔全抛釉系列', 0, 255, 1),
(421, 18, '罗玛诺尔微晶石系列', 0, 255, 1),
(420, 0, '其他', 75, 255, 1),
(419, 0, '幕墙壁纸配件', 75, 255, 1),
(418, 0, '液体墙纸', 75, 255, 1),
(289, 0, '电器控制系统', 213, 255, 1),
(287, 0, '节电节水系统', 255, 255, 1),
(286, 0, '空气净化系统', 255, 255, 1),
(294, 0, '智能照明系统', 214, 255, 1),
(293, 0, '暖通空调系统', 213, 255, 1),
(292, 0, '智能布线系统', 213, 255, 1),
(291, 0, '厨卫电视系统', 213, 255, 1),
(290, 0, '智能家居软件', 213, 255, 1),
(225, 0, '油漆', 210, 255, 1),
(224, 0, '锁具', 210, 255, 1),
(223, 0, '管材', 210, 255, 1),
(222, 0, '天花', 221, 255, 1),
(221, 0, '吊顶', 210, 255, 1),
(390, 0, '移门', 11, 255, 1),
(389, 0, '整体衣帽间', 11, 255, 1),
(388, 0, '分体式橱柜', 11, 255, 1),
(387, 2, '其他', 0, 255, 1),
(216, 0, '安防系统', 208, 255, 1),
(215, 0, '娱乐系统', 208, 255, 1),
(214, 0, '照明系统', 208, 255, 1),
(213, 0, '控制主机', 208, 255, 1),
(212, 0, '灯饰照明', 207, 255, 1),
(211, 0, '开关面板', 207, 255, 1),
(304, 0, '电锁门禁', 216, 255, 1),
(303, 0, '防盗系统', 216, 255, 1),
(302, 0, '视频监控', 216, 255, 1),
(301, 0, '对讲系统', 216, 255, 1),
(300, 0, '花草自动浇灌', 215, 255, 1),
(299, 0, '运动与健康检测', 215, 255, 1),
(298, 0, '家庭影院系统', 215, 255, 1),
(297, 0, '家庭背景音乐', 215, 255, 1),
(296, 0, '智能遮阳', 214, 255, 1),
(295, 0, '太阳能与节能系统', 214, 255, 1),
(285, 0, '太阳能产品', 255, 255, 1),
(282, 0, '烹饪电器', 30, 255, 1),
(281, 0, '洗碗机', 30, 255, 1),
(280, 0, '消毒柜', 30, 255, 1),
(279, 0, '烟灶套件', 30, 255, 1),
(278, 0, '灶具', 30, 255, 1),
(277, 0, '抽烟机', 30, 255, 1),
(276, 0, '热水器', 30, 255, 1),
(275, 0, '排气扇', 30, 255, 1),
(274, 0, '浴霸', 30, 255, 1),
(273, 0, '太阳能', 29, 255, 1),
(272, 0, '空气净化剂', 29, 255, 1),
(271, 0, '影音设备', 29, 255, 1),
(270, 0, '洗衣机', 29, 255, 1),
(269, 0, '冰箱/冰柜', 29, 255, 1),
(268, 0, '空调', 29, 255, 1),
(267, 0, '电视', 29, 255, 1),
(266, 0, '净水配件', 28, 255, 1),
(265, 0, '滤芯耗材', 28, 255, 1),
(264, 0, '管线机', 28, 255, 1),
(263, 0, '管道机', 28, 255, 1),
(262, 0, '中央净水剂', 28, 255, 1),
(261, 0, '纯水机', 28, 255, 1),
(260, 0, '直饮机', 28, 255, 1),
(259, 0, '净水机', 28, 255, 1),
(258, 0, '饮水机', 28, 255, 1),
(257, 0, '布艺窗帘', 31, 255, 1),
(256, 0, '家具', 31, 255, 1),
(255, 0, '节能环保', 27, 255, 1),
(254, 2, '坐便器', 253, 255, 1),
(253, 2, '箭牌', 0, 255, 1),
(284, 0, '集成灶', 30, 255, 1),
(252, 2, '保温杯', 248, 255, 1),
(251, 2, '爱仕达', 0, 255, 1),
(250, 2, '保温饭盒', 248, 255, 1),
(248, 2, '苏泊尔', 0, 255, 1),
(249, 2, '刀具', 248, 255, 1),
(240, 0, '电器配电箱', 211, 255, 1),
(239, 0, '地插', 211, 255, 1),
(238, 0, '插座', 211, 255, 1),
(237, 0, '开关', 211, 255, 1),
(283, 0, '吸尘器', 30, 255, 1),
(373, 0, '庭院灯', 212, 255, 1),
(374, 0, '路灯', 212, 255, 1),
(375, 0, '光源配件', 212, 255, 1),
(376, 0, '吸顶灯', 212, 255, 1),
(377, 0, '面板灯', 212, 255, 1),
(229, 0, '壁灯', 212, 255, 1),
(372, 0, '镜前灯', 212, 255, 1),
(228, 0, '落地灯', 212, 255, 1),
(227, 0, '台灯', 212, 255, 1),
(226, 0, '吊灯', 212, 255, 1),
(207, 0, '灯饰照明', 0, 4, 1),
(208, 0, '智能家居', 0, 5, 1),
(391, 0, '隔断门', 11, 255, 1),
(210, 0, '基础主材', 0, 6, 1),
(305, 0, '涂料', 210, 255, 1),
(306, 0, '阳光板', 221, 255, 1),
(307, 0, '集成吊顶', 221, 255, 1),
(308, 0, '龙骨', 221, 255, 1),
(309, 0, '金属吊顶', 221, 255, 1),
(310, 0, '石膏板吊顶', 221, 255, 1),
(311, 0, '铝扣板吊顶', 221, 255, 1),
(312, 0, '隔断/隔墙', 221, 255, 1),
(313, 0, '塑钢吊顶', 221, 255, 1),
(314, 0, '吊顶配件', 221, 255, 1),
(315, 0, '其他', 221, 255, 1),
(316, 0, '金属管', 223, 255, 1),
(317, 0, '不锈钢管', 223, 255, 1),
(318, 0, 'PPR管材', 223, 255, 1),
(319, 0, 'PE管材', 223, 255, 1),
(320, 0, 'PVC管材', 223, 255, 1),
(321, 0, '复合管', 223, 255, 1),
(322, 0, '塑料管', 223, 255, 1),
(323, 0, 'PP管', 223, 255, 1),
(324, 0, 'ABS管材', 223, 255, 1),
(325, 0, 'PC管', 223, 255, 1),
(326, 0, '橡胶管', 223, 255, 1),
(327, 0, '镀锌管', 223, 255, 1),
(328, 0, '异径管', 223, 255, 1),
(329, 0, 'KGB管', 223, 255, 1),
(330, 0, '门窗锁', 224, 255, 1),
(331, 0, '室内门锁', 224, 255, 1),
(332, 0, '电子锁', 224, 255, 1),
(333, 0, '特殊锁', 224, 255, 1),
(334, 0, 'IC卡锁', 224, 255, 1),
(335, 0, '家具锁', 224, 255, 1),
(336, 0, '保险柜锁', 224, 255, 1),
(337, 0, '密码锁', 224, 255, 1),
(338, 0, '挂锁', 224, 255, 1),
(339, 0, '车锁', 224, 255, 1),
(340, 0, '锁具配件', 224, 255, 1),
(341, 0, '锁匠工具', 224, 255, 1),
(342, 0, '树脂', 225, 255, 1),
(343, 0, '墙艺浮雕漆', 225, 255, 1),
(344, 0, '聚酯漆', 225, 255, 1),
(345, 0, '聚氨酯漆', 225, 255, 1),
(346, 0, '硝基漆', 225, 255, 1),
(347, 0, '木工油漆', 225, 255, 1),
(348, 0, '防锈漆', 225, 255, 1),
(349, 0, '木器漆', 225, 255, 1),
(350, 0, '桥梁漆', 225, 255, 1),
(351, 0, '专用漆', 225, 255, 1),
(352, 0, '水基油漆', 225, 255, 1),
(353, 0, '防水油漆', 225, 255, 1),
(354, 0, '防火油漆', 225, 255, 1),
(355, 0, '建筑涂料', 305, 255, 1),
(356, 0, '水性漆', 305, 255, 1),
(357, 0, '纳米漆', 305, 255, 1),
(358, 0, '汽车涂料', 305, 255, 1),
(359, 0, '木器涂料', 305, 255, 1),
(360, 0, '防腐涂料', 305, 255, 1),
(361, 0, '船舶涂料', 305, 255, 1),
(362, 0, '通用涂料', 305, 255, 1),
(363, 0, '花岗涂料', 305, 255, 1),
(364, 0, '家居涂料', 305, 255, 1),
(365, 0, '墙漆', 305, 255, 1),
(366, 0, '油漆', 305, 255, 1),
(367, 0, '胶粉', 305, 255, 1),
(368, 0, '辅助材料', 305, 255, 1),
(369, 0, '涂料助剂', 305, 255, 1),
(370, 0, '其他', 305, 255, 1),
(371, 0, '商业照明', 207, 255, 1),
(378, 0, '筒灯', 371, 255, 1),
(379, 0, '射灯', 371, 255, 1),
(380, 0, '轨道灯', 371, 255, 1),
(381, 0, '投光灯', 371, 255, 1),
(382, 0, '埋地灯', 371, 255, 1),
(383, 0, '支架灯', 371, 255, 1),
(384, 0, '格棚灯', 371, 255, 1),
(385, 0, '光源', 371, 255, 1),
(386, 0, '灯带', 371, 255, 1),
(392, 0, '橱柜配件', 11, 255, 1),
(393, 0, '实木型橱柜', 11, 255, 1),
(394, 0, '防火型橱柜', 11, 255, 1),
(395, 0, '吸塑型橱柜', 11, 255, 1),
(396, 0, '烤漆型橱柜', 11, 255, 1),
(397, 0, '三聚氰胺型橱柜', 11, 255, 1),
(398, 0, '干肤干发器', 12, 255, 1),
(399, 0, '洗物槽', 12, 255, 1),
(400, 0, '其他卫浴洁具', 12, 255, 1),
(401, 0, '红木家具', 256, 255, 1),
(402, 0, '办公家具', 256, 255, 1),
(403, 0, '卧室家具', 256, 255, 1),
(404, 0, '书房家具', 256, 255, 1),
(405, 0, '酒店家具', 256, 255, 1),
(406, 0, '客厅家具', 256, 255, 1),
(407, 0, '门厅家具', 256, 255, 1),
(408, 0, '餐厅家具', 256, 255, 1),
(409, 0, '户外家具', 256, 255, 1),
(410, 0, '学校家具', 256, 255, 1),
(411, 0, '其他家具', 256, 255, 1),
(412, 0, '窗式', 257, 255, 1),
(413, 0, '电动窗帘', 257, 255, 1),
(414, 0, '布艺沙发', 257, 255, 1),
(415, 0, '家居布艺', 257, 255, 1),
(416, 0, '办公窗帘', 257, 255, 1),
(417, 0, '其他', 257, 255, 1),
(425, 4, '智能家居', 0, 255, 1),
(426, 4, '基础主材', 0, 255, 1),
(428, 33, '智能传感', 0, 255, 1),
(429, 33, '智能控制', 0, 255, 1),
(430, 33, '智能照明', 0, 255, 1),
(431, 33, '智能安保', 0, 255, 1),
(432, 33, '智能园艺', 0, 255, 1),
(433, 33, '其他', 0, 255, 1);

-- --------------------------------------------------------

--
-- 表的结构 `ecm_goods`
--

DROP TABLE IF EXISTS `ecm_goods`;
CREATE TABLE IF NOT EXISTS `ecm_goods` (
  `goods_id` int(10) unsigned NOT NULL auto_increment,
  `store_id` int(10) unsigned NOT NULL default '0',
  `type` varchar(10) NOT NULL default 'material',
  `goods_name` varchar(255) NOT NULL default '',
  `description` text,
  `cate_id` int(10) unsigned NOT NULL default '0',
  `cate_name` varchar(255) NOT NULL default '',
  `brand` varchar(100) NOT NULL,
  `spec_qty` tinyint(4) unsigned NOT NULL default '0',
  `spec_name_1` varchar(60) NOT NULL default '',
  `spec_name_2` varchar(60) NOT NULL default '',
  `if_show` tinyint(3) unsigned NOT NULL default '1',
  `if_seckill` tinyint(3) unsigned NOT NULL default '0' COMMENT '是否参加秒杀活动促销',
  `closed` tinyint(3) unsigned NOT NULL default '0',
  `close_reason` varchar(255) default NULL,
  `add_time` int(10) unsigned NOT NULL default '0',
  `last_update` int(10) unsigned NOT NULL default '0',
  `default_spec` int(11) unsigned NOT NULL default '0',
  `default_image` varchar(255) NOT NULL default '',
  `recommended` tinyint(4) unsigned NOT NULL default '0',
  `cate_id_1` int(10) unsigned NOT NULL default '0',
  `cate_id_2` int(10) unsigned NOT NULL default '0',
  `cate_id_3` int(10) unsigned NOT NULL default '0',
  `cate_id_4` int(10) unsigned NOT NULL default '0',
  `market_price` decimal(10,2) unsigned NOT NULL default '0.00',
  `discount` varchar(3) NOT NULL,
  `price` decimal(10,2) NOT NULL default '0.00',
  `tags` varchar(102) NOT NULL,
  `active_price` decimal(10,2) NOT NULL default '0.00',
  `active_start_time` int(10) unsigned NOT NULL default '0',
  `active_end_time` int(10) unsigned NOT NULL default '0',
  PRIMARY KEY  (`goods_id`),
  KEY `store_id` (`store_id`),
  KEY `cate_id` (`cate_id`),
  KEY `cate_id_1` (`cate_id_1`),
  KEY `cate_id_2` (`cate_id_2`),
  KEY `cate_id_3` (`cate_id_3`),
  KEY `cate_id_4` (`cate_id_4`),
  KEY `brand` (`brand`(10)),
  KEY `tags` (`tags`)
) ENGINE=MyISAM  DEFAULT CHARSET=utf8 AUTO_INCREMENT=250 ;

--
-- 转存表中的数据 `ecm_goods`
--

INSERT INTO `ecm_goods` (`goods_id`, `store_id`, `type`, `goods_name`, `description`, `cate_id`, `cate_name`, `brand`, `spec_qty`, `spec_name_1`, `spec_name_2`, `if_show`, `if_seckill`, `closed`, `close_reason`, `add_time`, `last_update`, `default_spec`, `default_image`, `recommended`, `cate_id_1`, `cate_id_2`, `cate_id_3`, `cate_id_4`, `market_price`, `discount`, `price`, `tags`, `active_price`, `active_start_time`, `active_end_time`) VALUES
(1, 2, 'material', '财到地板 顶级番龙眼 纯实木地板18mm 全实木地板厂家直销木地板', '', 33, '客卧主材	地板	实木地板', '财到地板', 0, '颜色', '尺码', 1, 0, 0, NULL, 1249547077, 1406080013, 0, 'data/files/store_2/goods_123/small_201407231745237300.jpg', 1, 31, 32, 33, 0, 0.00, '0', 215.00, '', 0.00, 0, 0),
(39, 2, 'material', '美的KFR-26GW/BP2DN1Y-IF(A3)大1匹静享变频静音空调包入户', '<p><img src="http://esoujcw.com.free.wqit.net/data/files/store_2/goods_150/201407241105501654.png" alt="170.png" /><img src="http://esoujcw.com.free.wqit.net/data/files/store_2/goods_150/201407241105506694.png" alt="171.png" /><img src="http://esoujcw.com.free.wqit.net/data/files/store_2/goods_150/201407241105506151.png" alt="172.png" /></p>', 268, '家用电器	大家电	空调', '美的', 2, '颜色', '类型', 1, 0, 0, NULL, 1406142394, 1406142394, 100, 'data/files/store_2/goods_54/small_201407241104149960.jpg', 1, 27, 29, 268, 0, 0.00, '', 2699.00, ',承诺送货入户,未履约赔付100元? 大促价直降1100元,数量有限！！全网疯抢最畅销空调！！7月尾飚汗补贴大促！ 空调土豪,', 0.00, 1406131200, 0),
(2, 2, 'material', '圣象木门/室内门/实木复合门/卧室门书房门|锯纹基础款/TP600', '<p><img src="http://esoujcw.com.free.wqit.net/data/files/store_2/goods_36/201407231813561626.png" alt="141.png" /><img src="http://esoujcw.com.free.wqit.net/data/files/store_2/goods_37/201407231813577537.png" alt="142.png" /></p>', 48, '客卧主材	门窗	实木门', '圣象木门', 0, '颜色', '尺码', 1, 0, 0, NULL, 1249547390, 1406081658, 0, 'data/files/store_2/goods_142/small_201407231812229670.jpg', 1, 31, 47, 48, 0, 0.00, '0', 1549.00, '', 0.00, 0, 0),
(3, 2, 'material', '欧派木门E家-03款简约尚卧室门木门套装门免漆门实木复合室内门', '<p><img src="http://esoujcw.com.free.wqit.net/data/files/store_2/goods_81/201407231808015017.png" alt="13.png" /><img src="http://esoujcw.com.free.wqit.net/data/files/store_2/goods_84/201407231808041577.png" alt="131.png" /></p>', 48, '客卧主材	门窗	实木门', '欧派', 0, '', '', 1, 0, 0, NULL, 1249547562, 1406081296, 0, 'data/files/store_2/goods_22/small_201407231807024491.jpg', 1, 31, 47, 48, 0, 0.00, '0', 1688.00, '', 0.00, 0, 0),
(4, 2, 'material', '利安 木门 室内 欧式 复合实木门 精致烤漆门 房门 卧室门 套装门', '<div style="text-align: center;"><img src="http://esoujcw.com.free.wqit.net/data/files/store_2/goods_69/201407231804292025.png" alt="12.png" /><img src="http://esoujcw.com.free.wqit.net/data/files/store_2/goods_69/201407231804297612.png" alt="121.png" /><br /></div>', 48, '客卧主材	门窗	实木门', '安利', 0, '', '', 1, 0, 0, NULL, 1249547772, 1406081080, 0, 'data/files/store_2/goods_19/small_201407231803397101.jpg', 1, 31, 47, 48, 0, 0.00, '0', 1399.00, '', 0.00, 0, 0),
(5, 2, 'material', '仿古砖 圆角砖 地砖 500 防滑客厅 地中海 田园瓷砖 复古圆角砖', '<p align="center"><img src="http://esoujcw.com.free.wqit.net/data/files/store_2/goods_67/201407231801073578.png" alt="11.png" /></p>', 70, '客卧主材	陶瓷	防滑砖', '', 0, '颜色', '尺码', 1, 0, 0, NULL, 1249547890, 1406080876, 0, 'data/files/store_2/goods_2/small_201407231800023341.jpg', 1, 31, 64, 70, 0, 0.00, '0', 29.00, '', 0.00, 0, 0),
(6, 2, 'material', '瓷砖先生 厨房瓷砖 厨卫防滑仿石纹釉面地砖 卫生间墙砖 印度砂岩', '<div style="text-align: center;"><br /></div>', 70, '客卧主材	陶瓷	防滑砖', '', 0, '', '', 1, 0, 0, NULL, 1249548137, 1406080682, 0, 'data/files/store_2/goods_74/small_201407231757544160.jpg', 1, 31, 64, 70, 0, 0.00, '0', 23.00, '', 0.00, 0, 0),
(7, 2, 'material', '唐梦 客厅瓷砖佛山地砖欧式防滑玻化砖抛光砖地板砖800X800克拉石', '<p align="center"><br /><br /></p>', 70, '客卧主材	陶瓷	防滑砖', '', 0, '颜色', '尺码', 1, 0, 0, NULL, 1249549645, 1406080521, 0, 'data/files/store_2/goods_114/small_201407231755149892.jpg', 1, 31, 64, 70, 0, 0.00, '0', 40.00, '', 0.00, 0, 0),
(8, 2, 'material', '金意陶瓷砖 老船木木纹砖 客厅地板砖 仿木纹防滑瓷砖 卧室地砖', '<p align="center">&nbsp;</p>\r\n<p align="center">&nbsp;</p>', 70, '客卧主材	陶瓷	防滑砖', '', 0, '颜色', '尺码', 1, 0, 0, NULL, 1249549693, 1406080364, 0, 'data/files/store_2/goods_158/small_201407231752386750.jpg', 1, 31, 64, 70, 0, 0.00, '0', 45.00, '', 0.00, 0, 0),
(9, 2, 'material', '爱熙PVC自粘墙纸 田园 卧室壁纸 胶即时贴', '<p align="center"><br /><br /><br /></p>', 77, '客卧主材	幕墙壁纸	壁纸', '', 0, '', '', 1, 0, 0, NULL, 1249549936, 1406080220, 0, 'data/files/store_2/goods_11/small_201407231750112971.jpg', 1, 31, 75, 77, 0, 0.00, '0', 16.00, '', 0.00, 0, 0),
(38, 2, 'material', 'Midea/美的 WJHN30J 电饼铛 双面悬浮煎饼机 正品厨房必备小家电', '<p><img src="http://esoujcw.com.free.wqit.net/data/files/store_2/goods_129/201407231818495516.png" alt="15.png" /></p>', 29, '家用电器	大家电', '美的', 0, '', '', 1, 0, 0, NULL, 1406081931, 1406081944, 0, 'data/files/store_2/goods_122/small_201407231818424767.jpg', 1, 27, 29, 0, 0, 0.00, '', 199.00, '', 0.00, 1406044800, 0),
(10, 2, 'material', '欧普照明灯饰 客卧吸顶灯MX715-Y28+38+48-国色天香', '<p><img src="http://esoujcw.com.free.wqit.net/data/files/store_2/goods_178/201407231739381229.jpg" alt="未标题-51.jpg" /></p>', 214, '智能家居	照明系统', '欧普', 0, '颜色', '尺码', 1, 0, 0, NULL, 1249550129, 1406079586, 0, 'data/files/store_2/goods_36/small_201407231737161861.jpg', 1, 208, 214, 0, 0, 0.00, '0', 530.00, '', 0.00, 0, 0),
(11, 2, 'material', '飞利浦 led吸顶灯 恒洁卧室灯阳台过道厨卫灯 高品质现代简约灯具', '<p><img src="http://esoujcw.com.free.wqit.net/data/files/store_2/goods_122/201407231732032507.jpg" alt="未标题-41.jpg" /></p>', 214, '智能家居	照明系统', '飞利浦', 0, '颜色', '尺码', 1, 0, 0, NULL, 1249550246, 1406079161, 0, 'data/files/store_2/goods_93/small_201407231731333095.jpg', 1, 208, 214, 0, 0, 289.00, '0', 159.00, '', 0.00, 0, 0),
(12, 2, 'material', '迪士尼公主女孩儿童床 酷漫居实木颗粒多功能组合床 带书桌衣柜床', '<p><img src="http://esoujcw.com.free.wqit.net/data/files/store_2/goods_56/201407231724166453.jpg" alt="未标题-31.jpg" /></p>', 232, '住宅家具	家具	卧室家具', '迪士尼', 0, '', '', 1, 0, 0, NULL, 1249550348, 1406078665, 0, 'data/files/store_2/goods_104/small_201407231721448733.jpg', 1, 207, 211, 232, 0, 0.00, '0', 2999.00, '', 0.00, 0, 0),
(13, 2, 'material', '迪士尼上下床双层床 公主女孩高低子母床 儿童床上下铺双层床男孩', '<p><img src="http://esoujcw.com.free.wqit.net/data/files/store_2/goods_193/201407231716337600.jpg" alt="未标题-21.jpg" /></p>', 232, '住宅家具	家具	卧室家具', '迪士尼', 2, '尺寸', '组合形式', 1, 0, 0, NULL, 1249550465, 1406078210, 97, 'data/files/store_2/goods_58/small_201407231710588433.jpg', 1, 207, 211, 232, 0, 0.00, '0', 2499.00, '', 0.00, 0, 0),
(14, 2, 'material', '苏泊尔 SWF17EK-180券不锈钢电水壶烧水1.7L 随机发17K2', '<p><img src="http://esoujcw.com.free.wqit.net/data/files/store_2/goods_144/201407231609042926.jpg" alt="未标题-11.jpg" /></p>', 4, '厨卫主材	厨具	厨房电器', '苏泊尔', 2, '颜色', '加热方式', 1, 0, 0, NULL, 1249550608, 1406074158, 96, 'data/files/store_2/goods_11/small_201407231600111941.jpg', 1, 1, 2, 4, 0, 0.00, '0', 99.00, '', 0.00, 0, 0),
(15, 2, 'material', 'Supor/苏泊尔 CFXB40FC118-75智能电饭煲4L预约饭锅正品包邮特价', '<p><img src="http://esoujcw.com.free.wqit.net/data/files/store_2/goods_51/201407231520516453.jpg" alt="苏泊尔CFXB40FC118-75智能电饭煲4L预约饭锅正品包邮特价1.jpg" /></p>', 4, '厨卫主材	厨具	厨房电器', '苏泊尔', 2, '颜色', '容量', 1, 0, 0, NULL, 1249550754, 1406071260, 38, 'data/files/store_2/goods_143/small_201407231512234085.jpg', 1, 1, 2, 4, 0, 0.00, '0', 229.00, '', 0.00, 0, 0),
(16, 2, 'material', '苏泊尔不锈钢蒸锅三层304复底蒸笼SZ26B4锅具26cm电磁炉明火通用', '<p align="center"><img src="http://esoujcw.com.free.wqit.net/data/files/store_2/goods_33/201407231500335476.jpg" alt="苏泊尔不锈钢蒸锅三层304复底蒸笼SZ26B4锅具26cm电磁炉明火通用1.jpg" /><img src="http://esoujcw.com.free.wqit.net/data/files/store_2/goods_40/201407231500408888.jpg" alt="未标题-3.jpg" /></p>', 4, '厨卫主材	厨具	厨房电器', '苏泊尔', 2, '包装体积', '直径', 1, 0, 0, NULL, 1249550876, 1406070070, 42, 'data/files/store_2/goods_197/small_201407231456373486.jpg', 1, 1, 2, 4, 0, 0.00, '0', 199.00, '', 0.00, 0, 0),
(17, 2, 'material', 'ARROW卫浴连体直冲坐便器缓降座便器超强冲力洁具箭牌马桶AB1287', '<p><img src="http://esoujcw.com.free.wqit.net/data/files/store_2/goods_110/201407211455103088.jpg" alt="3.jpg" /></p>', 25, '厨卫主材	洁具	便器', '箭牌', 2, '排水方式', '坐便器类型', 1, 0, 0, NULL, 1249551261, 1405896930, 95, 'data/files/store_2/goods_84/small_201407211454442252.jpg', 1, 1, 12, 25, 0, 0.00, '0', 2884.00, '', 0.00, 0, 0),
(18, 2, 'material', '爱仕达套装锅 组合锅具中国红4件套不粘无油烟炒锅套装WG04TNJC-R', '<p><img src="http://esoujcw.com.free.wqit.net/data/files/store_2/goods_105/201407191645059264.jpg" alt="1.jpg" /></p>', 5, '厨卫主材	厨具	厨房厨具', '爱仕达', 2, '颜色', '材质', 1, 0, 0, NULL, 1249551437, 1405730726, 94, 'data/files/store_2/goods_28/small_201407191640284883.jpg', 1, 1, 2, 5, 0, 0.00, '0', 339.00, '', 0.00, 0, 0),
(19, 2, 'material', '苏泊尔家用保温壶 大容量不锈钢热水瓶保暖壶保温瓶 保温水壶', '<div style="text-align: center;"><img src="http://esoujcw.com.free.wqit.net/data/files/store_2/goods_30/201407191623503709.jpg" alt="1.jpg" /><br /></div>', 5, '厨卫主材	厨具	厨房厨具', '苏泊尔', 2, '颜色分类', '保温时间', 1, 0, 0, NULL, 1249551552, 1405729439, 92, 'data/files/store_2/goods_54/small_201407191617348233.jpg', 1, 1, 2, 5, 0, 0.00, '0', 169.00, '', 0.00, 0, 0),
(20, 2, 'material', '苏泊尔1.2升便当盒儿童不锈钢真空多层保温饭盒KF12B1 保温桶', '<p align="center"><br /><br />&nbsp;<br /><br /><img src="http://esoujcw.com.free.wqit.net/data/files/store_2/goods_164/201407191539241590.jpg" alt="1.jpg" /></p>', 5, '厨卫主材	厨具	厨房厨具', '苏泊尔', 2, '颜色', '容量', 1, 0, 0, NULL, 1249551779, 1405728133, 49, 'data/files/store_2/goods_151/small_201407191539115271.jpg', 1, 1, 2, 5, 0, 0.00, '0', 159.00, '', 0.00, 1405699200, 0),
(21, 2, 'material', '苏泊尔1.2升便当盒儿童不锈钢真空多层保温饭盒KF12B1 保温桶', '<div style="text-align: center;"><img src="http://esoujcw.com.free.wqit.net/data/files/store_2/goods_150/201407191529101372.jpg" alt="1.jpg" /><br /></div>', 5, '厨卫主材	厨具	厨房厨具', '苏泊尔', 0, '颜色分类', '材质', 1, 0, 0, NULL, 1249552281, 1405726340, 0, 'data/files/store_2/goods_145/small_201407191525453837.jpg', 1, 1, 2, 5, 0, 239.00, '0', 168.00, '', 150.00, 1405699200, 1406736000),
(22, 2, 'material', '欧普照明 led射灯3w2寸6公分7公分 全套防雾超薄客厅天花灯 明亮', '<p><img src="http://esoujcw.com.free.wqit.net/data/files/store_2/goods_15/201407151510155999.png" alt="33.png" /><img src="http://esoujcw.com.free.wqit.net/data/files/store_2/goods_14/201407151510141923.png" alt="22.png" /></p>\r\n<p><img src="http://esoujcw.com.free.wqit.net/data/files/store_2/goods_16/201407151510161407.png" alt="44.png" /></p>\r\n<p><img src="http://esoujcw.com.free.wqit.net/data/files/store_2/goods_20/201407151510209467.png" alt="55.png" /></p>', 214, '智能家居	照明系统', 'LED', 0, '', '', 1, 0, 0, NULL, 1249552384, 1405379461, 0, 'data/files/store_2/goods_164/small_201407151506049687.jpg', 1, 208, 214, 0, 0, 0.00, '0', 36.00, '', 0.00, 0, 0),
(213, 42, 'material', 'Haier_海尔 BCD-192KTJX 192升家用双开门冰箱  特价商品', '<p><img src="http://rmall.net/data/files/store_42/goods_22/201409230940224805.jpg" alt="11.jpg" /><img src="http://rmall.net/data/files/store_42/goods_35/201409230940359693.jpg" alt="10.jpg" /></p>', 269, '家用电器	大家电	冰箱/冰柜', '海尔', 0, '', '', 1, 0, 0, NULL, 1411464523, 1411465257, 1399, 'data/files/store_42/goods_148/small_201409230919085494.jpg', 1, 27, 29, 269, 0, 1699.00, '', 1599.00, '', 1399.00, 1412121600, 1412640000),
(212, 42, 'material', 'Haier_海尔 BCD-432WDCU 触摸屏四门432升 风冷无霜冰箱 促销价-', '<p><img src="http://rmall.net/data/files/store_42/goods_194/201409230909547132.jpg" alt="BCD-432WDCU.jpg" /></p>', 269, '家用电器	大家电	冰箱/冰柜', '海尔', 0, '', '', 1, 0, 0, NULL, 1411463689, 1411463689, 287, 'data/files/store_42/goods_171/small_201409230909314377.jpg', 1, 27, 29, 269, 0, 6999.00, '', 6555.00, '', 6099.00, 1412121600, 1412640000),
(36, 2, 'material', '苏泊尔厨具不锈钢刀具套装厨刀菜刀组合厨房套刀', '<p><img src="http://esoujcw.com.free.wqit.net/data/files/store_2/goods_149/201407191512298903.jpg" alt="1.jpg" /></p>', 5, '厨卫主材	厨具	厨房厨具', '苏泊尔', 2, '产品名称', '刀尖角度', 1, 0, 0, NULL, 1405450230, 1405726383, 90, 'data/files/store_2/goods_120/small_201407191508409497.jpg', 1, 1, 2, 5, 0, 342.00, '', 289.00, '', 0.00, 1405440000, 0),
(25, 2, 'material', '厨卫主材0717', '<div style="text-align: center;"><img src="http://pic.shopex.cn/pictures/goodsdetail/15.jpg" alt="" /><img src="http://pic.shopex.cn/pictures/goodsdetail/16.jpg" alt="" /></div>', 5, '厨卫主材	厨具	厨房厨具', 'Chanel', 2, '颜色', '尺码', 1, 1, 0, NULL, 1249552779, 1405529584, 63, 'data/files/store_2/goods_161/small_201407170852414720.jpg', 1, 1, 2, 5, 0, 0.00, '0', 128.00, '', 0.00, 0, 0),
(215, 42, 'material', 'Haier_海尔 XQB60-M1268关爱 波轮6', '<p><img src="http://rmall.net/data/files/store_42/goods_177/201409231009373851.jpg" alt="Haier_海尔 XQB60-M1268关爱 波轮6.jpg" /></p>', 270, '家用电器	大家电	洗衣机', '海尔', 0, '', '', 1, 0, 0, NULL, 1411466713, 1411466988, 1099, 'data/files/store_42/goods_84/small_201409231004442916.jpg', 1, 27, 29, 270, 0, 1299.00, '', 1199.00, '', 1099.00, 1412121600, 1412640000),
(216, 42, 'material', 'Haier_海尔 JSQ20-E1(12T) 琥珀10升燃气热水器 50℃安全保护锁', '<p><img src="http://rmall.net/data/files/store_42/goods_66/201409231041063362.jpg" alt="Haier_海尔 JSQ20-E1(12T) 琥珀10升燃气热水器 50℃安全保护锁-tmall.jpg" /></p>', 276, '家用电器	厨卫电器	热水器', '海尔', 0, '', '', 1, 0, 0, NULL, 1411469575, 1411469575, 291, 'data/files/store_42/goods_159/small_201409231052391104.jpg', 1, 27, 30, 276, 0, 2399.00, '', 1999.00, '', 0.00, 1412121600, 1412640000),
(27, 2, 'material', '浴室置物架落地 卫生间收纳架浴室架子塑料架厨卫置物架脸盆架', '<p align="center"><img src="http://esoujcw.com.free.wqit.net/data/files/store_2/goods_6/201407121000069548.jpg" alt="22.jpg" /></p>', 21, '厨卫主材	洁具	卫浴镜及配件', '', 0, '颜色', '尺码', 1, 0, 0, NULL, 1249553044, 1405101616, 0, 'data/files/store_2/goods_92/small_201407120958124612.jpg', 1, 1, 12, 21, 0, 0.00, '0', 39.00, '', 0.00, 0, 0),
(28, 2, 'material', '蔻丝 卫生间置物架落地塑料脸盆架 浴室置物架 厕所盆架厨卫收纳', '<div style="text-align: center;"><img src="http://esoujcw.com.free.wqit.net/data/files/store_2/goods_173/201407120942533179.jpg" alt="22.jpg" /><br /></div>', 17, '厨卫主材	洁具	浴室柜', '蔻丝', 0, '', '', 1, 0, 0, NULL, 1249553192, 1405100594, 0, 'data/files/store_2/goods_139/small_201407120942193679.jpg', 1, 1, 12, 17, 0, 0.00, '0', 55.00, '', 0.00, 0, 0),
(29, 2, 'material', '森木王纯实木仿古地板厂家直销唐木仿古浮雕特价清仓实惠A级地板', '<p><img src="http://esoujcw.com.free.wqit.net/data/files/store_2/goods_184/201407111023044440.png" alt="22.png" /><img src="http://esoujcw.com.free.wqit.net/data/files/store_2/goods_193/201407111023139037.png" alt="33.png" /><img src="http://esoujcw.com.free.wqit.net/data/files/store_2/goods_1/201407111023219926.png" alt="44.png" /><img src="http://esoujcw.com.free.wqit.net/data/files/store_2/goods_7/201407111023275044.png" alt="55.png" /></p>', 33, '客卧主材	地板	实木地板', '森木王地板', 0, '', '', 1, 0, 0, NULL, 1249553354, 1405016684, 0, 'data/files/store_2/goods_149/small_201407111022296552.jpg', 1, 31, 32, 33, 0, 0.00, '0', 50.00, '', 0.00, 0, 0),
(30, 2, 'material', '集成吊顶 空调型风暖加双灯暖浴霸', '', 3, '厨卫主材	橱柜	整体厨房', '艺美家', 0, '颜色', '尺码', 1, 0, 0, NULL, 1403969176, 1404927660, 0, 'data/files/store_2/goods_126/small_201407100938463926.jpg', 1, 1, 11, 3, 0, 0.00, '0', 269.00, '', 0.00, 0, 0),
(31, 2, 'material', '纯实木地板厂家直销a板原木木地板仿古手抓纹18mm特价清仓材质重', '<p><img src="http://esoujcw.com.free.wqit.net/data/files/store_2/goods_60/201407111017401965.jpg" alt="11.jpg" /></p>', 44, '客卧主材	地板	木地板', '富森地板', 0, '颜色', '尺码', 1, 0, 0, NULL, 1404573197, 1405016270, 0, 'data/files/store_2/goods_39/small_201407111017197262.jpg', 1, 31, 32, 44, 0, 0.00, '', 160.00, '', 0.00, 0, 0),
(32, 2, 'material', '家装主材/地板/纯实木地板 木地板 全实木 特价 厂家直销 橡木！', '<p><img src="http://esoujcw.com.free.wqit.net/data/files/store_2/goods_44/201407110930441718.png" alt="22.png" /><img src="http://esoujcw.com.free.wqit.net/data/files/store_2/goods_62/201407110931028586.png" alt="33.png" /><img src="http://esoujcw.com.free.wqit.net/data/files/store_2/goods_77/201407110931173264.png" alt="44.png" /><img src="http://esoujcw.com.free.wqit.net/data/files/store_2/goods_92/201407110931323474.png" alt="55.png" /><img src="http://esoujcw.com.free.wqit.net/data/files/store_2/goods_107/201407110931476167.png" alt="66.png" /></p>', 33, '客卧主材	地板	实木地板', '倍康地板', 0, '', '', 1, 0, 0, NULL, 1404574748, 1406164121, 60, 'data/files/store_2/goods_76/small_201407241707569956.jpg', 1, 31, 32, 33, 0, 150.00, '6', 150.00, '', 60.00, 0, 0),
(33, 2, 'material', '凯淇美亚沙发 布艺沙发 简约现代 小户型 客厅转角沙发L57', '<p><img src="http://esoujcw.com.free.wqit.net/data/files/store_2/goods_99/201407101038194921.png" alt="22.png" /><img src="http://esoujcw.com.free.wqit.net/data/files/store_2/goods_115/201407101038353307.png" alt="33.png" /></p>', 18, '厨卫主材	洁具	淋浴房', '凯淇美亚', 0, '', '', 1, 0, 0, NULL, 1404684079, 1404931133, 0, 'data/files/store_2/goods_0/small_201407101036408039.jpg', 1, 1, 12, 18, 0, 0.00, '', 1699.00, '', 0.00, 1404662400, 0),
(34, 2, 'material', '精美玻璃灯壁灯', '<p>精美玻璃灯壁灯复古壁灯，优选进口树脂，纯手工抛光打磨，精巧描金工艺，不生锈，不退色，精致复古凤尾雕花，优雅流畅的线条，尊享奢华品质。</p>\r\n<p><img src="http://esoujcw.com.free.wqit.net/data/files/store_2/goods_88/201407101001281090.png" alt="QQ截图20140710100255.png" /><img src="http://esoujcw.com.free.wqit.net/data/files/store_2/goods_102/201407101001422030.png" alt="22.png" /></p>\r\n<p><img src="http://esoujcw.com.free.wqit.net/data/files/store_2/goods_158/201407101002384631.png" alt="33.png" /></p>', 79, '客卧主材	幕墙壁纸	配件', '赛朵', 0, '', '', 1, 0, 0, NULL, 1404685115, 1404929106, 0, 'data/files/store_2/goods_181/small_201407100956215230.jpg', 1, 31, 75, 79, 0, 0.00, '', 439.00, '', 0.00, 0, 0),
(35, 2, 'material', '欧普照明 led射灯3w2寸6公分7公分', '<p><img src="http://esoujcw.com.free.wqit.net/data/files/store_2/goods_173/201407151519336890.png" alt="22.png" /></p>', 214, '智能家居	照明系统', 'LED', 0, '', '', 1, 0, 0, NULL, 1405380014, 1405450969, 0, 'data/files/store_2/goods_93/small_201407161101332256.jpg', 1, 208, 214, 0, 0, 0.00, '', 60.00, '', 0.00, 1405353600, 0),
(37, 2, 'material', 'LED节能灯', '<p><img src="http://esoujcw.com.free.wqit.net/data/files/store_2/goods_121/201407181532018547.jpg" alt="small_201407151519025196.jpg" /></p>', 214, '智能家居	照明系统', '欧普', 2, '颜色', '尺码', 1, 0, 0, NULL, 1405639978, 1405639978, 89, 'data/files/store_2/goods_109/small_201407181531498803.jpg', 1, 208, 214, 0, 0, 0.00, '', 68.00, '', 0.00, 1405612800, 0),
(40, 2, 'material', '美的饮水机MYR/MYD926S-W立式冷热冰热 家用制冷饮水机', '<p><img src="http://esoujcw.com.free.wqit.net/data/files/store_2/goods_191/201407241126314532.png" alt="184.png" /><img src="http://esoujcw.com.free.wqit.net/data/files/store_2/goods_113/201407241125136624.png" alt="181.png" /><img src="http://esoujcw.com.free.wqit.net/data/files/store_2/goods_113/201407241125136285.png" alt="180.png" /><img src="http://esoujcw.com.free.wqit.net/data/files/store_2/goods_115/201407241125157365.png" alt="182.png" /><img src="http://esoujcw.com.free.wqit.net/data/files/store_2/goods_120/201407241125207131.png" alt="183.png" /></p>', 258, '家用电器	饮水设备	饮水机', '美的', 2, '颜色', '外观', 1, 0, 0, NULL, 1406143565, 1406143627, 101, 'data/files/store_2/goods_92/small_201407241124521744.jpg', 1, 27, 28, 258, 0, 0.00, '', 500.00, '', 0.00, 1406131200, 0),
(41, 2, 'material', 'Midea/美的 QL302 不锈钢天然气液化气燃气灶嵌入式 煤气灶 双灶', '<p><img src="http://esoujcw.com.free.wqit.net/data/files/store_2/goods_156/201407241142361413.png" alt="190.png" /><img src="http://esoujcw.com.free.wqit.net/data/files/store_2/goods_156/201407241142363564.png" alt="191.png" /><img src="http://esoujcw.com.free.wqit.net/data/files/store_2/goods_158/201407241142383187.png" alt="192.png" /><img src="http://esoujcw.com.free.wqit.net/data/files/store_2/goods_161/201407241142412090.png" alt="193.png" /><img src="http://esoujcw.com.free.wqit.net/data/files/store_2/goods_164/201407241142446511.png" alt="194.png" /></p>', 278, '家用电器	厨卫电器	灶具', '美的', 2, '点火方式', '适用气源', 1, 0, 0, NULL, 1406144613, 1406144647, 102, 'data/files/store_2/goods_71/small_201407241141119895.jpg', 1, 27, 30, 278, 0, 0.00, '', 499.00, '', 0.00, 1406131200, 0),
(42, 2, 'material', 'Midea/美的PD105-50G 电热水瓶保温电水壶不锈钢防干烧自动烧水壶', '<p><img src="http://esoujcw.com.free.wqit.net/data/files/store_2/goods_99/201407241154596308.png" alt="201.png" /><img src="http://esoujcw.com.free.wqit.net/data/files/store_2/goods_110/201407241155109977.png" alt="202.png" /><img src="http://esoujcw.com.free.wqit.net/data/files/store_2/goods_119/201407241155192711.png" alt="203.png" /><img src="http://esoujcw.com.free.wqit.net/data/files/store_2/goods_120/201407241155203315.png" alt="204.png" /><img src="http://esoujcw.com.free.wqit.net/data/files/store_2/goods_123/201407241155237967.png" alt="205.png" /><img src="http://esoujcw.com.free.wqit.net/data/files/store_2/goods_129/201407241155293998.png" alt="206.png" /><img src="http://esoujcw.com.free.wqit.net/data/files/store_2/goods_132/201407241155329451.png" alt="207.png" /><img src="http://esoujcw.com.free.wqit.net/data/files/store_2/goods_139/201407241155395309.png" alt="208.png" /><img src="http://esoujcw.com.free.wqit.net/data/files/store_2/goods_144/201407241155442735.png" alt="209.png" /><img src="http://esoujcw.com.free.wqit.net/data/files/store_2/goods_151/201407241155512737.png" alt="210.png" /><img src="http://esoujcw.com.free.wqit.net/data/files/store_2/goods_154/201407241155546281.png" alt="211.png" /></p>', 276, '家用电器	厨卫电器	热水器', '美的', 2, '颜色', '容积', 1, 0, 0, NULL, 1406145530, 1406145530, 103, 'data/files/store_2/goods_25/small_201407241153455083.jpg', 1, 27, 30, 276, 0, 0.00, '', 299.00, ',电热水瓶保温电水壶不锈钢防干烧自动烧水壶,', 0.00, 1406131200, 0),
(43, 2, 'material', 'Konka/康佳 LED49K70A KKTV 49吋8核安卓智能平板电视机 IPS硬屏', '<p><img src="http://esoujcw.com.free.wqit.net/data/files/store_2/goods_91/201407241521312708.png" alt="211.png" /><img src="http://esoujcw.com.free.wqit.net/data/files/store_2/goods_91/201407241521317016.png" alt="212.png" /><img src="http://esoujcw.com.free.wqit.net/data/files/store_2/goods_92/201407241521323892.png" alt="213.png" /><img src="http://esoujcw.com.free.wqit.net/data/files/store_2/goods_94/201407241521345211.png" alt="214.png" /><img src="http://esoujcw.com.free.wqit.net/data/files/store_2/goods_96/201407241521365336.png" alt="215.png" /><img src="http://esoujcw.com.free.wqit.net/data/files/store_2/goods_98/201407241521381268.png" alt="216.png" /><img src="http://esoujcw.com.free.wqit.net/data/files/store_2/goods_100/201407241521409016.png" alt="217.png" /><img src="http://esoujcw.com.free.wqit.net/data/files/store_2/goods_104/201407241521443861.png" alt="218.png" /><img src="http://esoujcw.com.free.wqit.net/data/files/store_2/goods_107/201407241521471442.png" alt="219.png" /><img src="http://esoujcw.com.free.wqit.net/data/files/store_2/goods_108/201407241521484433.png" alt="2101.png" /><img src="http://esoujcw.com.free.wqit.net/data/files/store_2/goods_98/201407241524584750.png" alt="2102.png" /><img src="http://esoujcw.com.free.wqit.net/data/files/store_2/goods_99/201407241524593082.png" alt="2103.png" /><img src="http://esoujcw.com.free.wqit.net/data/files/store_2/goods_99/201407241524599591.png" alt="2104.png" /><img src="http://esoujcw.com.free.wqit.net/data/files/store_2/goods_99/201407241524592801.png" alt="2105.png" /><img src="http://esoujcw.com.free.wqit.net/data/files/store_2/goods_100/201407241525007423.png" alt="2106.png" /><img src="http://esoujcw.com.free.wqit.net/data/files/store_2/goods_100/201407241525003042.png" alt="2107.png" /></p>', 267, '家用电器	大家电	电视', '康佳', 2, '屏幕比例', '操作系统', 1, 0, 0, NULL, 1406157948, 1406157948, 104, 'data/files/store_2/goods_22/small_201407241520226511.jpg', 1, 27, 29, 267, 0, 0.00, '', 2999.00, '', 0.00, 1406131200, 0),
(44, 2, 'material', 'Fotile/方太EN05E FC1BE 欧式智能触控 高端抽油烟机节能防爆灶具', '<p><img src="http://esoujcw.com.free.wqit.net/data/files/store_2/goods_111/201407241538312326.jpg" alt="221.jpg" /><img src="http://esoujcw.com.free.wqit.net/data/files/store_2/goods_129/201407241538492995.jpg" alt="222.jpg" /></p>', 279, '家用电器	厨卫电器	烟灶套件', '方太', 2, '颜色', '燃料种类', 1, 0, 0, NULL, 1406158743, 1406158743, 105, 'data/files/store_2/goods_91/small_201407241531317694.jpg', 1, 27, 30, 279, 0, 0.00, '', 4599.00, '', 0.00, 1406131200, 0),
(45, 2, 'material', '方太 钢化玻璃嵌入式防爆高效燃气灶 双灶眼', '<p><img src="http://esoujcw.com.free.wqit.net/data/files/store_2/goods_121/201407241545214215.png" alt="231.png" /><img src="http://esoujcw.com.free.wqit.net/data/files/store_2/goods_121/201407241545218641.png" alt="232.png" /></p>', 278, '家用电器	厨卫电器	灶具', '方太', 2, '材质', '尺码', 1, 0, 0, NULL, 1406159133, 1406159133, 107, 'data/files/store_2/goods_15/small_201407241543351085.jpg', 1, 27, 30, 278, 0, 0.00, '', 960.00, '', 0.00, 1406131200, 0),
(46, 2, 'material', 'Robam/老板 63Q6+9G30不锈钢触控抽油烟机燃气灶套餐烟灶套', '<p><img src="http://esoujcw.com.free.wqit.net/data/files/store_2/goods_163/201407241556034907.png" alt="241.png" /><img src="http://esoujcw.com.free.wqit.net/data/files/store_2/goods_163/201407241556035662.png" alt="242.png" /><img src="http://esoujcw.com.free.wqit.net/data/files/store_2/goods_163/201407241556032728.png" alt="243.png" /><img src="http://esoujcw.com.free.wqit.net/data/files/store_2/goods_164/201407241556044870.png" alt="244.png" /><img src="http://esoujcw.com.free.wqit.net/data/files/store_2/goods_164/201407241556045701.png" alt="245.png" /><img src="http://esoujcw.com.free.wqit.net/data/files/store_2/goods_169/201407241556095309.png" alt="246.png" /><img src="http://esoujcw.com.free.wqit.net/data/files/store_2/goods_171/201407241556116295.png" alt="247.png" /><img src="http://esoujcw.com.free.wqit.net/data/files/store_2/goods_173/201407241556132496.png" alt="248.png" /><img src="http://esoujcw.com.free.wqit.net/data/files/store_2/goods_175/201407241556157463.png" alt="249.png" /><img src="http://esoujcw.com.free.wqit.net/data/files/store_2/goods_179/201407241556196080.png" alt="2401.png" /></p>', 279, '家用电器	厨卫电器	烟灶套件', '老板', 2, '颜色', '尺码', 1, 0, 0, NULL, 1406159811, 1406159811, 110, 'data/files/store_2/goods_100/small_201407241551406303.jpg', 1, 27, 30, 279, 0, 0.00, '', 5199.00, '', 0.00, 1406131200, 0),
(47, 2, 'material', '老板油烟机老板抽油烟机老板吸油烟机 欧式侧吸双电机 正品联保', '<p><img src="http://esoujcw.com.free.wqit.net/data/files/store_2/goods_59/201407241604194819.png" alt="252.png" /><img src="http://esoujcw.com.free.wqit.net/data/files/store_2/goods_59/201407241604198931.png" alt="253.png" /></p>', 277, '家用电器	厨卫电器	抽烟机', '老板', 2, '颜色', '材质', 1, 0, 0, NULL, 1406160271, 1406160271, 112, 'data/files/store_2/goods_108/small_201407241601482163.jpg', 1, 27, 30, 277, 0, 0.00, '', 1388.00, '', 0.00, 1406131200, 0),
(48, 2, 'material', '志邦橱柜 厨房厨柜 整体厨房整体橱柜定做 橱柜定制 那拉提整体柜', '<p><img src="http://esoujcw.com.free.wqit.net/data/files/store_2/goods_23/201407241613435167.png" alt="250.png" /><img src="http://esoujcw.com.free.wqit.net/data/files/store_2/goods_24/201407241613446099.png" alt="251.png" /><img src="http://esoujcw.com.free.wqit.net/data/files/store_2/goods_24/201407241613443315.png" alt="252.png" /><img src="http://esoujcw.com.free.wqit.net/data/files/store_2/goods_27/201407241613478886.png" alt="253.png" /><img src="http://esoujcw.com.free.wqit.net/data/files/store_2/goods_33/201407241613533041.png" alt="254.png" /></p>', 388, '厨卫主材	橱柜	分体式橱柜', '志邦橱柜', 2, '颜色', '形状', 1, 0, 0, NULL, 1406160850, 1406160850, 113, 'data/files/store_2/goods_192/small_201407241609523150.jpg', 1, 1, 11, 388, 0, 0.00, '', 6398.87, '', 0.00, 1406131200, 0),
(49, 2, 'material', '单人实木床定做 美式实木单人床定制实木单人床 客卧家具定做', '<p><img src="http://esoujcw.com.free.wqit.net/data/files/store_2/goods_98/201407241704584184.png" alt="11.png" /><img src="http://esoujcw.com.free.wqit.net/data/files/store_2/goods_99/201407241704596286.png" alt="12.png" /></p>', 256, '客卧主材	家具', '缘木家居', 2, '颜色', '尺码', 1, 0, 0, NULL, 1406163908, 1406163908, 116, 'data/files/store_2/goods_137/small_201407241702174452.jpg', 1, 31, 256, 0, 0, 0.00, '', 2700.00, '', 0.00, 1406131200, 0),
(50, 2, 'material', '欧普 风暖浴霸 集成吊顶 超导 浴霸 暖风卫生间超薄多功能三合一', '<p><img src="http://esoujcw.com.free.wqit.net/data/files/store_2/goods_186/201407241719464948.png" alt="2.png" /><img src="http://esoujcw.com.free.wqit.net/data/files/store_2/goods_186/201407241719468313.png" alt="3.png" /><img src="http://esoujcw.com.free.wqit.net/data/files/store_2/goods_187/201407241719471334.png" alt="4.png" /><img src="http://esoujcw.com.free.wqit.net/data/files/store_2/goods_187/201407241719478822.png" alt="5.png" /><img src="http://esoujcw.com.free.wqit.net/data/files/store_2/goods_191/201407241719517315.png" alt="6.png" /><img src="http://esoujcw.com.free.wqit.net/data/files/store_2/goods_195/201407241719557290.png" alt="7.png" /><img src="http://esoujcw.com.free.wqit.net/data/files/store_2/goods_196/201407241719563308.png" alt="8.png" /><img src="http://esoujcw.com.free.wqit.net/data/files/store_2/goods_198/201407241719587445.png" alt="9.png" /></p>', 376, '灯饰照明	灯饰照明	吸顶灯', '欧普', 2, '颜色', '尺码', 1, 0, 0, NULL, 1406164828, 1406164828, 117, 'data/files/store_2/goods_96/small_201407241718161631.jpg', 1, 207, 212, 376, 0, 0.00, '', 499.00, '', 0.00, 1406131200, 0),
(51, 2, 'material', '三棵树漆 内墙漆乳胶漆白色 净味竹炭墙面漆 20kg涂料油漆', '<p><img src="http://esoujcw.com.free.wqit.net/data/files/store_2/goods_125/201407251018459085.png" alt="50.png" /><img src="http://esoujcw.com.free.wqit.net/data/files/store_2/goods_127/201407251018472706.png" alt="51.png" /><img src="http://esoujcw.com.free.wqit.net/data/files/store_2/goods_129/201407251018493720.png" alt="52.png" /><img src="http://esoujcw.com.free.wqit.net/data/files/store_2/goods_132/201407251018525774.png" alt="53.png" /><img src="http://esoujcw.com.free.wqit.net/data/files/store_2/goods_122/201407251018422121.png" alt="49.png" /><img src="http://esoujcw.com.free.wqit.net/data/files/store_2/goods_111/201407251018317839.png" alt="45.png" /><img src="http://esoujcw.com.free.wqit.net/data/files/store_2/goods_113/201407251018331759.png" alt="46.png" /><img src="http://esoujcw.com.free.wqit.net/data/files/store_2/goods_116/201407251018367184.png" alt="47.png" /><img src="http://esoujcw.com.free.wqit.net/data/files/store_2/goods_119/201407251018392693.png" alt="48.png" /><img src="http://esoujcw.com.free.wqit.net/data/files/store_2/goods_106/201407251018263604.png" alt="41.png" /><img src="http://esoujcw.com.free.wqit.net/data/files/store_2/goods_107/201407251018276824.png" alt="42.png" /><img src="http://esoujcw.com.free.wqit.net/data/files/store_2/goods_107/201407251018276097.png" alt="43.png" /><img src="http://esoujcw.com.free.wqit.net/data/files/store_2/goods_108/201407251018286778.png" alt="44.png" /></p>\r\n<p>&nbsp;</p>', 351, '基础主材	油漆	专用漆', '三棵树', 2, '颜色', '容量', 1, 0, 0, NULL, 1406226179, 1406226179, 118, 'data/files/store_2/goods_195/small_201407251013159950.jpg', 1, 210, 225, 351, 0, 0.00, '', 409.00, '', 0.00, 1406217600, 0),
(52, 2, 'material', '立邦漆 抗甲醛净味五合一套装 内墙面漆乳胶漆涂料油漆', '<p><img src="http://esoujcw.com.free.wqit.net/data/files/store_2/goods_9/201407251030099106.jpg" alt="51.jpg" /><img src="http://esoujcw.com.free.wqit.net/data/files/store_2/goods_10/201407251030105257.jpg" alt="52.jpg" /><img src="http://esoujcw.com.free.wqit.net/data/files/store_2/goods_19/201407251030198361.jpg" alt="53.jpg" /></p>', 352, '基础主材	油漆	水基油漆', '立邦', 2, '涂料光泽', '尺码', 1, 0, 0, NULL, 1406226651, 1406226651, 119, 'data/files/store_2/goods_188/small_201407251026283573.jpg', 1, 210, 225, 352, 0, 0.00, '', 1488.00, '', 0.00, 1406217600, 0),
(53, 2, 'material', '多乐士 竹炭清新居五合一 内墙涂料墙面漆 乳胶漆', '<p><img src="http://esoujcw.com.free.wqit.net/data/files/store_2/goods_125/201407251038459402.jpg" alt="61.jpg" /><img src="http://esoujcw.com.free.wqit.net/data/files/store_2/goods_132/201407251038522742.jpg" alt="62.jpg" /></p>', 351, '基础主材	油漆	专用漆', '多乐士', 2, '颜色', '容量', 1, 0, 0, NULL, 1406227150, 1407779179, 193, 'data/files/store_2/goods_28/small_201407251037087654.jpg', 1, 210, 225, 351, 0, 0.00, '', 949.00, '', 0.00, 1407772800, 1409414400),
(54, 2, 'material', '品牌正品墙壁开关插座带开关二三插面板香槟色86型五孔电源插座', '<p><img src="http://esoujcw.com.free.wqit.net/data/files/store_2/goods_15/201407251510157340.png" alt="71.png" /><img src="http://esoujcw.com.free.wqit.net/data/files/store_2/goods_16/201407251510161955.png" alt="72.png" /><img src="http://esoujcw.com.free.wqit.net/data/files/store_2/goods_18/201407251510185660.png" alt="73.png" /><img src="http://esoujcw.com.free.wqit.net/data/files/store_2/goods_22/201407251510223052.png" alt="74.png" /><img src="http://esoujcw.com.free.wqit.net/data/files/store_2/goods_28/201407251510283728.png" alt="75.png" /><img src="http://esoujcw.com.free.wqit.net/data/files/store_2/goods_30/201407251510308266.png" alt="76.png" /></p>', 237, '灯饰照明	开关面板	开关', '西门子', 2, '颜色', '尺码', 1, 0, 0, NULL, 1406243463, 1407781631, 122, 'data/files/store_2/goods_41/small_201407251507216293.jpg', 1, 207, 211, 237, 0, 0.00, '', 0.88, '', 0.00, 1406217600, 1409414400),
(55, 2, 'material', '西门子墙壁开关插座不锈钢拉丝开关面板五孔电源插正品包邮', '<p><img src="http://esoujcw.com.free.wqit.net/data/files/store_2/goods_156/201407251515567003.jpg" alt="81.jpg" /></p>', 237, '灯饰照明	开关面板	开关', '西门子', 2, '颜色', '插座类型', 1, 0, 0, NULL, 1406243768, 1406243768, 123, 'data/files/store_2/goods_104/small_201407251515049311.jpg', 1, 207, 211, 237, 0, 0.00, '', 3.98, '', 0.00, 1406217600, 0),
(56, 2, 'material', '飞雕开关插座面板套餐A3系列墙壁电源86型二室三室二厅39只套装', '<p><img src="http://esoujcw.com.free.wqit.net/data/files/store_2/goods_13/201407251523332841.jpg" alt="91.jpg" /></p>', 237, '灯饰照明	开关面板	开关', '飞雕', 2, '颜色', '插孔类型', 1, 0, 0, NULL, 1406244227, 1406244227, 124, 'data/files/store_2/goods_129/small_201407251522097934.jpg', 1, 207, 211, 237, 0, 0.00, '', 299.00, '', 0.00, 1406217600, 0),
(57, 2, 'material', '包邮飞雕开关官方旗舰店 A3五孔插座 电源开关插座面板墙壁插座', '<p><img src="http://esoujcw.com.free.wqit.net/data/files/store_2/goods_32/201407251527128219.jpg" alt="91.jpg" /></p>', 237, '灯饰照明	开关面板	开关', '飞雕', 2, '颜色', '插孔类型', 1, 0, 0, NULL, 1406244442, 1407779587, 125, 'data/files/store_2/goods_173/small_201407251526136852.jpg', 1, 207, 211, 237, 0, 0.00, '', 6.88, '', 0.00, 1407772800, 1409414400),
(58, 2, 'material', '专柜限量 飞雕旗舰店 86型插座 A9B香槟金土豪金 一开单控开关', '<p><img src="http://esoujcw.com.free.wqit.net/data/files/store_2/goods_24/201407251533444219.jpg" alt="121.jpg" /></p>', 237, '灯饰照明	开关面板	开关', '飞雕', 2, '颜色', '按键数', 1, 0, 0, NULL, 1406244837, 1406244837, 126, 'data/files/store_2/goods_79/small_201407251531197017.jpg', 1, 207, 211, 237, 0, 0.00, '', 22.70, '', 0.00, 1406217600, 0),
(59, 2, 'material', '松下开关插座正品86松下五孔插座面板简尚开关面板二三插电源插座', '<p><img src="http://esoujcw.com.free.wqit.net/data/files/store_2/goods_45/201407251614058469.jpg" alt="141.jpg" /></p>', 237, '灯饰照明	开关面板	开关', '松下', 2, '颜色', '插孔类型', 1, 0, 0, NULL, 1406247256, 1406247256, 127, 'data/files/store_2/goods_29/small_201407251610299040.jpg', 1, 207, 211, 237, 0, 0.00, '', 9.90, '', 0.00, 1406217600, 0),
(60, 2, 'material', '松下开关插座LEVELART进口系列86型五孔带保护门插座', '<p><img src="http://esoujcw.com.free.wqit.net/data/files/store_2/goods_78/201407251637582699.png" alt="151.png" /></p>', 237, '灯饰照明	开关面板	开关', '松下', 2, '颜色', '插孔类型', 1, 0, 0, NULL, 1406248692, 1406248692, 128, 'data/files/store_2/goods_10/small_201407251636507453.jpg', 1, 207, 211, 237, 0, 0.00, '', 93.58, '', 0.00, 1406217600, 0),
(74, 18, 'material', '罗玛诺尔全抛釉系列LM8039', '                                    <p>&nbsp;&nbsp;&nbsp;&nbsp;&nbsp; 意大利罗玛诺尔国际陶瓷集团(中国)有限公司是一家集产品研发，生产，销售为一体的高科技绿色环保节能新型陶瓷企业。<br />&nbsp;&nbsp;&nbsp;&nbsp;&nbsp;&nbsp; 公司拥有亚洲一流烧制水平的摩德纳宽体窑炉，西班牙纯进口二代喷墨机以及尖端的专业技术研发人员，全力打造出高规格的高档仿古全抛釉系列、洞石系列、抛晶微晶、玉石系列。公司追求科技时尚的人性化产品研发理念，引领社会发展步伐，以人为本，不断创新，不断满足消费者对于产品的功能需求和审美需求，以独特的花色品种，精良的品质，突出的个性特质和引领潮流的研发，深受用户喜爱，产品畅销国内外多个城市和地区。<br />关于我们：<br />&nbsp;&nbsp;&nbsp;&nbsp;&nbsp;&nbsp; 中国工程建设重点推广应用产品<br />&nbsp;&nbsp;&nbsp;&nbsp;&nbsp;&nbsp; 中国陶瓷行业十大品牌<br />&nbsp;&nbsp;&nbsp;&nbsp;&nbsp;&nbsp; 中国绿色环保建材产品</p>                                    ', 71, '客卧主材	陶瓷	耐磨砖', '罗玛诺尔', 0, '', '', 1, 0, 0, NULL, 1406943386, 1411715205, 0, 'data/files/store_18/goods_174/small_201408021736148364.jpg', 1, 31, 64, 71, 0, 0.00, '', 69.00, '', 0.00, 1406937600, 0),
(62, 4, 'material', '【安全钢架】德力西开关插座面板墙壁开关二三插五孔电源插座开关', '<p><img src="http://rmall.net/data/files/store_4/goods_6/201408021446464346.jpg" alt="未标题-3.jpg" /></p>', 237, '灯饰照明	开关面板	开关', '德力西', 2, '颜色', '型号', 1, 0, 0, NULL, 1406933215, 1406933215, 130, 'data/files/store_4/goods_69/small_201408021444297455.jpg', 1, 207, 211, 237, 0, 0.00, '', 4.90, '', 0.00, 1406908800, 0),
(63, 4, 'material', '德力西家居照明高端LED吸顶灯书房玄关卧室超亮LED百合吸顶灯', '<p><img src="http://rmall.net/data/files/store_4/goods_163/201408021506034029.jpg" alt="未标题-5.jpg" /></p>', 226, '灯饰照明	灯饰照明	吊灯', '德力西', 2, '颜色', '尺码', 1, 0, 0, NULL, 1406934168, 1406934373, 131, 'data/files/store_4/goods_167/small_201408021459273938.jpg', 1, 207, 212, 226, 0, 0.00, '', 135.00, '', 0.00, 1406908800, 0),
(64, 4, 'material', '德力西照明LED集成吊顶厨卫灯LED灯具 LED集成吊顶灯', '<p><img src="http://rmall.net/data/files/store_4/goods_188/201408021523081077.jpg" alt="未标题-5.jpg" /></p>', 226, '灯饰照明	灯饰照明	吊灯', '德力西', 2, '颜色', '尺码', 1, 0, 0, NULL, 1406935397, 1406935397, 132, 'data/files/store_4/goods_23/small_201408021520237670.jpg', 1, 207, 212, 226, 0, 0.00, '', 199.00, '', 0.00, 1406908800, 0),
(65, 18, 'material', '罗玛诺尔微晶石系列', '<div style="padding: 0px; margin: 0px; color: #7a7a7a; font-family: Arial, Helvetica, sans-serif; font-size: 12px; font-style: normal; font-variant: normal; font-weight: normal; letter-spacing: normal; line-height: 22px; orphans: 2; text-align: start; text-indent: 0px; text-transform: none; white-space: normal; widows: 2; word-spacing: 0px; -webkit-text-size-adjust: none; -webkit-text-stroke-width: 0px;">\r\n<p style="padding: 0px; margin: 0px; list-style: none;"><span>&nbsp;</span>&nbsp; &nbsp; &nbsp;意大利罗玛诺尔国际陶瓷集团(中国)有限公司是一家集产品研发，生产，销售为一体的高科技绿色环保节能新型陶瓷企业。</p>\r\n<p>&nbsp;&nbsp;&nbsp;&nbsp;&nbsp;&nbsp;&nbsp;公司拥有亚洲一流烧制水平的摩德纳宽体窑炉，西班牙纯进口二代喷墨机以及尖端的专业技术研发人员，全力打造出高规格的高档仿古全抛釉系列、洞石系列、抛晶微晶、玉石系列。公司追求科技时尚的人性化产品研发理念，引领社会发展步伐，以人为本，不断创新，不断满足消费者对于产品的功能需求和审美需求，以独特的花色品种，精良的品质，突出的个性特质和引领潮流的研发，深受用户喜爱，产品畅销国内外多个城市和地区。<br style="padding: 0px; margin: 0px; color: #7a7a7a; font-family: Arial, Helvetica, sans-serif; font-size: 12px; font-style: normal; font-variant: normal; font-weight: normal; letter-spacing: normal; line-height: 22px; orphans: 2; text-align: start; text-indent: 0px; text-transform: none; white-space: normal; widows: 2; word-spacing: 0px; -webkit-text-size-adjust: none; -webkit-text-stroke-width: 0px;" /><strong style="padding: 0px; margin: 0px; color: #7a7a7a; font-family: Arial, Helvetica, sans-serif; font-size: 12px; font-style: normal; font-variant: normal; letter-spacing: normal; line-height: 22px; orphans: 2; text-align: start; text-indent: 0px; text-transform: none; white-space: normal; widows: 2; word-spacing: 0px; -webkit-text-size-adjust: none; -webkit-text-stroke-width: 0px;">关于我们：</strong><br style="padding: 0px; margin: 0px; color: #7a7a7a; font-family: Arial, Helvetica, sans-serif; font-size: 12px; font-style: normal; font-variant: normal; font-weight: normal; letter-spacing: normal; line-height: 22px; orphans: 2; text-align: start; text-indent: 0px; text-transform: none; white-space: normal; widows: 2; word-spacing: 0px; -webkit-text-size-adjust: none; -webkit-text-stroke-width: 0px;" /><span style="color: #7a7a7a; font-family: Arial, Helvetica, sans-serif; font-size: 12px; font-style: normal; font-variant: normal; font-weight: normal; letter-spacing: normal; line-height: 22px; orphans: 2; text-align: start; text-indent: 0px; text-transform: none; white-space: normal; widows: 2; word-spacing: 0px; -webkit-text-size-adjust: none; -webkit-text-stroke-width: 0px; display: inline !important; float: none;">&nbsp; &nbsp; &nbsp; &nbsp;中国工程建设重点推广应用产品</span><br style="padding: 0px; margin: 0px; color: #7a7a7a; font-family: Arial, Helvetica, sans-serif; font-size: 12px; font-style: normal; font-variant: normal; font-weight: normal; letter-spacing: normal; line-height: 22px; orphans: 2; text-align: start; text-indent: 0px; text-transform: none; white-space: normal; widows: 2; word-spacing: 0px; -webkit-text-size-adjust: none; -webkit-text-stroke-width: 0px;" /><span style="color: #7a7a7a; font-family: Arial, Helvetica, sans-serif; font-size: 12px; font-style: normal; font-variant: normal; font-weight: normal; letter-spacing: normal; line-height: 22px; orphans: 2; text-align: start; text-indent: 0px; text-transform: none; white-space: normal; widows: 2; word-spacing: 0px; -webkit-text-size-adjust: none; -webkit-text-stroke-width: 0px; display: inline !important; float: none;">&nbsp; &nbsp; &nbsp; &nbsp;中国陶瓷行业十大品牌</span><br style="padding: 0px; margin: 0px; color: #7a7a7a; font-family: Arial, Helvetica, sans-serif; font-size: 12px; font-style: normal; font-variant: normal; font-weight: normal; letter-spacing: normal; line-height: 22px; orphans: 2; text-align: start; text-indent: 0px; text-transform: none; white-space: normal; widows: 2; word-spacing: 0px; -webkit-text-size-adjust: none; -webkit-text-stroke-width: 0px;" /><span style="color: #7a7a7a; font-family: Arial, Helvetica, sans-serif; font-size: 12px; font-style: normal; font-variant: normal; font-weight: normal; letter-spacing: normal; line-height: 22px; orphans: 2; text-align: start; text-indent: 0px; text-transform: none; white-space: normal; widows: 2; word-spacing: 0px; -webkit-text-size-adjust: none; -webkit-text-stroke-width: 0px; display: inline !important; float: none;">&nbsp; &nbsp; &nbsp; &nbsp;中国绿色环保建材产品</span></p>\r\n</div>', 72, '客卧主材	陶瓷	釉面砖', '罗玛诺', 0, '', '', 1, 0, 0, NULL, 1406942007, 1411713899, 0, 'data/files/store_18/goods_113/small_201408021711538456.jpg', 1, 31, 64, 72, 0, 0.00, '', 69.00, '', 0.00, 1406937600, 0),
(66, 18, 'material', '罗玛诺尔微晶石系列LM8032', '<p>&nbsp;&nbsp;&nbsp;&nbsp;&nbsp; 意大利罗玛诺尔国际陶瓷集团(中国)有限公司是一家集产品研发，生产，销售为一体的高科技绿色环保节能新型陶瓷企业。<br /><br />&nbsp;&nbsp;&nbsp;&nbsp;&nbsp;&nbsp; 公司拥有亚洲一流烧制水平的摩德纳宽体窑炉，西班牙纯进口二代喷墨机以及尖端的专业技术研发人员，全力打造出高规格的高档仿古全抛釉系列、洞石系列、抛晶微晶、玉石系列。公司追求科技时尚的人性化产品研发理念，引领社会发展步伐，以人为本，不断创新，不断满足消费者对于产品的功能需求和审美需求，以独特的花色品种，精良的品质，突出的个性特质和引领潮流的研发，深受用户喜爱，产品畅销国内外多个城市和地区。<br />关于我们：<br />&nbsp;&nbsp;&nbsp;&nbsp;&nbsp;&nbsp; 中国工程建设重点推广应用产品<br />&nbsp;&nbsp;&nbsp;&nbsp;&nbsp;&nbsp; 中国陶瓷行业十大品牌<br />&nbsp;&nbsp;&nbsp;&nbsp;&nbsp;&nbsp; 中国绿色环保建材产品</p>', 72, '客卧主材	陶瓷	釉面砖', '罗玛诺尔', 0, '', '', 1, 0, 0, NULL, 1406942084, 1406942550, 0, 'data/files/store_18/goods_73/small_201408021714337832.jpg', 1, 31, 64, 72, 0, 0.00, '3折', 218.00, '', 0.00, 1406908800, 0);
INSERT INTO `ecm_goods` (`goods_id`, `store_id`, `type`, `goods_name`, `description`, `cate_id`, `cate_name`, `brand`, `spec_qty`, `spec_name_1`, `spec_name_2`, `if_show`, `if_seckill`, `closed`, `close_reason`, `add_time`, `last_update`, `default_spec`, `default_image`, `recommended`, `cate_id_1`, `cate_id_2`, `cate_id_3`, `cate_id_4`, `market_price`, `discount`, `price`, `tags`, `active_price`, `active_start_time`, `active_end_time`) VALUES
(73, 18, 'material', '罗玛诺尔全抛釉系列LM8036', '<p>&nbsp;&nbsp;&nbsp;&nbsp;&nbsp; 意大利罗玛诺尔国际陶瓷集团(中国)有限公司是一家集产品研发，生产，销售为一体的高科技绿色环保节能新型陶瓷企业。<br />&nbsp;&nbsp;&nbsp;&nbsp;&nbsp;&nbsp; 公司拥有亚洲一流烧制水平的摩德纳宽体窑炉，西班牙纯进口二代喷墨机以及尖端的专业技术研发人员，全力打造出高规格的高档仿古全抛釉系列、洞石系列、抛晶微晶、玉石系列。公司追求科技时尚的人性化产品研发理念，引领社会发展步伐，以人为本，不断创新，不断满足消费者对于产品的功能需求和审美需求，以独特的花色品种，精良的品质，突出的个性特质和引领潮流的研发，深受用户喜爱，产品畅销国内外多个城市和地区。<br />关于我们：<br />&nbsp;&nbsp;&nbsp;&nbsp;&nbsp;&nbsp; 中国工程建设重点推广应用产品<br />&nbsp;&nbsp;&nbsp;&nbsp;&nbsp;&nbsp; 中国陶瓷行业十大品牌<br />&nbsp;&nbsp;&nbsp;&nbsp;&nbsp;&nbsp; 中国绿色环保建材产品</p>', 72, '客卧主材	陶瓷	釉面砖', '罗玛诺尔', 0, '', '', 1, 0, 0, NULL, 1406943288, 1411715225, 0, 'data/files/store_18/goods_82/small_201408021734436861.jpg', 1, 31, 64, 72, 0, 0.00, '', 69.00, '', 0.00, 1406937600, 0),
(72, 18, 'material', '罗玛诺尔全抛釉系列LM8032', '<p>&nbsp;&nbsp;&nbsp;&nbsp;&nbsp; 意大利罗玛诺尔国际陶瓷集团(中国)有限公司是一家集产品研发，生产，销售为一体的高科技绿色环保节能新型陶瓷企业。<br />&nbsp;&nbsp;&nbsp;&nbsp;&nbsp;&nbsp; 公司拥有亚洲一流烧制水平的摩德纳宽体窑炉，西班牙纯进口二代喷墨机以及尖端的专业技术研发人员，全力打造出高规格的高档仿古全抛釉系列、洞石系列、抛晶微晶、玉石系列。公司追求科技时尚的人性化产品研发理念，引领社会发展步伐，以人为本，不断创新，不断满足消费者对于产品的功能需求和审美需求，以独特的花色品种，精良的品质，突出的个性特质和引领潮流的研发，深受用户喜爱，产品畅销国内外多个城市和地区。<br />关于我们：<br />&nbsp;&nbsp;&nbsp;&nbsp;&nbsp;&nbsp; 中国工程建设重点推广应用产品<br />&nbsp;&nbsp;&nbsp;&nbsp;&nbsp;&nbsp; 中国陶瓷行业十大品牌<br />&nbsp;&nbsp;&nbsp;&nbsp;&nbsp;&nbsp; 中国绿色环保建材产品</p>', 72, '客卧主材	陶瓷	釉面砖', ' 罗玛诺尔', 0, '', '', 1, 0, 0, NULL, 1406943217, 1411715162, 0, 'data/files/store_18/goods_5/small_201408021733255378.jpg', 1, 31, 64, 72, 0, 0.00, '', 69.00, '', 0.00, 1406937600, 0),
(71, 18, 'material', '罗玛诺尔全抛釉系列LM8021', '<p>&nbsp;&nbsp;&nbsp;&nbsp;&nbsp; 意大利罗玛诺尔国际陶瓷集团(中国)有限公司是一家集产品研发，生产，销售为一体的高科技绿色环保节能新型陶瓷企业。<br />&nbsp;&nbsp;&nbsp;&nbsp;&nbsp;&nbsp; 公司拥有亚洲一流烧制水平的摩德纳宽体窑炉，西班牙纯进口二代喷墨机以及尖端的专业技术研发人员，全力打造出高规格的高档仿古全抛釉系列、洞石系列、抛晶微晶、玉石系列。公司追求科技时尚的人性化产品研发理念，引领社会发展步伐，以人为本，不断创新，不断满足消费者对于产品的功能需求和审美需求，以独特的花色品种，精良的品质，突出的个性特质和引领潮流的研发，深受用户喜爱，产品畅销国内外多个城市和地区。<br />关于我们：<br />&nbsp;&nbsp;&nbsp;&nbsp;&nbsp;&nbsp; 中国工程建设重点推广应用产品<br />&nbsp;&nbsp;&nbsp;&nbsp;&nbsp;&nbsp; 中国陶瓷行业十大品牌<br />&nbsp;&nbsp;&nbsp;&nbsp;&nbsp;&nbsp; 中国绿色环保建材产品</p>', 72, '客卧主材	陶瓷	釉面砖', '罗玛诺尔', 0, '', '', 1, 1, 0, NULL, 1406942638, 1407456900, 0, 'data/files/store_18/goods_26/small_201408021723461843.jpg', 1, 31, 64, 72, 0, 0.00, '', 210.00, '', 0.00, 1406908800, 1409328000),
(70, 18, 'material', '罗玛诺尔全抛釉系列LM8010', '<p>&nbsp;&nbsp;&nbsp;&nbsp;&nbsp; 意大利罗玛诺尔国际陶瓷集团(中国)有限公司是一家集产品研发，生产，销售为一体的高科技绿色环保节能新型陶瓷企业。<br />&nbsp;&nbsp;&nbsp;&nbsp;&nbsp;&nbsp; 公司拥有亚洲一流烧制水平的摩德纳宽体窑炉，西班牙纯进口二代喷墨机以及尖端的专业技术研发人员，全力打造出高规格的高档仿古全抛釉系列、洞石系列、抛晶微晶、玉石系列。公司追求科技时尚的人性化产品研发理念，引领社会发展步伐，以人为本，不断创新，不断满足消费者对于产品的功能需求和审美需求，以独特的花色品种，精良的品质，突出的个性特质和引领潮流的研发，深受用户喜爱，产品畅销国内外多个城市和地区。<br />关于我们：<br />&nbsp;&nbsp;&nbsp;&nbsp;&nbsp;&nbsp; 中国工程建设重点推广应用产品<br />&nbsp;&nbsp;&nbsp;&nbsp;&nbsp;&nbsp; 中国陶瓷行业十大品牌<br />&nbsp;&nbsp;&nbsp;&nbsp;&nbsp;&nbsp; 中国绿色环保建材产品</p>', 72, '客卧主材	陶瓷	釉面砖', '罗玛诺尔', 0, '', '', 1, 0, 0, NULL, 1406942565, 1411715142, 0, 'data/files/store_18/goods_159/small_201408021722394496.jpg', 1, 31, 64, 72, 0, 0.00, '', 69.00, '', 0.00, 1406937600, 0),
(75, 18, 'material', '罗玛诺尔全抛釉系列LM8040', '<p>&nbsp;&nbsp;&nbsp;&nbsp;&nbsp; 意大利罗玛诺尔国际陶瓷集团(中国)有限公司是一家集产品研发，生产，销售为一体的高科技绿色环保节能新型陶瓷企业。<br />&nbsp;&nbsp;&nbsp;&nbsp;&nbsp;&nbsp; 公司拥有亚洲一流烧制水平的摩德纳宽体窑炉，西班牙纯进口二代喷墨机以及尖端的专业技术研发人员，全力打造出高规格的高档仿古全抛釉系列、洞石系列、抛晶微晶、玉石系列。公司追求科技时尚的人性化产品研发理念，引领社会发展步伐，以人为本，不断创新，不断满足消费者对于产品的功能需求和审美需求，以独特的花色品种，精良的品质，突出的个性特质和引领潮流的研发，深受用户喜爱，产品畅销国内外多个城市和地区。<br />关于我们：<br />&nbsp;&nbsp;&nbsp;&nbsp;&nbsp;&nbsp; 中国工程建设重点推广应用产品<br />&nbsp;&nbsp;&nbsp;&nbsp;&nbsp;&nbsp; 中国陶瓷行业十大品牌<br />&nbsp;&nbsp;&nbsp;&nbsp;&nbsp;&nbsp; 中国绿色环保建材产品</p>', 72, '客卧主材	陶瓷	釉面砖', '罗玛诺尔', 0, '', '', 1, 0, 0, NULL, 1406943815, 1411715182, 0, 'data/files/store_18/goods_193/small_201408021743131095.jpg', 1, 31, 64, 72, 0, 0.00, '', 69.00, '', 0.00, 1406937600, 0),
(76, 18, 'material', '罗玛诺尔全抛釉系列LM8041', '<p>&nbsp;&nbsp;&nbsp;&nbsp;&nbsp; 意大利罗玛诺尔国际陶瓷集团(中国)有限公司是一家集产品研发，生产，销售为一体的高科技绿色环保节能新型陶瓷企业。<br />&nbsp;&nbsp;&nbsp;&nbsp;&nbsp;&nbsp; 公司拥有亚洲一流烧制水平的摩德纳宽体窑炉，西班牙纯进口二代喷墨机以及尖端的专业技术研发人员，全力打造出高规格的高档仿古全抛釉系列、洞石系列、抛晶微晶、玉石系列。公司追求科技时尚的人性化产品研发理念，引领社会发展步伐，以人为本，不断创新，不断满足消费者对于产品的功能需求和审美需求，以独特的花色品种，精良的品质，突出的个性特质和引领潮流的研发，深受用户喜爱，产品畅销国内外多个城市和地区。<br />关于我们：<br />&nbsp;&nbsp;&nbsp;&nbsp;&nbsp;&nbsp; 中国工程建设重点推广应用产品<br />&nbsp;&nbsp;&nbsp;&nbsp;&nbsp;&nbsp; 中国陶瓷行业十大品牌<br />&nbsp;&nbsp;&nbsp;&nbsp;&nbsp;&nbsp; 中国绿色环保建材产品</p>', 71, '客卧主材	陶瓷	耐磨砖', '罗玛诺尔', 0, '', '', 1, 0, 0, NULL, 1406943973, 1411715106, 0, 'data/files/store_18/goods_152/small_201408021745526904.jpg', 1, 31, 64, 71, 0, 0.00, '', 69.00, '', 0.00, 1406937600, 0),
(77, 18, 'material', '罗玛诺尔全抛釉系列LM8041', '<p>&nbsp;&nbsp;&nbsp;&nbsp;&nbsp; 意大利罗玛诺尔国际陶瓷集团(中国)有限公司是一家集产品研发，生产，销售为一体的高科技绿色环保节能新型陶瓷企业。<br />&nbsp;&nbsp;&nbsp;&nbsp;&nbsp;&nbsp; 公司拥有亚洲一流烧制水平的摩德纳宽体窑炉，西班牙纯进口二代喷墨机以及尖端的专业技术研发人员，全力打造出高规格的高档仿古全抛釉系列、洞石系列、抛晶微晶、玉石系列。公司追求科技时尚的人性化产品研发理念，引领社会发展步伐，以人为本，不断创新，不断满足消费者对于产品的功能需求和审美需求，以独特的花色品种，精良的品质，突出的个性特质和引领潮流的研发，深受用户喜爱，产品畅销国内外多个城市和地区。<br />关于我们：<br />&nbsp;&nbsp;&nbsp;&nbsp;&nbsp;&nbsp; 中国工程建设重点推广应用产品<br />&nbsp;&nbsp;&nbsp;&nbsp;&nbsp;&nbsp; 中国陶瓷行业十大品牌<br />&nbsp;&nbsp;&nbsp;&nbsp;&nbsp;&nbsp; 中国绿色环保建材产品</p>', 72, '客卧主材	陶瓷	釉面砖', '罗玛诺尔', 0, '', '', 1, 0, 0, NULL, 1406944054, 1411715078, 0, 'data/files/store_18/goods_10/small_201408021746507593.jpg', 1, 31, 64, 72, 0, 0.00, '', 69.00, '', 0.00, 1406937600, 0),
(78, 18, 'material', '罗玛诺尔全抛釉系列LM8051', '<p>&nbsp;&nbsp;&nbsp;&nbsp;&nbsp; 意大利罗玛诺尔国际陶瓷集团(中国)有限公司是一家集产品研发，生产，销售为一体的高科技绿色环保节能新型陶瓷企业。<br />&nbsp;&nbsp;&nbsp;&nbsp;&nbsp;&nbsp; 公司拥有亚洲一流烧制水平的摩德纳宽体窑炉，西班牙纯进口二代喷墨机以及尖端的专业技术研发人员，全力打造出高规格的高档仿古全抛釉系列、洞石系列、抛晶微晶、玉石系列。公司追求科技时尚的人性化产品研发理念，引领社会发展步伐，以人为本，不断创新，不断满足消费者对于产品的功能需求和审美需求，以独特的花色品种，精良的品质，突出的个性特质和引领潮流的研发，深受用户喜爱，产品畅销国内外多个城市和地区。<br />关于我们：<br />&nbsp;&nbsp;&nbsp;&nbsp;&nbsp;&nbsp; 中国工程建设重点推广应用产品<br />&nbsp;&nbsp;&nbsp;&nbsp;&nbsp;&nbsp; 中国陶瓷行业十大品牌<br />&nbsp;&nbsp;&nbsp;&nbsp;&nbsp;&nbsp; 中国绿色环保建材产品</p>', 71, '客卧主材	陶瓷	耐磨砖', '罗玛诺尔', 0, '', '', 1, 0, 0, NULL, 1406944129, 1411715047, 0, 'data/files/store_18/goods_120/small_201408021748406558.jpg', 1, 31, 64, 71, 0, 0.00, '', 69.00, '', 0.00, 1406937600, 0),
(79, 18, 'material', '罗玛诺尔全抛釉系列LM8064', '<p>&nbsp;&nbsp;&nbsp;&nbsp;&nbsp; 意大利罗玛诺尔国际陶瓷集团(中国)有限公司是一家集产品研发，生产，销售为一体的高科技绿色环保节能新型陶瓷企业。<br />&nbsp;&nbsp;&nbsp;&nbsp;&nbsp;&nbsp; 公司拥有亚洲一流烧制水平的摩德纳宽体窑炉，西班牙纯进口二代喷墨机以及尖端的专业技术研发人员，全力打造出高规格的高档仿古全抛釉系列、洞石系列、抛晶微晶、玉石系列。公司追求科技时尚的人性化产品研发理念，引领社会发展步伐，以人为本，不断创新，不断满足消费者对于产品的功能需求和审美需求，以独特的花色品种，精良的品质，突出的个性特质和引领潮流的研发，深受用户喜爱，产品畅销国内外多个城市和地区。<br />关于我们：<br />&nbsp;&nbsp;&nbsp;&nbsp;&nbsp;&nbsp; 中国工程建设重点推广应用产品<br />&nbsp;&nbsp;&nbsp;&nbsp;&nbsp;&nbsp; 中国陶瓷行业十大品牌<br />&nbsp;&nbsp;&nbsp;&nbsp;&nbsp;&nbsp; 中国绿色环保建材产品</p>', 71, '客卧主材	陶瓷	耐磨砖', '罗玛诺尔', 0, '', '', 1, 0, 0, NULL, 1406944180, 1411715021, 0, 'data/files/store_18/goods_154/small_201408021749148919.jpg', 1, 31, 64, 71, 0, 0.00, '', 69.00, '', 0.00, 1406937600, 0),
(80, 18, 'material', '罗玛诺尔全抛釉系列LM8065', '<p>&nbsp;&nbsp;&nbsp;&nbsp;&nbsp; 意大利罗玛诺尔国际陶瓷集团(中国)有限公司是一家集产品研发，生产，销售为一体的高科技绿色环保节能新型陶瓷企业。<br />&nbsp;&nbsp;&nbsp;&nbsp;&nbsp;&nbsp; 公司拥有亚洲一流烧制水平的摩德纳宽体窑炉，西班牙纯进口二代喷墨机以及尖端的专业技术研发人员，全力打造出高规格的高档仿古全抛釉系列、洞石系列、抛晶微晶、玉石系列。公司追求科技时尚的人性化产品研发理念，引领社会发展步伐，以人为本，不断创新，不断满足消费者对于产品的功能需求和审美需求，以独特的花色品种，精良的品质，突出的个性特质和引领潮流的研发，深受用户喜爱，产品畅销国内外多个城市和地区。<br />关于我们：<br />&nbsp;&nbsp;&nbsp;&nbsp;&nbsp;&nbsp; 中国工程建设重点推广应用产品<br />&nbsp;&nbsp;&nbsp;&nbsp;&nbsp;&nbsp; 中国陶瓷行业十大品牌<br />&nbsp;&nbsp;&nbsp;&nbsp;&nbsp;&nbsp; 中国绿色环保建材产品</p>', 71, '客卧主材	陶瓷	耐磨砖', '罗玛诺尔', 0, '', '', 1, 0, 0, NULL, 1406944243, 1411714992, 0, 'data/files/store_18/goods_22/small_201408021750229153.jpg', 1, 31, 64, 71, 0, 0.00, '', 69.00, '', 0.00, 1406937600, 0),
(81, 18, 'material', '罗玛诺尔全抛釉系列LM8078', '<p>&nbsp;&nbsp;&nbsp;&nbsp;&nbsp; 意大利罗玛诺尔国际陶瓷集团(中国)有限公司是一家集产品研发，生产，销售为一体的高科技绿色环保节能新型陶瓷企业。<br />&nbsp;&nbsp;&nbsp;&nbsp;&nbsp;&nbsp; 公司拥有亚洲一流烧制水平的摩德纳宽体窑炉，西班牙纯进口二代喷墨机以及尖端的专业技术研发人员，全力打造出高规格的高档仿古全抛釉系列、洞石系列、抛晶微晶、玉石系列。公司追求科技时尚的人性化产品研发理念，引领社会发展步伐，以人为本，不断创新，不断满足消费者对于产品的功能需求和审美需求，以独特的花色品种，精良的品质，突出的个性特质和引领潮流的研发，深受用户喜爱，产品畅销国内外多个城市和地区。<br />关于我们：<br />&nbsp;&nbsp;&nbsp;&nbsp;&nbsp;&nbsp; 中国工程建设重点推广应用产品<br />&nbsp;&nbsp;&nbsp;&nbsp;&nbsp;&nbsp; 中国陶瓷行业十大品牌<br />&nbsp;&nbsp;&nbsp;&nbsp;&nbsp;&nbsp; 中国绿色环保建材产品</p>', 71, '客卧主材	陶瓷	耐磨砖', '罗玛诺尔', 0, '', '', 1, 0, 0, NULL, 1406944319, 1411714966, 0, 'data/files/store_18/goods_101/small_201408021751419632.jpg', 1, 31, 64, 71, 0, 0.00, '', 69.00, '', 0.00, 1406937600, 0),
(82, 18, 'material', '罗玛诺尔全抛釉系列LM8079', '<p>&nbsp;&nbsp;&nbsp;&nbsp;&nbsp; 意大利罗玛诺尔国际陶瓷集团(中国)有限公司是一家集产品研发，生产，销售为一体的高科技绿色环保节能新型陶瓷企业。<br />&nbsp;&nbsp;&nbsp;&nbsp;&nbsp;&nbsp; 公司拥有亚洲一流烧制水平的摩德纳宽体窑炉，西班牙纯进口二代喷墨机以及尖端的专业技术研发人员，全力打造出高规格的高档仿古全抛釉系列、洞石系列、抛晶微晶、玉石系列。公司追求科技时尚的人性化产品研发理念，引领社会发展步伐，以人为本，不断创新，不断满足消费者对于产品的功能需求和审美需求，以独特的花色品种，精良的品质，突出的个性特质和引领潮流的研发，深受用户喜爱，产品畅销国内外多个城市和地区。<br />关于我们：<br />&nbsp;&nbsp;&nbsp;&nbsp;&nbsp;&nbsp; 中国工程建设重点推广应用产品<br />&nbsp;&nbsp;&nbsp;&nbsp;&nbsp;&nbsp; 中国陶瓷行业十大品牌<br />&nbsp;&nbsp;&nbsp;&nbsp;&nbsp;&nbsp; 中国绿色环保建材产品</p>', 71, '客卧主材	陶瓷	耐磨砖', '罗玛诺尔', 0, '', '', 1, 0, 0, NULL, 1406944622, 1411714942, 0, 'data/files/store_18/goods_14/small_201408021756544779.jpg', 1, 31, 64, 71, 0, 0.00, '', 69.00, '', 0.00, 1406937600, 0),
(83, 18, 'material', '罗玛诺尔全抛釉系列LM8102', '<p>\r\n<p>&nbsp; &nbsp; 意大利罗玛诺尔国际陶瓷集团(中国)有限公司是一家集产品研发，生产，销售为一体的高科技绿色环保节能新型陶瓷企业。</p>\r\n<p>&nbsp; &nbsp; 公司拥有亚洲一流烧制水平的摩德纳宽体窑炉，西班牙纯进口二代喷墨机以及尖端的专业技术研发人员，全力打造出高规格的高档仿古全抛釉系列、洞石系列、抛晶微晶、玉石系列。公司追求科技时尚的人性化产品研发理念，引领社会发展步伐，以人为本，不断创新，不断满足消费者对于产品的功能需求和审美需求，以独特的花色品种，精良的品质，突出的个性特质和引领潮流的研发，深受用户喜爱，产品畅销国内外多个城市和地区。</p>\r\n<p>关于我们：</p>\r\n<p>&nbsp; &nbsp; &nbsp;中国工程建设重点推广应用产品</p>\r\n<p>&nbsp; &nbsp; &nbsp;中国陶瓷行业十大品牌</p>\r\n<p>&nbsp; &nbsp; &nbsp;中国绿色环保建材产品</p>\r\n</p>', 72, '客卧主材	陶瓷	釉面砖', '罗玛诺尔', 0, '', '', 1, 0, 0, NULL, 1407086336, 1411714915, 0, 'data/files/store_18/goods_47/small_201408040917278897.jpg', 1, 31, 64, 72, 0, 0.00, '', 69.00, '', 0.00, 1407110400, 0),
(84, 18, 'material', '罗玛诺尔全抛釉系列LM8103', '<p>\r\n<p>&nbsp; &nbsp; 意大利罗玛诺尔国际陶瓷集团(中国)有限公司是一家集产品研发，生产，销售为一体的高科技绿色环保节能新型陶瓷企业。</p>\r\n<p>&nbsp; &nbsp; 公司拥有亚洲一流烧制水平的摩德纳宽体窑炉，西班牙纯进口二代喷墨机以及尖端的专业技术研发人员，全力打造出高规格的高档仿古全抛釉系列、洞石系列、抛晶微晶、玉石系列。公司追求科技时尚的人性化产品研发理念，引领社会发展步伐，以人为本，不断创新，不断满足消费者对于产品的功能需求和审美需求，以独特的花色品种，精良的品质，突出的个性特质和引领潮流的研发，深受用户喜爱，产品畅销国内外多个城市和地区。</p>\r\n<p>关于我们：</p>\r\n<p>&nbsp; &nbsp; &nbsp; &nbsp;中国工程建设重点推广应用产品</p>\r\n<p>&nbsp; &nbsp; &nbsp; &nbsp;中国陶瓷行业十大品牌</p>\r\n<p>&nbsp; &nbsp; &nbsp; &nbsp;中国绿色环保建材产品</p>\r\n</p>', 71, '客卧主材	陶瓷	耐磨砖', '罗玛诺尔', 0, '', '', 1, 0, 0, NULL, 1407086425, 1411714893, 0, 'data/files/store_18/goods_15/small_201408040920152058.jpg', 1, 31, 64, 71, 0, 0.00, '', 69.00, '', 0.00, 1407110400, 0),
(85, 18, 'material', '罗玛诺尔全抛釉系列LM8106', '<p>\r\n<p>&nbsp; &nbsp; 意大利罗玛诺尔国际陶瓷集团(中国)有限公司是一家集产品研发，生产，销售为一体的高科技绿色环保节能新型陶瓷企业。</p>\r\n<p>&nbsp; &nbsp; 公司拥有亚洲一流烧制水平的摩德纳宽体窑炉，西班牙纯进口二代喷墨机以及尖端的专业技术研发人员，全力打造出高规格的高档仿古全抛釉系列、洞石系列、抛晶微晶、玉石系列。公司追求科技时尚的人性化产品研发理念，引领社会发展步伐，以人为本，不断创新，不断满足消费者对于产品的功能需求和审美需求，以独特的花色品种，精良的品质，突出的个性特质和引领潮流的研发，深受用户喜爱，产品畅销国内外多个城市和地区。</p>\r\n<p>关于我们：</p>\r\n<p>&nbsp; &nbsp; 中国工程建设重点推广应用产品</p>\r\n<p>&nbsp; &nbsp; 中国陶瓷行业十大品牌</p>\r\n<p>&nbsp; &nbsp; 中国绿色环保建材产品</p>\r\n</p>', 71, '客卧主材	陶瓷	耐磨砖', '罗玛诺尔', 0, '', '', 1, 0, 0, NULL, 1407086591, 1411714870, 0, 'data/files/store_18/goods_164/small_201408040922444110.jpg', 1, 31, 64, 71, 0, 0.00, '', 69.00, '', 0.00, 1407110400, 0),
(86, 18, 'material', '罗玛诺尔全抛釉系列LM8106', '<p>\r\n<p>&nbsp; &nbsp; 意大利罗玛诺尔国际陶瓷集团(中国)有限公司是一家集产品研发，生产，销售为一体的高科技绿色环保节能新型陶瓷企业。</p>\r\n<p>&nbsp; &nbsp; 公司拥有亚洲一流烧制水平的摩德纳宽体窑炉，西班牙纯进口二代喷墨机以及尖端的专业技术研发人员，全力打造出高规格的高档仿古全抛釉系列、洞石系列、抛晶微晶、玉石系列。公司追求科技时尚的人性化产品研发理念，引领社会发展步伐，以人为本，不断创新，不断满足消费者对于产品的功能需求和审美需求，以独特的花色品种，精良的品质，突出的个性特质和引领潮流的研发，深受用户喜爱，产品畅销国内外多个城市和地区。</p>\r\n<p>关于我们：</p>\r\n<p>&nbsp; &nbsp; 中国工程建设重点推广应用产品</p>\r\n<p>&nbsp; &nbsp; 中国陶瓷行业十大品牌</p>\r\n<p>&nbsp; &nbsp; 中国绿色环保建材产品</p>\r\n</p>', 72, '客卧主材	陶瓷	釉面砖', '罗玛诺尔', 0, '', '', 1, 0, 0, NULL, 1407086727, 1411714838, 0, 'data/files/store_18/goods_119/small_201408040925199436.jpg', 1, 31, 64, 72, 0, 0.00, '', 69.00, '', 0.00, 1407110400, 0),
(87, 18, 'material', '罗玛诺尔全抛釉系列LM8110', '<p>&nbsp;</p>\r\n<p>&nbsp; &nbsp; 意大利罗玛诺尔国际陶瓷集团(中国)有限公司是一家集产品研发，生产，销售为一体的高科技绿色环保节能新型陶瓷企业。</p>\r\n<p>&nbsp; &nbsp; 公司拥有亚洲一流烧制水平的摩德纳宽体窑炉，西班牙纯进口二代喷墨机以及尖端的专业技术研发人员，全力打造出高规格的高档仿古全抛釉系列、洞石系列、抛晶微晶、玉石系列。公司追求科技时尚的人性化产品研发理念，引领社会发展步伐，以人为本，不断创新，不断满足消费者对于产品的功能需求和审美需求，以独特的花色品种，精良的品质，突出的个性特质和引领潮流的研发，深受用户喜爱，产品畅销国内外多个城市和地区。</p>\r\n<p>关于我们：</p>\r\n<p>&nbsp; &nbsp; 中国工程建设重点推广应用产品</p>\r\n<p>&nbsp; &nbsp; 中国陶瓷行业十大品牌</p>\r\n<p>&nbsp; &nbsp; 中国绿色环保建材产品</p>\r\n<p>&nbsp;</p>', 72, '客卧主材	陶瓷	釉面砖', '罗玛诺尔', 0, '', '', 1, 0, 0, NULL, 1407087133, 1411713913, 0, 'data/files/store_18/goods_99/small_201408040931398979.jpg', 1, 31, 64, 72, 0, 0.00, '', 69.00, '', 0.00, 1407110400, 0),
(88, 18, 'material', '罗玛诺尔全抛釉系列LM8115', '<p>&nbsp;</p>\r\n<p>&nbsp; &nbsp; 意大利罗玛诺尔国际陶瓷集团(中国)有限公司是一家集产品研发，生产，销售为一体的高科技绿色环保节能新型陶瓷企业。</p>\r\n<p>&nbsp; &nbsp; 公司拥有亚洲一流烧制水平的摩德纳宽体窑炉，西班牙纯进口二代喷墨机以及尖端的专业技术研发人员，全力打造出高规格的高档仿古全抛釉系列、洞石系列、抛晶微晶、玉石系列。公司追求科技时尚的人性化产品研发理念，引领社会发展步伐，以人为本，不断创新，不断满足消费者对于产品的功能需求和审美需求，以独特的花色品种，精良的品质，突出的个性特质和引领潮流的研发，深受用户喜爱，产品畅销国内外多个城市和地区。</p>\r\n<p>关于我们：</p>\r\n<p>&nbsp; &nbsp; 中国工程建设重点推广应用产品</p>\r\n<p>&nbsp; &nbsp; 中国陶瓷行业十大品牌</p>\r\n<p>&nbsp; &nbsp; 中国绿色环保建材产品</p>\r\n<p>&nbsp;</p>', 72, '客卧主材	陶瓷	釉面砖', '罗玛诺尔', 0, '', '', 1, 0, 0, NULL, 1407087331, 1411713877, 0, 'data/files/store_18/goods_99/small_201408040934592687.jpg', 1, 31, 64, 72, 0, 0.00, '', 69.00, '', 0.00, 1407110400, 0),
(89, 18, 'material', '罗玛诺尔全抛釉系列LM8116', '<p>&nbsp;</p>\r\n<p>&nbsp; &nbsp; 意大利罗玛诺尔国际陶瓷集团(中国)有限公司是一家集产品研发，生产，销售为一体的高科技绿色环保节能新型陶瓷企业。</p>\r\n<p>&nbsp; &nbsp; 公司拥有亚洲一流烧制水平的摩德纳宽体窑炉，西班牙纯进口二代喷墨机以及尖端的专业技术研发人员，全力打造出高规格的高档仿古全抛釉系列、洞石系列、抛晶微晶、玉石系列。公司追求科技时尚的人性化产品研发理念，引领社会发展步伐，以人为本，不断创新，不断满足消费者对于产品的功能需求和审美需求，以独特的花色品种，精良的品质，突出的个性特质和引领潮流的研发，深受用户喜爱，产品畅销国内外多个城市和地区。</p>\r\n<p>关于我们：</p>\r\n<p>&nbsp; &nbsp; 中国工程建设重点推广应用产品</p>\r\n<p>&nbsp; &nbsp; 中国陶瓷行业十大品牌</p>\r\n<p>&nbsp; &nbsp; 中国绿色环保建材产品</p>\r\n<p>&nbsp;</p>', 72, '客卧主材	陶瓷	釉面砖', '罗玛诺尔', 0, '', '', 1, 0, 0, NULL, 1407087514, 1411713862, 0, 'data/files/store_18/goods_86/small_201408040938066593.jpg', 1, 31, 64, 72, 0, 0.00, '', 69.00, '', 0.00, 1407110400, 0),
(90, 18, 'material', '罗玛诺尔全抛釉系列LM8122', '<p>&nbsp;</p>\r\n<p>&nbsp; &nbsp; 意大利罗玛诺尔国际陶瓷集团(中国)有限公司是一家集产品研发，生产，销售为一体的高科技绿色环保节能新型陶瓷企业。</p>\r\n<p>&nbsp; &nbsp; 公司拥有亚洲一流烧制水平的摩德纳宽体窑炉，西班牙纯进口二代喷墨机以及尖端的专业技术研发人员，全力打造出高规格的高档仿古全抛釉系列、洞石系列、抛晶微晶、玉石系列。公司追求科技时尚的人性化产品研发理念，引领社会发展步伐，以人为本，不断创新，不断满足消费者对于产品的功能需求和审美需求，以独特的花色品种，精良的品质，突出的个性特质和引领潮流的研发，深受用户喜爱，产品畅销国内外多个城市和地区。</p>\r\n<p>关于我们：</p>\r\n<p>&nbsp; &nbsp; 中国工程建设重点推广应用产品</p>\r\n<p>&nbsp; &nbsp; 中国陶瓷行业十大品牌</p>\r\n<p>&nbsp; &nbsp; 中国绿色环保建材产品</p>\r\n<p>&nbsp;</p>', 72, '客卧主材	陶瓷	釉面砖', '罗玛诺尔', 0, '', '', 1, 0, 0, NULL, 1407087580, 1411713850, 0, 'data/files/store_18/goods_162/small_201408040939225315.jpg', 1, 31, 64, 72, 0, 0.00, '', 69.00, '', 0.00, 1407110400, 0),
(91, 18, 'material', '罗玛诺尔全抛釉系列LM8126', '<p>&nbsp;</p>\r\n<p>&nbsp; &nbsp; 意大利罗玛诺尔国际陶瓷集团(中国)有限公司是一家集产品研发，生产，销售为一体的高科技绿色环保节能新型陶瓷企业。</p>\r\n<p>&nbsp; &nbsp; 公司拥有亚洲一流烧制水平的摩德纳宽体窑炉，西班牙纯进口二代喷墨机以及尖端的专业技术研发人员，全力打造出高规格的高档仿古全抛釉系列、洞石系列、抛晶微晶、玉石系列。公司追求科技时尚的人性化产品研发理念，引领社会发展步伐，以人为本，不断创新，不断满足消费者对于产品的功能需求和审美需求，以独特的花色品种，精良的品质，突出的个性特质和引领潮流的研发，深受用户喜爱，产品畅销国内外多个城市和地区。</p>\r\n<p>关于我们：</p>\r\n<p>&nbsp; &nbsp; 中国工程建设重点推广应用产品</p>\r\n<p>&nbsp; &nbsp; 中国陶瓷行业十大品牌</p>\r\n<p>&nbsp; &nbsp; 中国绿色环保建材产品</p>\r\n<p>&nbsp;</p>', 72, '客卧主材	陶瓷	釉面砖', '罗玛诺尔', 0, '', '', 1, 0, 0, NULL, 1407087645, 1411713838, 0, 'data/files/store_18/goods_17/small_201408040940178083.jpg', 1, 31, 64, 72, 0, 0.00, '', 69.00, '', 0.00, 1407110400, 0),
(92, 18, 'material', '罗玛诺尔全抛釉系列LM8129', '<p>&nbsp;</p>\r\n<p>&nbsp; &nbsp; 意大利罗玛诺尔国际陶瓷集团(中国)有限公司是一家集产品研发，生产，销售为一体的高科技绿色环保节能新型陶瓷企业。</p>\r\n<p>&nbsp; &nbsp; 公司拥有亚洲一流烧制水平的摩德纳宽体窑炉，西班牙纯进口二代喷墨机以及尖端的专业技术研发人员，全力打造出高规格的高档仿古全抛釉系列、洞石系列、抛晶微晶、玉石系列。公司追求科技时尚的人性化产品研发理念，引领社会发展步伐，以人为本，不断创新，不断满足消费者对于产品的功能需求和审美需求，以独特的花色品种，精良的品质，突出的个性特质和引领潮流的研发，深受用户喜爱，产品畅销国内外多个城市和地区。</p>\r\n<p>关于我们：</p>\r\n<p>&nbsp; &nbsp; 中国工程建设重点推广应用产品</p>\r\n<p>&nbsp; &nbsp; 中国陶瓷行业十大品牌</p>\r\n<p>&nbsp; &nbsp; 中国绿色环保建材产品</p>\r\n<p>&nbsp;</p>', 72, '客卧主材	陶瓷	釉面砖', '罗玛诺尔', 0, '', '', 1, 0, 0, NULL, 1407087711, 1411713820, 0, 'data/files/store_18/goods_83/small_201408040941231800.jpg', 1, 31, 64, 72, 0, 0.00, '', 69.00, '', 0.00, 1407110400, 0),
(93, 18, 'material', '罗玛诺尔全抛釉系列LM8147', '<p>&nbsp;</p>\r\n<p>&nbsp; &nbsp; <img src="http://rmall.net/data/files/store_18/goods_19/201408192330198623.JPG" alt="P1030718.JPG" /></p>\r\n<p><img src="http://rmall.net/data/files/store_18/goods_63/201408192331033771.jpg" alt="场景展示.jpg" /></p>\r\n<p><img src="http://rmall.net/data/files/store_18/goods_186/201408192333061831.jpg" alt="P1030675.jpg" /></p>\r\n<p>意大利罗玛诺尔国际陶瓷集团(中国)有限公司是一家集产品研发，生产，销售为一体的高科技绿色环保节能新型陶瓷企业。</p>\r\n<p>&nbsp; &nbsp; 公司拥有亚洲一流烧制水平的摩德纳宽体窑炉，西班牙纯进口二代喷墨机以及尖端的专业技术研发人员，全力打造出高规格的高档仿古全抛釉系列、洞石系列、抛晶微晶、玉石系列。公司追求科技时尚的人性化产品研发理念，引领社会发展步伐，以人为本，不断创新，不断满足消费者对于产品的功能需求和审美需求，以独特的花色品种，精良的品质，突出的个性特质和引领潮流的研发，深受用户喜爱，产品畅销国内外多个城市和地区。</p>\r\n<p>关于我们：</p>\r\n<p>&nbsp; &nbsp; 中国工程建设重点推广应用产品</p>\r\n<p>&nbsp; &nbsp; 中国陶瓷行业十大品牌</p>\r\n<p>&nbsp; &nbsp; 中国绿色环保建材产品</p>\r\n<p>&nbsp;</p>', 72, '客卧主材	陶瓷	釉面砖', '罗玛诺尔', 0, '', '', 1, 0, 0, NULL, 1407090803, 1411713799, 0, 'data/files/store_18/goods_170/small_201408041032505866.jpg', 1, 31, 64, 72, 0, 0.00, '', 69.00, '', 0.00, 1412121600, 1412640000),
(94, 2, 'material', '欧普照明专柜正品灯具 玄关灯过道水晶吸顶灯饰 MTH8402', '<p><img src="http://rmall.net/data/files/store_2/goods_87/201408041518073542.png" alt="11.png" /><img src="http://rmall.net/data/files/store_2/goods_185/201408041519457366.png" alt="22.png" /><img src="http://rmall.net/data/files/store_2/goods_187/201408041519472784.png" alt="33.png" /><img src="http://rmall.net/data/files/store_2/goods_191/201408041519514766.png" alt="44.png" /><img src="http://rmall.net/data/files/store_2/goods_195/201408041519555685.png" alt="55.png" /></p>', 226, '灯饰照明	灯饰照明	吊灯', '欧普', 2, '颜色', '尺码', 1, 0, 0, NULL, 1407108045, 1407108045, 162, 'data/files/store_2/goods_196/small_201408041516362013.jpg', 1, 207, 212, 226, 0, 0.00, '', 116.00, '', 0.00, 1407081600, 0),
(95, 2, 'material', '欧普照明吸顶灯现代简约卧室书房灯饰 客厅灯具MX4747雅芙(方)', '<p><img src="http://rmall.net/data/files/store_2/goods_159/201408041525592778.jpg" alt="22.jpg" /></p>', 226, '灯饰照明	灯饰照明	吊灯', '欧普', 2, '颜色', '尺码', 1, 0, 0, NULL, 1407108368, 1407108368, 163, 'data/files/store_2/goods_148/small_201408041522285100.jpg', 1, 207, 212, 226, 0, 0.00, '', 182.00, '', 0.00, 1407081600, 0),
(96, 2, 'material', '添景欧式卧室门厅灯艺术吊灯酒吧LED餐厅吊灯铁艺灯具灯饰', '<p><img src="http://esoujcw.com.free.wqit.net/data/files/store_2/goods_173/201408051129336762.jpg" alt="122.jpg" /><img src="http://esoujcw.com.free.wqit.net/data/files/store_2/goods_178/201408051129388912.jpg" alt="133.jpg" /></p>', 226, '灯饰照明	灯饰照明	吊灯', '欧普', 2, '颜色', '尺码', 1, 0, 0, NULL, 1407180752, 1407180752, 164, 'data/files/store_2/goods_58/small_201408051127399721.jpg', 1, 207, 212, 226, 0, 0.00, '', 400.00, '', 0.00, 1407168000, 0),
(97, 2, 'material', '水晶吊灯欧式奢华水晶灯吊灯水晶灯工程灯简约吊灯客厅房间吊灯', '<p><img src="http://esoujcw.com.free.wqit.net/data/files/store_2/goods_99/201408051134597050.jpg" alt="222.jpg" /></p>', 226, '灯饰照明	灯饰照明	吊灯', '', 2, '颜色', '尺码', 1, 0, 0, NULL, 1407180925, 1407180925, 165, 'data/files/store_2/goods_182/small_201408051133022706.jpg', 1, 207, 212, 226, 0, 0.00, '', 1280.00, '', 0.00, 1407168000, 0),
(98, 2, 'material', '拓益现代简约橡木中式吸顶灯客厅LED灯餐厅卧室方形创意木质灯', '<p><img src="http://esoujcw.com.free.wqit.net/data/files/store_2/goods_195/201408051136358160.jpg" alt="322.jpg" /></p>', 226, '灯饰照明	灯饰照明	吊灯', '欧普', 0, '', '', 1, 0, 0, NULL, 1407181007, 1407181007, 166, 'data/files/store_2/goods_160/small_201408051136009318.jpg', 1, 207, 212, 226, 0, 0.00, '', 870.00, '', 0.00, 1407168000, 0),
(99, 2, 'material', '添景特价欧式铁艺吸顶灯卧室书房灯厨房灯阳台灯过道灯具格雷特', '<p><img src="http://esoujcw.com.free.wqit.net/data/files/store_2/goods_67/201408051137474602.jpg" alt="422.jpg" /></p>', 226, '灯饰照明	灯饰照明	吊灯', '欧普', 0, '', '', 1, 0, 0, NULL, 1407181104, 1407181104, 167, 'data/files/store_2/goods_39/small_201408051137191892.jpg', 1, 207, 212, 226, 0, 0.00, '', 290.00, '', 0.00, 1407168000, 0),
(100, 2, 'material', '添景欧式卧室门厅灯艺术吊灯酒吧LED餐厅吊灯铁艺灯具灯饰爱尔兰', '<p><img src="http://esoujcw.com.free.wqit.net/data/files/store_2/goods_155/201408051139158772.jpg" alt="522.jpg" /></p>', 226, '灯饰照明	灯饰照明	吊灯', '', 0, '', '', 1, 0, 0, NULL, 1407181169, 1407181169, 168, 'data/files/store_2/goods_132/small_201408051138523849.jpg', 1, 207, 212, 226, 0, 0.00, '', 450.00, '', 0.00, 1407168000, 0),
(101, 2, 'material', '添景特价灯饰包邮欧式雕花别墅复式三层中空大厅客厅吊灯格雷特', '<p><img src="http://esoujcw.com.free.wqit.net/data/files/store_2/goods_23/201408051140235972.jpg" alt="622.jpg" /></p>', 226, '灯饰照明	灯饰照明	吊灯', '欧普', 0, '', '', 1, 0, 0, NULL, 1407181243, 1407181243, 169, 'data/files/store_2/goods_196/small_201408051139567028.jpg', 1, 207, 212, 226, 0, 0.00, '', 4080.00, '', 0.00, 1407168000, 0),
(102, 2, 'material', '美式全铜吊灯餐厅灯欧式纯铜拼花灯饰个性棋牌室灯节能环保书房灯', '<p><img src="http://esoujcw.com.free.wqit.net/data/files/store_2/goods_94/201408051141357136.jpg" alt="722.jpg" /></p>', 226, '灯饰照明	灯饰照明	吊灯', '欧普', 0, '', '', 0, 1, 0, NULL, 1407181308, 1407181308, 170, 'data/files/store_2/goods_70/small_201408051141104466.jpg', 1, 207, 212, 226, 0, 0.00, '', 780.00, '', 0.00, 1407168000, 0),
(103, 2, 'material', '多乐士 乳胶漆 家丽安净味 内墙 油漆涂料 白色彩色墙面漆', '<p><img src="http://esoujcw.com.free.wqit.net/data/files/store_2/goods_85/201408051424457499.jpg" alt="922.jpg" /></p>', 364, '基础主材	涂料	家居涂料', '多乐士', 0, '', '', 1, 0, 0, NULL, 1407191094, 1407191094, 171, 'data/files/store_2/goods_55/small_201408051424151949.jpg', 1, 210, 305, 364, 0, 0.00, '', 198.00, '', 0.00, 1407168000, 0),
(104, 2, 'material', '仿云石欧式全铜吊灯客厅卧室酒店别墅餐厅美式艺术复古个性大吊灯', '<p><img src="http://esoujcw.com.free.wqit.net/data/files/store_2/goods_180/201408051426203276.jpg" alt="822.jpg" /></p>', 294, '智能家居	照明系统	智能照明系统', '欧普', 0, '', '', 1, 0, 0, NULL, 1407191189, 1407191189, 172, 'data/files/store_2/goods_146/small_201408051425461279.jpg', 1, 208, 214, 294, 0, 0.00, '', 2800.00, '', 0.00, 1407168000, 0),
(105, 2, 'material', '立邦漆官方旗舰店 抗甲醛净味五合一套装 内墙面漆乳胶漆涂料油漆', '<p><img src="http://esoujcw.com.free.wqit.net/data/files/store_2/goods_77/201408051427572010.jpg" alt="1022.jpg" /></p>', 364, '基础主材	涂料	家居涂料', '立邦', 0, '', '', 1, 0, 0, NULL, 1407191292, 1407191292, 173, 'data/files/store_2/goods_45/small_201408051427255936.jpg', 1, 210, 305, 364, 0, 0.00, '', 658.00, '', 0.00, 1407168000, 0),
(106, 2, 'material', '立邦漆乳胶漆净味120二合一墙漆内墙漆墙面漆18L白色油漆', '<p><img src="http://esoujcw.com.free.wqit.net/data/files/store_2/goods_169/201408051429295053.jpg" alt="1122.jpg" /></p>', 364, '基础主材	涂料	家居涂料', '立邦', 0, '', '', 1, 0, 0, NULL, 1407191378, 1407191378, 174, 'data/files/store_2/goods_119/small_201408051428399112.jpg', 1, 210, 305, 364, 0, 0.00, '', 399.00, '', 0.00, 1407168000, 0),
(107, 2, 'material', '立邦漆净享居竹炭易洁内墙净味乳胶漆墙面漆18L彩色白色涂料', '<p><img src="http://esoujcw.com.free.wqit.net/data/files/store_2/goods_33/201408051430333866.jpg" alt="1222.jpg" /></p>', 364, '基础主材	涂料	家居涂料', '立邦', 0, '', '', 1, 0, 0, NULL, 1407191445, 1407191445, 175, 'data/files/store_2/goods_5/small_201408051430058697.jpg', 1, 210, 305, 364, 0, 0.00, '', 688.00, '', 0.00, 1407168000, 0),
(108, 2, 'material', '德国DGPOSY机械门锁室内304不锈钢门锁铜芯卧室房门锁具把手包邮', '<p><img src="http://esoujcw.com.free.wqit.net/data/files/store_2/goods_22/201408051433422025.jpg" alt="1322.jpg" /></p>', 335, '基础主材	锁具	家具锁', '德国DGPOSY', 0, '', '', 1, 0, 0, NULL, 1407191635, 1407191635, 176, 'data/files/store_2/goods_178/small_201408051432585679.jpg', 1, 210, 224, 335, 0, 0.00, '', 129.00, '', 0.00, 1407168000, 0),
(109, 2, 'material', '卡贝门锁欧式门锁室内卧室房门锁卫生间执手锁具木门锁套装把手锁', '<p><img src="http://img02.taobaocdn.com/imgextra/i2/1076553876/T2iLQOXItaXXXXXXXX_!!1076553876.jpg" alt="" align="absmiddle" /><img src="http://img01.taobaocdn.com/imgextra/i1/1076553876/T2tBsPXPVXXXXXXXXX_!!1076553876.jpg" alt="" align="absmiddle" /><img src="http://img03.taobaocdn.com/imgextra/i3/1076553876/T2t_sTXGtXXXXXXXXX_!!1076553876.jpg" alt="" align="absmiddle" /><img src="http://img02.taobaocdn.com/imgextra/i2/1076553876/T2sF7QXO0XXXXXXXXX_!!1076553876.jpg" alt="" align="absmiddle" /><img src="http://img03.taobaocdn.com/imgextra/i3/1076553876/T2i03NXG4aXXXXXXXX_!!1076553876.jpg" alt="" align="absmiddle" /><img src="http://img04.taobaocdn.com/imgextra/i4/1076553876/T25PkPXJxaXXXXXXXX_!!1076553876.jpg" alt="" align="absmiddle" /><img src="http://img02.taobaocdn.com/imgextra/i2/1076553876/T2BBQNXKNaXXXXXXXX_!!1076553876.jpg" alt="" align="absmiddle" /><img src="http://img01.taobaocdn.com/imgextra/i1/1076553876/T2.4AOXG0aXXXXXXXX_!!1076553876.jpg" alt="" align="absmiddle" /><img src="http://img04.taobaocdn.com/imgextra/i4/1076553876/T2XA.LXSVXXXXXXXXX_!!1076553876.jpg" alt="" align="absmiddle" /><img src="http://img02.taobaocdn.com/imgextra/i2/1076553876/T2JNQSXL8XXXXXXXXX_!!1076553876.jpg" alt="" align="absmiddle" /><img src="http://img04.taobaocdn.com/imgextra/i4/1076553876/T27_.PXTBXXXXXXXXX_!!1076553876.jpg" alt="2-意境和實拍改_11" /><img src="http://img01.taobaocdn.com/imgextra/i1/1076553876/T252kMXFJaXXXXXXXX_!!1076553876.jpg" alt="2-意境和實拍改_12" /><img src="http://img03.taobaocdn.com/imgextra/i3/1076553876/T2ap7SXOBXXXXXXXXX_!!1076553876.jpg" alt="2-意境和實拍改_13" /><img src="http://img01.taobaocdn.com/imgextra/i1/1076553876/T2AZMQXS4XXXXXXXXX_!!1076553876.jpg" alt="2-意境和實拍改_14" /><img src="http://img02.taobaocdn.com/imgextra/i2/1076553876/T2iTIPXUJXXXXXXXXX_!!1076553876.jpg" alt="2-意境和實拍改_15" /><img src="http://img04.taobaocdn.com/imgextra/i4/1076553876/T2jSZPXUpXXXXXXXXX_!!1076553876.jpg" alt="2-意境和實拍改_16" /><img src="http://img03.taobaocdn.com/imgextra/i3/1076553876/T2BCcPXN8XXXXXXXXX_!!1076553876.jpg" alt="2-意境和實拍改_17" /><img src="http://img02.taobaocdn.com/imgextra/i2/1076553876/T23iIRXLlXXXXXXXXX_!!1076553876.jpg" alt="2-意境和實拍改_18" /><br /> <br /> <img src="http://img02.taobaocdn.com/imgextra/i2/1076553876/T2tSK2XwFXXXXXXXXX_!!1076553876.jpg" alt="" align="absmiddle" /><br /> <img src="http://img02.taobaocdn.com/imgextra/i2/1076553876/T2vsa3XtpXXXXXXXXX_!!1076553876.jpg" alt="" align="absmiddle" /><img src="http://img04.taobaocdn.com/imgextra/i4/1076553876/T2fE92XpBXXXXXXXXX_!!1076553876.jpg" alt="" align="absmiddle" /><img src="http://img03.taobaocdn.com/imgextra/i3/1076553876/T2wrm3XuBXXXXXXXXX_!!1076553876.jpg" alt="" align="absmiddle" /><img src="http://img04.taobaocdn.com/imgextra/i4/1076553876/T2x8T1Xq8aXXXXXXXX-1076553876.jpg" alt="" align="absmiddle" /><img src="http://img02.taobaocdn.com/imgextra/i2/1076553876/T2Hrm2XCXXXXXXXXXX_!!1076553876.jpg" alt="" align="absmiddle" /><img src="http://img01.taobaocdn.com/imgextra/i1/1076553876/T2xvoQXPhXXXXXXXXX_!!1076553876.jpg" alt="3-设计理念_06" /><img src="http://img02.taobaocdn.com/imgextra/i2/1076553876/T2mn7NXKxaXXXXXXXX_!!1076553876.jpg" alt="" align="absmiddle" /><img src="http://img01.taobaocdn.com/imgextra/i1/1076553876/T2UvEPXSFXXXXXXXXX_!!1076553876.jpg" alt="3-设计理念_09" /><img src="http://img04.taobaocdn.com/imgextra/i4/1076553876/T2EEkPXTtXXXXXXXXX_!!1076553876.jpg" alt="3-设计理念_10" /><img src="http://img03.taobaocdn.com/imgextra/i3/1076553876/T21cZPXIXaXXXXXXXX_!!1076553876.jpg" alt="3-设计理念_11" /><img src="http://img02.taobaocdn.com/imgextra/i2/1076553876/T2FgEPXHhaXXXXXXXX_!!1076553876.jpg" alt="3-设计理念_12" /><img src="http://img02.taobaocdn.com/imgextra/i2/1076553876/T23G93XupXXXXXXXXX_!!1076553876.jpg" alt="" align="absmiddle" /></p>\r\n<p><img id="desc-module-3" src="http://a.tbcdn.cn/kissy/1.0.0/build/imglazyload/spaceball.gif" alt="" /></p>\r\n<p><img src="http://img02.taobaocdn.com/imgextra/i2/1076553876/T2.QgPXTRXXXXXXXXX_!!1076553876.jpg" alt="" align="absmiddle" /><img src="http://img02.taobaocdn.com/imgextra/i2/1076553876/T2uWC3XtRXXXXXXXXX_!!1076553876.jpg" alt="" align="absmiddle" /><img src="http://img03.taobaocdn.com/imgextra/i3/1076553876/T2mNC3Xp8XXXXXXXXX_!!1076553876.jpg" alt="" align="absmiddle" /></p>\r\n<p><img id="desc-module-4" src="http://a.tbcdn.cn/kissy/1.0.0/build/imglazyload/spaceball.gif" alt="" /></p>\r\n<p><img src="http://img01.taobaocdn.com/imgextra/i1/1076553876/T2HpG1XwRXXXXXXXXX_!!1076553876.jpg" alt="" align="absmiddle" /><img src="http://img04.taobaocdn.com/imgextra/i4/1076553876/T2ZSS2XwBXXXXXXXXX_!!1076553876.jpg" alt="" align="absmiddle" /><img src="http://img01.taobaocdn.com/imgextra/i1/1076553876/T2iyW1XuVaXXXXXXXX_!!1076553876.jpg" alt="" align="absmiddle" /><img src="http://img03.taobaocdn.com/imgextra/i3/1076553876/T24ny1XqlaXXXXXXXX_!!1076553876.jpg" alt="" align="absmiddle" /><img src="http://img04.taobaocdn.com/imgextra/i4/1076553876/T2J5e1XCJXXXXXXXXX_!!1076553876.jpg" alt="" align="absmiddle" /><img src="http://img04.taobaocdn.com/imgextra/i4/1076553876/T2qOy2XylXXXXXXXXX_!!1076553876.jpg" alt="" align="absmiddle" /><img src="http://img04.taobaocdn.com/imgextra/i4/1076553876/T2EQe2XxhXXXXXXXXX_!!1076553876.jpg" alt="" align="absmiddle" /><img src="http://img03.taobaocdn.com/imgextra/i3/1076553876/T2K6i2Xx8XXXXXXXXX_!!1076553876.jpg" alt="" align="absmiddle" /><img src="http://img01.taobaocdn.com/imgextra/i1/1076553876/T2EwK3XptXXXXXXXXX_!!1076553876.jpg" alt="" align="absmiddle" /><img src="http://img04.taobaocdn.com/imgextra/i4/1076553876/T2PCe1XrxaXXXXXXXX_!!1076553876.jpg" alt="" align="absmiddle" /><img src="http://img04.taobaocdn.com/imgextra/i4/1076553876/T2HfC1XyXaXXXXXXXX_!!1076553876.jpg" alt="" align="absmiddle" /><img src="http://img04.taobaocdn.com/imgextra/i4/1076553876/T27YC2XCNXXXXXXXXX_!!1076553876.jpg" alt="" align="absmiddle" /><img src="http://img04.taobaocdn.com/imgextra/i4/1076553876/T206C2XwpXXXXXXXXX_!!1076553876.jpg" alt="" align="absmiddle" /><img src="http://img03.taobaocdn.com/imgextra/i3/1076553876/T23LG3XrdXXXXXXXXX_!!1076553876.jpg" alt="" align="absmiddle" /><img src="http://img01.taobaocdn.com/imgextra/i1/1076553876/T2xx11Xv0aXXXXXXXX_!!1076553876.jpg" alt="" align="absmiddle" /><img src="http://img03.taobaocdn.com/imgextra/i3/1076553876/T2_TO2XvhXXXXXXXXX_!!1076553876.jpg" alt="" align="absmiddle" /></p>\r\n<p><img id="desc-module-5" src="http://a.tbcdn.cn/kissy/1.0.0/build/imglazyload/spaceball.gif" alt="" /></p>\r\n<p><img src="http://img01.taobaocdn.com/imgextra/i1/1076553876/T2xWsQXRVXXXXXXXXX_!!1076553876.jpg" alt="" align="absmiddle" /></p>\r\n<p><img id="desc-module-6" src="http://a.tbcdn.cn/kissy/1.0.0/build/imglazyload/spaceball.gif" alt="" /></p>\r\n<p><img src="http://img01.taobaocdn.com/imgextra/i1/1076553876/T2_EW2XvJXXXXXXXXX_!!1076553876.jpg" alt="" align="absmiddle" /><img src="http://img01.taobaocdn.com/imgextra/i1/1076553876/T2ej91XtFaXXXXXXXX_!!1076553876.jpg" alt="" align="absmiddle" /><img src="http://img04.taobaocdn.com/imgextra/i4/1076553876/T2z3e2XzBXXXXXXXXX_!!1076553876.jpg" alt="" align="absmiddle" /></p>\r\n<p><img id="desc-module-7" src="http://a.tbcdn.cn/kissy/1.0.0/build/imglazyload/spaceball.gif" alt="" /></p>', 335, '基础主材	锁具	家具锁', '卡贝', 0, '', '', 1, 0, 0, NULL, 1407191728, 1407191728, 177, 'data/files/store_2/goods_79/small_201408051434391268.jpg', 1, 210, 224, 335, 0, 0.00, '', 98.00, '', 0.00, 1407168000, 0),
(110, 2, 'material', '安戈洛五金门锁欧式门锁室内卧室房门锁卫生间执手锁具木门锁', '<p><img src="http://esoujcw.com.free.wqit.net/data/files/store_2/goods_187/201408051436274254.jpg" alt="1522.jpg" /></p>', 335, '基础主材	锁具	家具锁', '安戈洛', 0, '', '', 1, 0, 0, NULL, 1407191796, 1407191796, 178, 'data/files/store_2/goods_155/small_201408051435553124.jpg', 1, 210, 224, 335, 0, 0.00, '', 118.00, '', 0.00, 1407168000, 0);
INSERT INTO `ecm_goods` (`goods_id`, `store_id`, `type`, `goods_name`, `description`, `cate_id`, `cate_name`, `brand`, `spec_qty`, `spec_name_1`, `spec_name_2`, `if_show`, `if_seckill`, `closed`, `close_reason`, `add_time`, `last_update`, `default_spec`, `default_image`, `recommended`, `cate_id_1`, `cate_id_2`, `cate_id_3`, `cate_id_4`, `market_price`, `discount`, `price`, `tags`, `active_price`, `active_start_time`, `active_end_time`) VALUES
(111, 2, 'material', '锁球形锁304不锈钢门锁室内房门锁卧室卫生间防盗执手锁具', '<p><img src="http://a.tbcdn.cn/kissy/1.0.0/build/imglazyload/spaceball.gif" alt="" /></p>\r\n<p><img src="http://img03.taobaocdn.com/imgextra/i3/1076553876/T2rM6FXLXXXXXXXXXX_!!1076553876.jpg" alt="" align="absmiddle" /></p>\r\n<p><img id="desc-module-2" src="http://a.tbcdn.cn/kissy/1.0.0/build/imglazyload/spaceball.gif" alt="" /></p>\r\n<p><img src="http://img02.taobaocdn.com/imgextra/i2/1076553876/T2by_CXIFaXXXXXXXX_!!1076553876.jpg" alt="" align="absmiddle" /><img src="http://img02.taobaocdn.com/imgextra/i2/1076553876/T2Q06EXHhaXXXXXXXX_!!1076553876.jpg" alt="" align="absmiddle" /></p>\r\n<p><img id="desc-module-3" src="http://a.tbcdn.cn/kissy/1.0.0/build/imglazyload/spaceball.gif" alt="" /></p>\r\n<p><img src="http://img03.taobaocdn.com/imgextra/i3/1076553876/T2JXvEXFJaXXXXXXXX_!!1076553876.jpg" alt="" align="absmiddle" /></p>\r\n<p><img src="http://img03.taobaocdn.com/imgextra/i3/1076553876/T2TurzXSFaXXXXXXXX_!!1076553876.jpg" alt="" align="absmiddle" /><img src="http://img03.taobaocdn.com/imgextra/i3/1076553876/T2VKDEXS4XXXXXXXXX_!!1076553876.jpg" alt="" align="absmiddle" /><img src="http://img03.taobaocdn.com/imgextra/i3/1076553876/T2LubCXMdaXXXXXXXX_!!1076553876.jpg" alt="" align="absmiddle" /><img src="http://img02.taobaocdn.com/imgextra/i2/1076553876/T2YhPDXG0aXXXXXXXX_!!1076553876.jpg" alt="" align="absmiddle" /></p>\r\n<p><img id="desc-module-4" src="http://a.tbcdn.cn/kissy/1.0.0/build/imglazyload/spaceball.gif" alt="" /></p>\r\n<p><img src="http://img04.taobaocdn.com/imgextra/i4/1076553876/T2L.rCXJtaXXXXXXXX_!!1076553876.jpg" alt="" align="absmiddle" /><img src="http://img03.taobaocdn.com/imgextra/i3/1076553876/T2MiYFXKXXXXXXXXXX_!!1076553876.jpg" alt="" align="absmiddle" /></p>\r\n<p><img id="desc-module-5" src="http://a.tbcdn.cn/kissy/1.0.0/build/imglazyload/spaceball.gif" alt="" /></p>\r\n<p><img src="http://img02.taobaocdn.com/imgextra/i2/1076553876/T2jSzDXU8XXXXXXXXX_!!1076553876.jpg" alt="" align="absmiddle" /></p>\r\n<p><img id="desc-module-6" src="http://a.tbcdn.cn/kissy/1.0.0/build/imglazyload/spaceball.gif" alt="" /></p>\r\n<p><img src="http://img03.taobaocdn.com/imgextra/i3/1076553876/T2UrDkXCXaXXXXXXXX_!!1076553876.jpg" alt="" align="absmiddle" /></p>\r\n<p><img id="desc-module-7" src="http://a.tbcdn.cn/kissy/1.0.0/build/imglazyload/spaceball.gif" alt="" /></p>\r\n<p><img src="http://img02.taobaocdn.com/imgextra/i2/1076553876/T2p3nCXMpaXXXXXXXX_!!1076553876.jpg" alt="" align="absmiddle" /></p>\r\n<p><img id="desc-module-8" src="http://a.tbcdn.cn/kissy/1.0.0/build/imglazyload/spaceball.gif" alt="" /></p>\r\n<p><img src="http://img04.taobaocdn.com/imgextra/i4/1076553876/T29UnIXIdXXXXXXXXX_!!1076553876.jpg" alt="" align="absmiddle" /><img src="http://img04.taobaocdn.com/imgextra/i4/1076553876/T2wgfDXIdaXXXXXXXX_!!1076553876.jpg" alt="" align="absmiddle" /><img src="http://img03.taobaocdn.com/imgextra/i3/1076553876/T2lozFXIFXXXXXXXXX_!!1076553876.jpg" alt="" align="absmiddle" /><img src="http://img02.taobaocdn.com/imgextra/i2/1076553876/T2EvrCXLNaXXXXXXXX_!!1076553876.gif" alt="" align="absmiddle" /><img src="http://img02.taobaocdn.com/imgextra/i2/1076553876/T29YbDXMdaXXXXXXXX_!!1076553876.jpg" alt="" align="absmiddle" />&nbsp;</p>\r\n<p><img id="desc-module-9" src="http://a.tbcdn.cn/kissy/1.0.0/build/imglazyload/spaceball.gif" alt="" /></p>', 335, '基础主材	锁具	家具锁', '卡贝门', 0, '', '', 1, 0, 0, NULL, 1407191860, 1407191860, 179, 'data/files/store_2/goods_22/small_201408051437026644.jpg', 1, 210, 224, 335, 0, 0.00, '', 38.00, '', 0.00, 1407168000, 0),
(112, 2, 'material', 'EPE正品欧式豪华卧室内房门执手五金锁具象牙白s套餐锁芯实木门锁', '<p><img src="http://gd3.alicdn.com/imgextra/i3/42213337/T2st_cXAVXXXXXXXXX_!!42213337.jpg" alt="" width="750" height="678" align="absmiddle" /><img src="http://gd2.alicdn.com/imgextra/i2/42213337/T2UmjaXy4aXXXXXXXX_!!42213337.jpg" alt="" width="750" height="543" align="absmiddle" /><img src="http://gd1.alicdn.com/imgextra/i1/42213337/T2Ba6bXv0aXXXXXXXX_!!42213337.jpg" alt="" width="750" height="748" align="absmiddle" /><img src="http://gd1.alicdn.com/imgextra/i1/42213337/T2ghDbXqFaXXXXXXXX_!!42213337.jpg" alt="" width="750" height="529" align="absmiddle" /><img src="http://gd2.alicdn.com/imgextra/i2/42213337/T2TQfcXwdXXXXXXXXX_!!42213337.jpg" alt="" width="750" height="948" align="absmiddle" /><img src="http://gd4.alicdn.com/imgextra/i4/42213337/T2BknbXqhaXXXXXXXX_!!42213337.jpg" alt="" width="750" height="904" align="absmiddle" /><img src="http://gd3.alicdn.com/imgextra/i3/42213337/T2s7bbXq4aXXXXXXXX_!!42213337.jpg" alt="" width="750" height="517" align="absmiddle" /><img src="http://gd2.alicdn.com/imgextra/i2/42213337/T2CRjcXuBXXXXXXXXX_!!42213337.jpg" alt="" width="750" height="514" align="absmiddle" /><img src="http://gd4.alicdn.com/imgextra/i4/42213337/T2aAjbXpxaXXXXXXXX_!!42213337.jpg" alt="" width="750" height="514" align="absmiddle" /><img src="http://gd4.alicdn.com/imgextra/i4/42213337/T2_BTbXp8aXXXXXXXX_!!42213337.jpg" alt="" width="750" height="514" align="absmiddle" /><img src="http://gd3.alicdn.com/imgextra/i3/42213337/T28t6cXA0XXXXXXXXX_!!42213337.jpg" alt="" width="750" height="523" align="absmiddle" /><img src="http://gd4.alicdn.com/imgextra/i4/42213337/T2AujcXANXXXXXXXXX_!!42213337.jpg" alt="" width="750" height="515" align="absmiddle" /><img src="http://gd1.alicdn.com/imgextra/i1/42213337/T2zRLaXzRaXXXXXXXX_!!42213337.jpg" alt="" width="750" height="515" align="absmiddle" /><img src="http://gd4.alicdn.com/imgextra/i4/42213337/T2bqfbXw0aXXXXXXXX_!!42213337.jpg" alt="" width="750" height="515" align="absmiddle" /><img src="http://gd1.alicdn.com/imgextra/i1/42213337/T23tYcXAXXXXXXXXXX_!!42213337.jpg" alt="" width="750" height="520" align="absmiddle" /><img src="http://gd3.alicdn.com/imgextra/i3/42213337/T2xUnbXEFXXXXXXXXX_!!42213337.jpg" alt="" width="750" height="716" align="absmiddle" /><img src="http://gd2.alicdn.com/imgextra/i2/42213337/T2vbYbXsJaXXXXXXXX_!!42213337.jpg" alt="" width="750" height="895" align="absmiddle" /><img src="http://gd1.alicdn.com/imgextra/i1/42213337/T2sVnbXxdaXXXXXXXX_!!42213337.jpg" alt="" width="750" height="1060" align="absmiddle" /><img src="http://gd1.alicdn.com/imgextra/i1/42213337/T29rbdXqVXXXXXXXXX_!!42213337.jpg" alt="" width="750" height="761" align="absmiddle" /><img src="http://gd1.alicdn.com/imgextra/i1/42213337/T29f6bXspaXXXXXXXX_!!42213337.jpg" alt="" width="750" height="1108" align="absmiddle" /><img src="http://gd2.alicdn.com/imgextra/i2/42213337/T2T9PcXt8XXXXXXXXX_!!42213337.jpg" alt="" width="750" height="663" align="absmiddle" /><img src="http://gd2.alicdn.com/imgextra/i2/42213337/T2UIvcXBBXXXXXXXXX_!!42213337.jpg" alt="" width="750" height="789" align="absmiddle" /><img src="http://gd3.alicdn.com/imgextra/i3/42213337/T2FbTdXqtXXXXXXXXX_!!42213337.jpg" alt="" width="750" height="788" align="absmiddle" /><img src="http://gd4.alicdn.com/imgextra/i4/42213337/T2.XHdXrVXXXXXXXXX_!!42213337.jpg" alt="" width="750" height="817" align="absmiddle" /><img src="http://gd2.alicdn.com/imgextra/i2/42213337/T2QVYcXBdXXXXXXXXX_!!42213337.jpg" alt="" width="750" height="476" align="absmiddle" /><img src="http://gd1.alicdn.com/imgextra/i1/42213337/T2OdTcXA8XXXXXXXXX_!!42213337.jpg" alt="" width="750" height="640" align="absmiddle" /><img src="http://gd4.alicdn.com/imgextra/i4/42213337/T2dwTbXsVaXXXXXXXX_!!42213337.jpg" alt="" align="absmiddle" /></p>', 335, '基础主材	锁具	家具锁', 'EPE', 0, '', '', 1, 0, 0, NULL, 1407191921, 1407191921, 180, 'data/files/store_2/goods_87/small_201408051438073668.jpg', 1, 210, 224, 335, 0, 0.00, '', 68.00, '', 0.00, 1407168000, 0),
(113, 2, 'material', '宝雕双舌静音木门锁不锈钢门锁欧式金间黒简约室内门锁套装', '<p><img src="http://img04.taobaocdn.com/imgextra/i4/777165384/T2BzvHXvXaXXXXXXXX-777165384.jpg" alt="" /><img src="http://img03.taobaocdn.com/imgextra/i3/777165384/T255nIXARXXXXXXXXX-777165384.jpg" alt="" /><img src="http://img02.taobaocdn.com/imgextra/i2/777165384/T2gP6JXqRaXXXXXXXX-777165384.jpg" alt="" /><img src="http://img02.taobaocdn.com/imgextra/i2/777165384/T2.xFYXBBaXXXXXXXX-777165384.jpg" alt="情景" /><img src="http://img04.taobaocdn.com/imgextra/i4/777165384/TB2EdXXXpXXXXXHXFXXXXXXXXXX-777165384.jpg" alt="81151重排_01" /><img src="http://img03.taobaocdn.com/imgextra/i3/777165384/TB24vLzXFXXXXcXXpXXXXXXXXXX-777165384.jpg" alt="场景" /><img src="http://img03.taobaocdn.com/imgextra/i3/777165384/TB2LVvfXVXXXXbgXXXXXXXXXXXX-777165384.jpg" alt="81151重排_02" /><img src="http://img01.taobaocdn.com/imgextra/i1/777165384/T2XUeHXNlaXXXXXXXX-777165384.jpg" alt="81151重排_03" /><img src="http://img02.taobaocdn.com/imgextra/i2/777165384/TB2NpLfXVXXXXaRXXXXXXXXXXXX-777165384.jpg" alt="81151重排_04" /><img src="http://img01.taobaocdn.com/imgextra/i1/777165384/TB2_.PeXVXXXXbLXXXXXXXXXXXX-777165384.jpg" alt="81151重排_05" /><img id="desc-module-2" src="http://a.tbcdn.cn/kissy/1.0.0/build/imglazyload/spaceball.gif" alt="" /><img src="http://img03.taobaocdn.com/imgextra/i3/777165384/TB2jDhNXFXXXXbkXpXXXXXXXXXX-777165384.jpg" alt="实拍" /><img src="http://img02.taobaocdn.com/imgextra/i2/777165384/TB2ftg8XFXXXXcDXpXXXXXXXXXX-777165384.jpg" alt="81151重排_06" /><img src="http://img02.taobaocdn.com/imgextra/i2/777165384/TB2pWPYXFXXXXXhXFXXXXXXXXXX-777165384.jpg" alt="81151重排_07" /><img id="desc-module-3" src="http://a.tbcdn.cn/kissy/1.0.0/build/imglazyload/spaceball.gif" alt="" /><img src="http://img03.taobaocdn.com/imgextra/i3/777165384/T20a9fXYJaXXXXXXXX-777165384.jpg" alt="参数" /><img src="http://img01.taobaocdn.com/imgextra/i1/777165384/TB2Q4qCXpXXXXb1XpXXXXXXXXXX-777165384.jpg" alt="81151重排_08" /><img src="http://img04.taobaocdn.com/imgextra/i4/777165384/TB25pEIXpXXXXbIXpXXXXXXXXXX-777165384.jpg" alt="81151重排_09" /><img id="desc-module-4" src="http://a.tbcdn.cn/kissy/1.0.0/build/imglazyload/spaceball.gif" alt="" /></p>\r\n<p><img src="http://img04.taobaocdn.com/imgextra/i4/777165384/T27KYOXvBaXXXXXXXX-777165384.jpg" alt="全家福" /><img src="http://img01.taobaocdn.com/imgextra/i1/777165384/TB2BEJLXFXXXXa3XpXXXXXXXXXX-777165384.jpg" alt="81151重排_10" /><img src="http://img03.taobaocdn.com/imgextra/i3/777165384/T2oVagXYXaXXXXXXXX-777165384.jpg" alt="细节" /><img src="http://img04.taobaocdn.com/imgextra/i4/777165384/TB2Nr7mXXXXXXXtXVXXXXXXXXXX-777165384.jpg" alt="81151重排_11" /><img src="http://img01.taobaocdn.com/imgextra/i1/777165384/T2i4oCXKJaXXXXXXXX-777165384.jpg" alt="81151重排_12" /><img src="http://img01.taobaocdn.com/imgextra/i1/777165384/TB2pDPDXpXXXXa3XpXXXXXXXXXX-777165384.jpg" alt="81151升级锁体_01" /><img src="http://img02.taobaocdn.com/imgextra/i2/777165384/TB2FLy3XpXXXXbVXpXXXXXXXXXX-777165384.jpg" alt="81151升级锁体_02" /><img src="http://img02.taobaocdn.com/imgextra/i2/777165384/TB2ExlZXVXXXXa.XpXXXXXXXXXX-777165384.jpg" alt="81151升级锁体_03" /><img src="http://img01.taobaocdn.com/imgextra/i1/777165384/T2RVY4XNFaXXXXXXXX-777165384.jpg" alt="81151重排_13" /><img src="http://img03.taobaocdn.com/imgextra/i3/777165384/TB2u7WaXFXXXXbgXpXXXXXXXXXX-777165384.jpg" alt="81151重排_14" /><img src="http://img04.taobaocdn.com/imgextra/i4/777165384/TB2YkWdXpXXXXchXpXXXXXXXXXX-777165384.jpg" alt="81151重排_15" /><img src="http://img02.taobaocdn.com/imgextra/i2/777165384/TB2W8uxXXXXXXcrXVXXXXXXXXXX-777165384.jpg" alt="81151重排_16" /><img src="http://img04.taobaocdn.com/imgextra/i4/777165384/T2y0FgXqVbXXXXXXXX-777165384.jpg" alt="81151重排_17" /><img src="http://img03.taobaocdn.com/imgextra/i3/777165384/TB23dY5XpXXXXbNXpXXXXXXXXXX-777165384.jpg" alt="81151-2_01" /><img src="http://img02.taobaocdn.com/imgextra/i2/777165384/T2q0X0Xx4aXXXXXXXX-777165384.jpg" alt="81151-2_02" /></p>\r\n<p><img id="desc-module-5" src="http://a.tbcdn.cn/kissy/1.0.0/build/imglazyload/spaceball.gif" alt="" /><img src="http://img02.taobaocdn.com/imgextra/i2/777165384/TB23yclXFXXXXXZXpXXXXXXXXXX-777165384.jpg" alt="建议搭配" /><img src="http://img03.taobaocdn.com/imgextra/i3/777165384/T2FAVKXqVbXXXXXXXX-777165384.jpg" alt="81151-2_04" /><img id="desc-module-6" src="http://a.tbcdn.cn/kissy/1.0.0/build/imglazyload/spaceball.gif" alt="" /></p>\r\n<p><img src="http://img04.taobaocdn.com/imgextra/i4/777165384/T2DDfVXAVXXXXXXXXX-777165384.jpg" alt="" /></p>\r\n<p><img id="desc-module-7" src="http://a.tbcdn.cn/kissy/1.0.0/build/imglazyload/spaceball.gif" alt="" /></p>\r\n<p><img src="http://img04.taobaocdn.com/imgextra/i4/777165384/T2epQwXnBbXXXXXXXX-777165384.jpg" alt="" /><img src="http://img02.taobaocdn.com/imgextra/i2/777165384/T2Cn2HXr8aXXXXXXXX-777165384.jpg" alt="" /><img src="http://img01.taobaocdn.com/imgextra/i1/777165384/T28q6JXuVXXXXXXXXX-777165384.jpg" alt="" /><img src="http://img04.taobaocdn.com/imgextra/i4/777165384/TB2IMECXVXXXXXvXpXXXXXXXXXX-777165384.jpg" alt="81151门锁调节" /><img src="http://img02.taobaocdn.com/imgextra/i2/777165384/T2TKTHXxJaXXXXXXXX-777165384.jpg" alt="" /></p>', 335, '基础主材	锁具	家具锁', '宝雕', 0, '', '', 1, 0, 0, NULL, 1407191980, 1407191980, 181, 'data/files/store_2/goods_147/small_201408051439079277.jpg', 1, 210, 224, 335, 0, 0.00, '', 59.00, '', 0.00, 1407168000, 0),
(114, 2, 'material', '特价海尔超值Q-B-J-1-145/2.50/0.05-D/L(20管)145升太阳能热水器', '<div id="description">\r\n<div>\r\n<p><img src="http://img04.taobaocdn.com/imgextra/i4/819923092/TB2N_ZRXVXXXXa7XXXXXXXXXXXX_!!819923092.jpg" alt="太阳能-1" /><img src="http://img04.taobaocdn.com/imgextra/i4/819923092/TB2BlkRXVXXXXc_XXXXXXXXXXXX_!!819923092.jpg" alt="太阳能" /></p>\r\n<img id="desc-module-2" src="http://a.tbcdn.cn/kissy/1.0.0/build/imglazyload/spaceball.gif" alt="" />\r\n<p><img src="http://img01.taobaocdn.com/imgextra/i1/819923092/TB2WAgRXVXXXXaCXpXXXXXXXXXX_!!819923092.jpg" alt="太阳能-3" /><img src="http://img02.taobaocdn.com/imgextra/i2/819923092/T2dWy4XwhXXXXXXXXX_!!819923092.jpg" alt="" align="absmiddle" /><img src="http://img04.taobaocdn.com/imgextra/i4/819923092/T2eeW4XqlXXXXXXXXX_!!819923092.jpg" alt="" align="absmiddle" /><img src="http://img03.taobaocdn.com/imgextra/i3/819923092/T2gJm3Xr8aXXXXXXXX_!!819923092.jpg" alt="" align="absmiddle" /><img src="http://img02.taobaocdn.com/imgextra/i2/819923092/T2Y413XCdXXXXXXXXX_!!819923092.jpg" alt="" align="absmiddle" /><img src="http://img03.taobaocdn.com/imgextra/i3/819923092/T2B_q3XzlXXXXXXXXX_!!819923092.jpg" alt="" align="absmiddle" /><img src="http://img04.taobaocdn.com/imgextra/i4/819923092/T2g5O4XpRXXXXXXXXX_!!819923092.jpg" alt="" align="absmiddle" /></p>\r\n<img id="desc-module-3" src="http://a.tbcdn.cn/kissy/1.0.0/build/imglazyload/spaceball.gif" alt="" /><img src="http://img04.taobaocdn.com/imgextra/i4/819923092/TB2Pn3RXVXXXXaSXXXXXXXXXXXX_!!819923092.jpg" alt="太阳能-2" /><img id="desc-module-4" src="http://a.tbcdn.cn/kissy/1.0.0/build/imglazyload/spaceball.gif" alt="" />\r\n<p><img src="http://img01.taobaocdn.com/imgextra/i1/819923092/T2PR92XtxaXXXXXXXX_!!819923092.jpg" alt="" align="absmiddle" />&nbsp;申明：<br /> 海尔商城所有产品均为海尔集团官方正品，产品资料均来源于官方数据。因个别产品在实际企划、生产等环节为进一步提升优化品质，对产品细节、包装、产地或者一些附件会稍有优化改进，海尔商城会尽量保证产品信息准确，但不能确保客户收到的货物与商城图片、产地、附件说明完全一致。若本商城没有及时更新，请大家谅解！&nbsp;欢迎大家纠错！&nbsp;</p>\r\n</div>\r\n</div>\r\n<div id="J_DcBottomRightWrap">\r\n<div id="J_DcBottomRight">\r\n<div id="shop5915295955">\r\n<div><strong></strong>\r\n<div>\r\n<p><img src="http://img02.taobaocdn.com/imgextra/i2/819923092/T2ClnxXB4XXXXXXXXX_!!819923092.jpg" alt="" /></p>\r\n</div>\r\n<strong></strong></div>\r\n</div>\r\n<div id="shop5915785829">\r\n<div><strong></strong>\r\n<div><br /></div>\r\n</div>\r\n</div>\r\n</div>\r\n</div>', 295, '智能家居	照明系统	太阳能与节能系统', '海尔', 0, '', '', 1, 0, 0, NULL, 1407192964, 1407192964, 182, 'data/files/store_2/goods_50/small_201408051454104175.jpg', 1, 208, 214, 295, 0, 0.00, '', 2799.00, '', 0.00, 1407168000, 0),
(115, 2, 'material', '皇明太阳能热水器金尊210系列16管家用一体机太阳能 热水器包安装', '<p><img src="http://img01.taobaocdn.com/imgextra/i1/815360692/T2vpJHXYBXXXXXXXXX_!!815360692.jpg" alt="" align="absmiddle" /><img src="http://img03.taobaocdn.com/imgextra/i3/815360692/T2qlNBX0laXXXXXXXX_!!815360692.jpg" alt="" align="absmiddle" /><img src="http://img04.taobaocdn.com/imgextra/i4/815360692/T2XctHXWtXXXXXXXXX_!!815360692.jpg" alt="" align="absmiddle" /></p>\r\n<p><img id="desc-module-4" src="http://a.tbcdn.cn/kissy/1.0.0/build/imglazyload/spaceball.gif" alt="" /></p>\r\n<p><img src="http://img04.taobaocdn.com/imgextra/i4/815360692/TB2UfDIXVXXXXXwXXXXXXXXXXXX_!!815360692.jpg" alt="" align="absmiddle" /><img src="http://img04.taobaocdn.com/imgextra/i4/815360692/TB2ylU2XVXXXXabXXXXXXXXXXXX_!!815360692.jpg" alt="" align="absmiddle" /><img src="http://img04.taobaocdn.com/imgextra/i4/815360692/TB2XAjHXVXXXXXDXXXXXXXXXXXX_!!815360692.jpg" alt="" align="absmiddle" /><img src="http://img01.taobaocdn.com/imgextra/i1/815360692/TB2G9sUXVXXXXbDXXXXXXXXXXXX_!!815360692.jpg" alt="" align="absmiddle" /><img src="http://img04.taobaocdn.com/imgextra/i4/815360692/TB20ng2XVXXXXXeXpXXXXXXXXXX_!!815360692.jpg" alt="" align="absmiddle" /><img src="http://img01.taobaocdn.com/imgextra/i1/815360692/TB2MQc0XVXXXXbAXXXXXXXXXXXX_!!815360692.jpg" alt="" align="absmiddle" /></p>', 295, '智能家居	照明系统	太阳能与节能系统', '皇明', 0, '', '', 1, 0, 0, NULL, 1407193324, 1407193324, 183, 'data/files/store_2/goods_0/small_201408051500001262.jpg', 1, 208, 214, 295, 0, 0.00, '', 5460.00, '', 0.00, 1407168000, 0),
(116, 2, 'material', '四季沐歌太阳能 18 20 24 管太阳能热水器 不锈钢内胆 西安可安装', '<p><img src="http://gd3.alicdn.com/imgextra/i3/733431592/TB2R9WqXVXXXXcmXXXXXXXXXXXX-733431592.jpg" alt="" align="absmiddle" /><img src="http://gd1.alicdn.com/imgextra/i1/733431592/TB2orjcXVXXXXa.XXXXXXXXXXXX-733431592.jpg" alt="" align="absmiddle" /><img src="http://gd2.alicdn.com/imgextra/i2/733431592/TB2p45rXVXXXXbfXXXXXXXXXXXX-733431592.jpg" alt="" align="absmiddle" /><img src="http://gd3.alicdn.com/imgextra/i3/733431592/TB2XPKrXVXXXXa6XXXXXXXXXXXX-733431592.jpg" alt="" align="absmiddle" /><img src="http://gd3.alicdn.com/imgextra/i3/733431592/T2801tXRxXXXXXXXXX-733431592.jpg" alt="" align="absmiddle" /><img src="http://gd2.alicdn.com/imgextra/i2/733431592/T2CKOuXGFXXXXXXXXX-733431592.jpg" alt="" width="750" height="519" align="absmiddle" /><img src="http://gd3.alicdn.com/imgextra/i3/733431592/T2omSrXLhaXXXXXXXX-733431592.jpg" alt="" width="750" height="883" align="absmiddle" /><img src="http://gd2.alicdn.com/imgextra/i2/733431592/T2yWasXHXaXXXXXXXX-733431592.jpg" alt="" width="750" height="965" align="absmiddle" /><img src="http://gd1.alicdn.com/imgextra/i1/733431592/T2gRqsXRxXXXXXXXXX-733431592.jpg" alt="" width="750" height="700" align="absmiddle" /><img src="http://gd3.alicdn.com/imgextra/i3/733431592/T2F9WrXLRaXXXXXXXX-733431592.jpg" alt="" width="750" height="849" align="absmiddle" /></p>', 295, '智能家居	照明系统	太阳能与节能系统', '四季沐歌', 0, '', '', 1, 0, 0, NULL, 1407193662, 1407193662, 184, 'data/files/store_2/goods_111/small_201408051505113849.jpg', 1, 208, 214, 295, 0, 0.00, '', 2989.00, '', 0.00, 1407168000, 0),
(117, 2, 'material', '飞利浦HTB5540/93 晶晰声效智能电视5.1 3D蓝光家庭影院音响套装', '<p><img src="http://gd2.alicdn.com/imgextra/i2/59838268/T2AGyDXjpbXXXXXXXX_!!59838268.jpg" alt="" align="absMiddle" /><img src="http://gd2.alicdn.com/imgextra/i2/59838268/T2CweNXJhaXXXXXXXX-59838268.jpg" alt="" align="absMiddle" /><img src="http://gd4.alicdn.com/imgextra/i4/59838268/T23QGRXG4XXXXXXXXX-59838268.jpg" alt="" align="absMiddle" /><img src="http://gd1.alicdn.com/imgextra/i1/59838268/T231DKXyVaXXXXXXXX-59838268.jpg" alt="" align="absMiddle" /></p>', 298, '智能家居	娱乐系统	家庭影院系统', '飞利浦', 0, '', '', 1, 0, 0, NULL, 1407198138, 1407198138, 185, 'data/files/store_2/goods_42/small_201408051620421710.jpg', 1, 208, 215, 298, 0, 0.00, '', 3698.00, '', 0.00, 1407168000, 0),
(118, 2, 'material', '正品小霸王G20体感游戏机 互动健身家庭娱乐安卓系统3D电视双人', '<div id="ids-module-2615089">\r\n<div>\r\n<p><img src="http://gd1.alicdn.com/imgextra/i1/603231025/T2BT5rXKBaXXXXXXXX_!!603231025.jpg" alt="" align="absmiddle" /><img src="http://gd1.alicdn.com/imgextra/i1/603231025/T2MHOsXUlXXXXXXXXX_!!603231025.jpg" alt="" align="absmiddle" /></p>\r\n<p><img src="http://gd4.alicdn.com/imgextra/i4/603231025/TB2IuJBaXXXXXXtXXXXXXXXXXXX_!!603231025.jpg" alt="" /></p>\r\n<p><img src="http://gd1.alicdn.com/imgextra/i1/603231025/TB24ZkBXVXXXXcsXXXXXXXXXXXX_!!603231025.jpg" alt="" align="absmiddle" /><img src="http://gd3.alicdn.com/imgextra/i3/603231025/TB2DOcCXVXXXXXDXXXXXXXXXXXX_!!603231025.jpg" alt="" width="790" height="1288" align="absmiddle" /></p>\r\n<p><img src="http://gd1.alicdn.com/imgextra/i1/603231025/TB2VJVzaXXXXXbAXXXXXXXXXXXX_!!603231025.jpg" alt="" width="790" height="766" /><img src="http://gd4.alicdn.com/imgextra/i4/603231025/TB2ej4yaXXXXXccXXXXXXXXXXXX_!!603231025.jpg" alt="" width="790" height="746" /><img src="http://gd2.alicdn.com/imgextra/i2/603231025/TB2DOUAXVXXXXbIXXXXXXXXXXXX_!!603231025.jpg" alt="" width="790" height="1849" align="absmiddle" /><img src="http://gd4.alicdn.com/imgextra/i4/603231025/T24XuLXAdaXXXXXXXX_!!603231025.jpg" alt="" width="790" height="730" align="absmiddle" /></p>\r\n<p><img src="http://gd2.alicdn.com/imgextra/i2/603231025/T2bH5FXBVaXXXXXXXX_!!603231025.jpg" alt="" width="790" height="491" align="absmiddle" /><img src="http://gd3.alicdn.com/imgextra/i3/603231025/T2KYTFXb0bXXXXXXXX_!!603231025.jpg" alt="" width="790" height="951" align="absmiddle" /></p>\r\n<p>&nbsp;</p>\r\n</div>\r\n</div>\r\n<div id="ids-module-2615093">\r\n<div>\r\n<p><img src="http://gd3.alicdn.com/imgextra/i3/603231025/TB2G3pBaXXXXXXJXXXXXXXXXXXX_!!603231025.jpg" alt="" width="790" height="1312" /><img src="http://gd2.alicdn.com/imgextra/i2/603231025/TB2t3FwaXXXXXXzXpXXXXXXXXXX_!!603231025.jpg" alt="" width="790" height="1494" /><img src="http://gd4.alicdn.com/imgextra/i4/603231025/TB2gYEBXVXXXXX8XXXXXXXXXXXX_!!603231025.jpg" alt="" width="790" height="1000" align="absmiddle" /></p>\r\n<p>&nbsp;</p>\r\n</div>\r\n</div>\r\n<div id="ids-module-2615104">\r\n<div>\r\n<p><img src="http://gd2.alicdn.com/imgextra/i2/603231025/TB2LqZCXVXXXXakXXXXXXXXXXXX_!!603231025.jpg" alt="" width="790" height="1200" align="absmiddle" /><img src="http://gd4.alicdn.com/imgextra/i4/603231025/TB2e6kCXVXXXXXvXXXXXXXXXXXX_!!603231025.jpg" alt="" width="790" height="784" align="absmiddle" /></p>\r\n<p><img src="http://gd3.alicdn.com/imgextra/i3/603231025/TB2_.kzXVXXXXXeXpXXXXXXXXXX_!!603231025.jpg" alt="" width="790" height="656" align="absmiddle" /><img src="http://gd3.alicdn.com/imgextra/i3/603231025/TB2BkkBXVXXXXXQXXXXXXXXXXXX_!!603231025.jpg" alt="" width="790" height="1164" align="absmiddle" /></p>\r\n<p><img src="http://gd1.alicdn.com/imgextra/i1/603231025/TB2H.ZzXVXXXXXeXpXXXXXXXXXX_!!603231025.jpg" alt="" width="790" height="1136" align="absmiddle" /><img src="http://gd4.alicdn.com/imgextra/i4/603231025/TB2OykzXVXXXXc0XXXXXXXXXXXX_!!603231025.jpg" alt="" width="790" height="1370" align="absmiddle" /></p>\r\n<p><img src="http://gd1.alicdn.com/imgextra/i1/603231025/T2fVOuXIxXXXXXXXXX_!!603231025.jpg" alt="" width="790" height="580" align="absmiddle" /><img src="http://gd4.alicdn.com/imgextra/i4/603231025/T2o35GXCNaXXXXXXXX_!!603231025.jpg" alt="" width="790" height="739" align="absmiddle" /></p>\r\n<p><img src="http://gd3.alicdn.com/imgextra/i3/603231025/T2nbaUXzJaXXXXXXXX_!!603231025.jpg" alt="" width="790" height="533" align="absmiddle" /><img src="http://gd1.alicdn.com/imgextra/i1/603231025/T2SRrrXihbXXXXXXXX_!!603231025.jpg" alt="" width="790" height="537" align="absmiddle" /></p>\r\n<p><img src="http://gd1.alicdn.com/imgextra/i1/603231025/T2SRrrXihbXXXXXXXX_!!603231025.jpg" alt="" width="790" height="537" align="absmiddle" /><img src="http://gd4.alicdn.com/imgextra/i4/603231025/T2tD5DXA4aXXXXXXXX_!!603231025.jpg" alt="" width="790" height="536" align="absmiddle" /><img src="http://gd2.alicdn.com/imgextra/i2/603231025/T2atyVXzNaXXXXXXXX_!!603231025.jpg" alt="" width="790" height="840" align="absmiddle" /></p>\r\n<p><img src="http://gd4.alicdn.com/imgextra/i4/603231025/TB2lecyXVXXXXapXpXXXXXXXXXX_!!603231025.jpg" alt="" width="790" height="959" align="absmiddle" /><img src="http://gd4.alicdn.com/imgextra/i4/603231025/TB2qcUBXVXXXXX4XXXXXXXXXXXX_!!603231025.jpg" alt="" width="790" height="751" align="absmiddle" /><img src="http://gd4.alicdn.com/imgextra/i4/603231025/TB2LykAXVXXXXbZXXXXXXXXXXXX_!!603231025.jpg" alt="" width="790" height="761" align="absmiddle" /><img src="http://gd3.alicdn.com/imgextra/i3/603231025/TB27tQAXVXXXXbNXXXXXXXXXXXX_!!603231025.jpg" alt="" width="790" height="761" align="absmiddle" /><img src="http://gd2.alicdn.com/imgextra/i2/603231025/TB22HoCXVXXXXahXXXXXXXXXXXX_!!603231025.jpg" alt="" width="790" height="754" align="absmiddle" /><img src="http://gd1.alicdn.com/imgextra/i1/603231025/TB2F9kzXVXXXXc5XXXXXXXXXXXX_!!603231025.jpg" alt="" width="790" height="770" align="absmiddle" /></p>\r\n<p>&nbsp;</p>\r\n<p><img src="http://gd2.alicdn.com/imgextra/i2/603231025/TB2FKlyaXXXXXbiXXXXXXXXXXXX_!!603231025.jpg" alt="" width="790" height="907" /><img src="http://gd2.alicdn.com/imgextra/i2/603231025/TB2VkNAaXXXXXbuXXXXXXXXXXXX_!!603231025.jpg" alt="" /><img src="http://gd4.alicdn.com/imgextra/i4/603231025/TB2tUFzaXXXXXbtXXXXXXXXXXXX_!!603231025.jpg" alt="" /><img src="http://gd2.alicdn.com/imgextra/i2/603231025/TB2YtdDaXXXXXXJXXXXXXXXXXXX_!!603231025.jpg" alt="" /><img src="http://gd4.alicdn.com/imgextra/i4/603231025/TB23QRAaXXXXXbmXXXXXXXXXXXX_!!603231025.jpg" alt="" /><img src="http://gd2.alicdn.com/imgextra/i2/603231025/TB29W4taXXXXXXOXpXXXXXXXXXX_!!603231025.jpg" alt="" /><img src="http://gd4.alicdn.com/imgextra/i4/603231025/TB28NlAaXXXXXbyXXXXXXXXXXXX_!!603231025.jpg" alt="" /><img src="http://gd1.alicdn.com/imgextra/i1/603231025/TB2ezpDaXXXXXXgXXXXXXXXXXXX_!!603231025.jpg" alt="" /><img src="http://gd4.alicdn.com/imgextra/i4/603231025/TB2rrNDaXXXXXXLXXXXXXXXXXXX_!!603231025.jpg" alt="" /><img src="http://gd2.alicdn.com/imgextra/i2/603231025/TB2.ElyaXXXXXblXXXXXXXXXXXX_!!603231025.jpg" alt="" /><img src="http://gd4.alicdn.com/imgextra/i4/603231025/TB2hjlDaXXXXXXhXXXXXXXXXXXX_!!603231025.jpg" alt="" /><img src="http://gd1.alicdn.com/imgextra/i1/603231025/TB2PpBBaXXXXXX.XXXXXXXXXXXX_!!603231025.jpg" alt="" /><img src="http://gd1.alicdn.com/imgextra/i1/603231025/TB29xVAaXXXXXXOXXXXXXXXXXXX_!!603231025.jpg" alt="" /><img src="http://gd3.alicdn.com/imgextra/i3/603231025/TB2DnBzaXXXXXaJXXXXXXXXXXXX_!!603231025.jpg" alt="" /><img src="http://gd3.alicdn.com/imgextra/i3/603231025/TB2eKdwaXXXXXXGXpXXXXXXXXXX_!!603231025.jpg" alt="" /><img src="http://gd1.alicdn.com/imgextra/i1/603231025/TB2TIFwaXXXXXXDXpXXXXXXXXXX_!!603231025.jpg" alt="" /><img src="http://gd3.alicdn.com/imgextra/i3/603231025/TB2GcdyaXXXXXcxXXXXXXXXXXXX_!!603231025.jpg" alt="" /><img src="http://gd2.alicdn.com/imgextra/i2/603231025/TB2J4txaXXXXXcXXXXXXXXXXXXX_!!603231025.jpg" alt="" /><img src="http://gd4.alicdn.com/imgextra/i4/603231025/TB24aXxaXXXXXXhXpXXXXXXXXXX_!!603231025.jpg" alt="" /><img src="http://gd3.alicdn.com/imgextra/i3/603231025/TB27XAAXVXXXXckXXXXXXXXXXXX_!!603231025.jpg" alt="" align="absmiddle" /></p>\r\n<p>&nbsp;</p>\r\n</div>\r\n</div>\r\n<div id="ids-module-2615123">\r\n<div>\r\n<p><img src="http://gd2.alicdn.com/imgextra/i2/603231025/TB2YjMyXVXXXXboXpXXXXXXXXXX_!!603231025.jpg" alt="" /></p>\r\n</div>\r\n</div>\r\n<div id="ids-module-2615147">\r\n<div>\r\n<p><img src="http://gd2.alicdn.com/imgextra/i2/603231025/TB2ZmMBXVXXXXaFXXXXXXXXXXXX_!!603231025.jpg" alt="" align="absmiddle" /></p>\r\n</div>\r\n</div>', 298, '智能家居	娱乐系统	家庭影院系统', '小霸王', 0, '', '', 1, 0, 0, NULL, 1407279838, 1407279838, 186, 'data/files/store_2/goods_110/small_201408061458304081.jpg', 1, 208, 215, 298, 0, 0.00, '', 488.00, '', 0.00, 1407254400, 0),
(119, 2, 'material', '高端无线家庭背景音乐系统 yodar悠达W型 智能家居主机功放控制器', '<p><img src="http://img04.taobaocdn.com/imgextra/i4/2080867358/TB28CWpXVXXXXcLXXXXXXXXXXXX_!!2080867358.jpg" alt="" align="absmiddle" /> <img id="desc-module-2" src="http://a.tbcdn.cn/kissy/1.0.0/build/imglazyload/spaceball.gif" alt="" /></p>\r\n<p><img src="http://img01.taobaocdn.com/imgextra/i1/2080867358/TB2X6UvXpXXXXcaXpXXXXXXXXXX_!!2080867358.jpg" alt="" align="absmiddle" /><img src="http://img03.taobaocdn.com/imgextra/i3/2080867358/TB2Kq25XpXXXXbvXpXXXXXXXXXX_!!2080867358.jpg" alt="" align="absmiddle" /><img src="http://img03.taobaocdn.com/imgextra/i3/2080867358/TB2ptypXVXXXXXoXpXXXXXXXXXX_!!2080867358.jpg" alt="" align="absmiddle" /><img src="http://img02.taobaocdn.com/imgextra/i2/2080867358/TB2lpiqXVXXXXcqXXXXXXXXXXXX_!!2080867358.jpg" alt="" align="absmiddle" /></p>\r\n<p><img id="desc-module-3" src="http://a.tbcdn.cn/kissy/1.0.0/build/imglazyload/spaceball.gif" alt="" /></p>\r\n<p><img src="http://img02.taobaocdn.com/imgextra/i2/2080867358/TB2sGmpXVXXXXcjXXXXXXXXXXXX_!!2080867358.jpg" alt="" align="absmiddle" /><img src="http://img04.taobaocdn.com/imgextra/i4/2080867358/TB2Pu5pXVXXXXXMXpXXXXXXXXXX_!!2080867358.jpg" alt="" align="absmiddle" /><img src="http://img03.taobaocdn.com/imgextra/i3/2080867358/TB2sRmpXVXXXXbdXXXXXXXXXXXX_!!2080867358.jpg" alt="" align="absmiddle" /><img src="http://img03.taobaocdn.com/imgextra/i3/2080867358/TB2oP1nXVXXXXbfXXXXXXXXXXXX_!!2080867358.jpg" alt="" align="absmiddle" /><img src="http://img01.taobaocdn.com/imgextra/i1/2080867358/TB2VAWpXVXXXXXsXpXXXXXXXXXX_!!2080867358.jpg" alt="" align="absmiddle" /><img src="http://img04.taobaocdn.com/imgextra/i4/2080867358/TB2uxCrXVXXXXbVXXXXXXXXXXXX_!!2080867358.jpg" alt="" align="absmiddle" /><img src="http://img01.taobaocdn.com/imgextra/i1/2080867358/TB2eCapXVXXXXasXXXXXXXXXXXX_!!2080867358.jpg" alt="" align="absmiddle" /><img src="http://img04.taobaocdn.com/imgextra/i4/2080867358/TB2YlGnXVXXXXbKXXXXXXXXXXXX_!!2080867358.jpg" alt="" align="absmiddle" /><img src="http://img02.taobaocdn.com/imgextra/i2/2080867358/TB2E9WqXVXXXXXLXXXXXXXXXXXX_!!2080867358.jpg" alt="" align="absmiddle" /><img src="http://img03.taobaocdn.com/imgextra/i3/2080867358/TB25fupXVXXXXXJXpXXXXXXXXXX_!!2080867358.jpg" alt="" align="absmiddle" /></p>\r\n<p><img id="desc-module-4" src="http://a.tbcdn.cn/kissy/1.0.0/build/imglazyload/spaceball.gif" alt="" /></p>\r\n<p><img src="http://img03.taobaocdn.com/imgextra/i3/2080867358/TB2XsOqXVXXXXafXXXXXXXXXXXX_!!2080867358.jpg" alt="" align="absmiddle" /><img src="http://img04.taobaocdn.com/imgextra/i4/2080867358/TB2v81pXVXXXXXGXXXXXXXXXXXX_!!2080867358.jpg" alt="" align="absmiddle" /></p>\r\n<p><img id="desc-module-5" src="http://a.tbcdn.cn/kissy/1.0.0/build/imglazyload/spaceball.gif" alt="" /></p>\r\n<p><img src="http://img03.taobaocdn.com/imgextra/i3/2080867358/TB2zJKpXVXXXXXZXpXXXXXXXXXX_!!2080867358.jpg" alt="" align="absmiddle" /><img src="http://img04.taobaocdn.com/imgextra/i4/2080867358/TB2uvLMXFXXXXcwXpXXXXXXXXXX_!!2080867358.jpg" alt="" align="absmiddle" /><img src="http://img02.taobaocdn.com/imgextra/i2/2080867358/TB2ITqpXVXXXXa6XXXXXXXXXXXX_!!2080867358.jpg" alt="" align="absmiddle" /><img src="http://img04.taobaocdn.com/imgextra/i4/2080867358/TB2bR5qXVXXXXXEXXXXXXXXXXXX_!!2080867358.jpg" alt="" align="absmiddle" /><img src="http://img02.taobaocdn.com/imgextra/i2/2080867358/TB2LgKnXVXXXXX4XpXXXXXXXXXX_!!2080867358.jpg" alt="" align="absmiddle" /><img src="http://img01.taobaocdn.com/imgextra/i1/2080867358/TB2FS9qXVXXXXXlXXXXXXXXXXXX_!!2080867358.jpg" alt="" align="absmiddle" /><img src="http://img02.taobaocdn.com/imgextra/i2/2080867358/TB2zXWlXVXXXXbjXXXXXXXXXXXX_!!2080867358.jpg" alt="" align="absmiddle" /></p>\r\n<p><img id="desc-module-6" src="http://a.tbcdn.cn/kissy/1.0.0/build/imglazyload/spaceball.gif" alt="" /></p>\r\n<p><img src="http://img04.taobaocdn.com/imgextra/i4/2080867358/TB27CyqXVXXXXXPXXXXXXXXXXXX_!!2080867358.jpg" alt="" align="absmiddle" /><img src="http://img01.taobaocdn.com/imgextra/i1/2080867358/TB2lOCqXVXXXXaQXXXXXXXXXXXX_!!2080867358.jpg" alt="" align="absmiddle" /><img src="http://img04.taobaocdn.com/imgextra/i4/2080867358/TB2wOWoXVXXXXXyXpXXXXXXXXXX_!!2080867358.jpg" alt="" align="absmiddle" /><img src="http://img01.taobaocdn.com/imgextra/i1/2080867358/TB2VF1pXVXXXXcsXXXXXXXXXXXX_!!2080867358.jpg" alt="" align="absmiddle" /><img src="http://img03.taobaocdn.com/imgextra/i3/2080867358/TB23xaoXVXXXXaVXpXXXXXXXXXX_!!2080867358.jpg" alt="" align="absmiddle" /></p>\r\n<p><img id="desc-module-7" src="http://a.tbcdn.cn/kissy/1.0.0/build/imglazyload/spaceball.gif" alt="" /></p>\r\n<p><img src="http://img01.taobaocdn.com/imgextra/i1/2080867358/TB2EpmrXVXXXXXoXXXXXXXXXXXX_!!2080867358.jpg" alt="" align="absmiddle" /><img src="http://img01.taobaocdn.com/imgextra/i1/2080867358/TB2QbmqXVXXXXbxXXXXXXXXXXXX_!!2080867358.jpg" alt="" align="absmiddle" /><img src="http://img02.taobaocdn.com/imgextra/i2/2080867358/TB2zI1qXVXXXXb_XXXXXXXXXXXX_!!2080867358.jpg" alt="" align="absmiddle" /><img src="http://img03.taobaocdn.com/imgextra/i3/2080867358/TB2S0ulXVXXXXa6XXXXXXXXXXXX_!!2080867358.jpg" alt="" align="absmiddle" /></p>', 298, '智能家居	娱乐系统	家庭影院系统', '悠达', 0, '', '', 1, 0, 0, NULL, 1407280290, 1407280290, 187, 'data/files/store_2/goods_72/small_201408061507527760.jpg', 1, 208, 215, 298, 0, 0.00, '', 3800.00, '', 0.00, 1407254400, 0),
(120, 2, 'material', '创高安防现场无线防盗报警器 店铺家用报警器主机 门窗报警器105S', '<p><img src="http://a.tbcdn.cn/kissy/1.0.0/build/imglazyload/spaceball.gif" alt="" /></p>\r\n<p><img src="http://img04.taobaocdn.com/imgextra/i4/778546123/T2uhvSXp0aXXXXXXXX_!!778546123.jpg" alt="" align="absmiddle" /><img src="http://img04.taobaocdn.com/imgextra/i4/778546123/T2oXvTXEFXXXXXXXXX_!!778546123.jpg" alt="" align="absmiddle" /><img src="http://img04.taobaocdn.com/imgextra/i4/778546123/T2BdfMXfpbXXXXXXXX_!!778546123.jpg" alt="" align="absmiddle" /><img src="http://img04.taobaocdn.com/imgextra/i4/778546123/T2XxTSXrXaXXXXXXXX_!!778546123.jpg" alt="" align="absmiddle" /><img src="http://img04.taobaocdn.com/imgextra/i4/778546123/T2ANYSXq0aXXXXXXXX_!!778546123.jpg" alt="" align="absmiddle" /></p>\r\n<p><img id="desc-module-3" src="http://a.tbcdn.cn/kissy/1.0.0/build/imglazyload/spaceball.gif" alt="" /></p>\r\n<p><img src="http://img02.taobaocdn.com/imgextra/i2/778546123/T2Q4cXXfFbXXXXXXXX_!!778546123.jpg" alt="" align="absmiddle" /><img src="http://img01.taobaocdn.com/imgextra/i1/778546123/T2gKfSXqpaXXXXXXXX_!!778546123.jpg" alt="" align="absmiddle" /><img src="http://img02.taobaocdn.com/imgextra/i2/778546123/T2glnSXptaXXXXXXXX_!!778546123.jpg" alt="" align="absmiddle" /><img src="http://img03.taobaocdn.com/imgextra/i3/778546123/T2zL2SXvJaXXXXXXXX_!!778546123.jpg" alt="" align="absmiddle" /></p>\r\n<p><img id="desc-module-4" src="http://a.tbcdn.cn/kissy/1.0.0/build/imglazyload/spaceball.gif" alt="" /></p>\r\n<p><img src="http://img02.taobaocdn.com/imgextra/i2/778546123/T2vC_SXE8XXXXXXXXX_!!778546123.jpg" alt="" align="absmiddle" /><img src="http://img03.taobaocdn.com/imgextra/i3/778546123/T2DZ_TXD8XXXXXXXXX_!!778546123.jpg" alt="" align="absmiddle" /><img src="http://img02.taobaocdn.com/imgextra/i2/778546123/T2c_2pXftcXXXXXXXX_!!778546123.jpg" alt="" align="absmiddle" /><img src="http://img04.taobaocdn.com/imgextra/i4/778546123/T29yfTXDdXXXXXXXXX_!!778546123.jpg" alt="" align="absmiddle" /><img src="http://img01.taobaocdn.com/imgextra/i1/778546123/T2NWYTXElXXXXXXXXX_!!778546123.jpg" alt="" align="absmiddle" /><img src="http://img01.taobaocdn.com/imgextra/i1/778546123/T2mczJXnhbXXXXXXXX_!!778546123.jpg" alt="" align="absmiddle" /><img src="http://img01.taobaocdn.com/imgextra/i1/778546123/T2sfjSXptaXXXXXXXX_!!778546123.jpg" alt="" align="absmiddle" /><img src="http://img03.taobaocdn.com/imgextra/i3/778546123/T2ZB6wXolbXXXXXXXX_!!778546123.jpg" alt="" align="absmiddle" /><img src="http://img01.taobaocdn.com/imgextra/i1/778546123/T27zTTXCFXXXXXXXXX_!!778546123.jpg" alt="" align="absmiddle" /></p>\r\n<p><img id="desc-module-5" src="http://a.tbcdn.cn/kissy/1.0.0/build/imglazyload/spaceball.gif" alt="" /></p>\r\n<p><img src="http://img01.taobaocdn.com/imgextra/i1/778546123/T2ThnTXDxXXXXXXXXX_!!778546123.jpg" alt="" align="absmiddle" /><img src="http://img04.taobaocdn.com/imgextra/i4/778546123/T2S.SLXCRaXXXXXXXX_!!778546123.jpg" alt="" align="absmiddle" /></p>', 303, '智能家居	安防系统	防盗系统', '创高', 0, '', '', 1, 0, 0, NULL, 1407280710, 1407280710, 188, 'data/files/store_2/goods_158/small_201408061515589375.jpg', 1, 208, 216, 303, 0, 0.00, '', 189.00, '', 0.00, 1407254400, 0),
(121, 2, 'material', '无线远程手机监控防盗报警器 WIFI网络摄像机家庭红外联动摄像头', '<p><img src="http://a.tbcdn.cn/kissy/1.0.0/build/imglazyload/spaceball.gif" alt="" /></p>\r\n<p><img src="http://img02.taobaocdn.com/imgextra/i2/1722612995/TB2jE7pXVXXXXXoXXXXXXXXXXXX_!!1722612995.jpg" alt="" align="absmiddle" /><img src="http://img01.taobaocdn.com/imgextra/i1/1722612995/TB23rkqXVXXXXXbXXXXXXXXXXXX_!!1722612995.jpg" alt="" align="absmiddle" /><img src="http://img01.taobaocdn.com/imgextra/i1/1722612995/TB2tbInXVXXXXXGXpXXXXXXXXXX_!!1722612995.jpg" alt="" align="absmiddle" /><img src="http://img01.taobaocdn.com/imgextra/i1/1722612995/TB2FuoqXVXXXXbAXXXXXXXXXXXX_!!1722612995.jpg" alt="" align="absmiddle" /><img src="http://img03.taobaocdn.com/imgextra/i3/1722612995/TB2Y97nXVXXXXbLXXXXXXXXXXXX_!!1722612995.jpg" alt="" align="absmiddle" /><img src="http://img04.taobaocdn.com/imgextra/i4/1722612995/TB2rXsnXVXXXXc7XXXXXXXXXXXX_!!1722612995.jpg" alt="" align="absmiddle" /><img src="http://img02.taobaocdn.com/imgextra/i2/1722612995/TB2sF3nXVXXXXa9XXXXXXXXXXXX_!!1722612995.jpg" alt="" align="absmiddle" /><img src="http://img02.taobaocdn.com/imgextra/i2/1722612995/TB2ENUmXVXXXXaHXpXXXXXXXXXX_!!1722612995.jpg" alt="" align="absmiddle" /><img src="http://img03.taobaocdn.com/imgextra/i3/1722612995/TB2UuwnXVXXXXXmXpXXXXXXXXXX_!!1722612995.jpg" alt="" align="absmiddle" /><img src="http://img04.taobaocdn.com/imgextra/i4/1722612995/TB2hJgoXVXXXXaPXXXXXXXXXXXX_!!1722612995.jpg" alt="" align="absmiddle" /><img src="http://img01.taobaocdn.com/imgextra/i1/1722612995/TB2qfQqXVXXXXXmXXXXXXXXXXXX_!!1722612995.jpg" alt="" align="absmiddle" /><img src="http://img02.taobaocdn.com/imgextra/i2/1722612995/TB2zAgnXVXXXXcaXXXXXXXXXXXX_!!1722612995.jpg" alt="" align="absmiddle" /><img src="http://img01.taobaocdn.com/imgextra/i1/1722612995/TB2xw.mXVXXXXcVXXXXXXXXXXXX_!!1722612995.jpg" alt="" align="absmiddle" /><img src="http://img01.taobaocdn.com/imgextra/i1/1722612995/TB2qicmXVXXXXXWXpXXXXXXXXXX_!!1722612995.jpg" alt="" align="absmiddle" /></p>\r\n<p><img id="desc-module-2" src="http://a.tbcdn.cn/kissy/1.0.0/build/imglazyload/spaceball.gif" alt="" /></p>\r\n<p><img src="http://img03.taobaocdn.com/imgextra/i3/1722612995/TB2_iZoXVXXXXaGXXXXXXXXXXXX_!!1722612995.jpg" alt="" align="absmiddle" /><img src="http://img03.taobaocdn.com/imgextra/i3/1722612995/TB2ZeQmXVXXXXbQXXXXXXXXXXXX_!!1722612995.jpg" alt="" align="absmiddle" /><img src="http://img01.taobaocdn.com/imgextra/i1/1722612995/TB2.7gnXVXXXXcbXXXXXXXXXXXX_!!1722612995.jpg" alt="" align="absmiddle" /><img src="http://img02.taobaocdn.com/imgextra/i2/1722612995/TB2iscnXVXXXXcCXXXXXXXXXXXX_!!1722612995.jpg" alt="" align="absmiddle" /><img src="http://img04.taobaocdn.com/imgextra/i4/1722612995/TB2nY7oXVXXXXblXXXXXXXXXXXX_!!1722612995.jpg" alt="" align="absmiddle" /><img src="http://img01.taobaocdn.com/imgextra/i1/1722612995/TB2jzoqXVXXXXXAXXXXXXXXXXXX_!!1722612995.jpg" alt="" align="absmiddle" /><img src="http://img03.taobaocdn.com/imgextra/i3/1722612995/TB2tBAnXVXXXXccXXXXXXXXXXXX_!!1722612995.jpg" alt="" align="absmiddle" /><img src="http://img02.taobaocdn.com/imgextra/i2/1722612995/TB2POMmXVXXXXX_XpXXXXXXXXXX_!!1722612995.jpg" alt="" align="absmiddle" /><img src="http://img01.taobaocdn.com/imgextra/i1/1722612995/TB2NrQoXVXXXXbtXXXXXXXXXXXX_!!1722612995.jpg" alt="" align="absmiddle" /></p>\r\n<p><img id="desc-module-3" src="http://a.tbcdn.cn/kissy/1.0.0/build/imglazyload/spaceball.gif" alt="" /></p>\r\n<p><img src="http://img03.taobaocdn.com/imgextra/i3/1722612995/TB24lgoXVXXXXauXXXXXXXXXXXX_!!1722612995.jpg" alt="" align="absmiddle" /><img src="http://img01.taobaocdn.com/imgextra/i1/1722612995/TB26UwnXVXXXXbNXXXXXXXXXXXX_!!1722612995.jpg" alt="" align="absmiddle" /><img src="http://img04.taobaocdn.com/imgextra/i4/1722612995/TB2a2ckXVXXXXXLXpXXXXXXXXXX_!!1722612995.jpg" alt="" align="absmiddle" /><img src="http://img04.taobaocdn.com/imgextra/i4/1722612995/TB2HUkoXVXXXXanXXXXXXXXXXXX_!!1722612995.jpg" alt="" align="absmiddle" /><img src="http://img02.taobaocdn.com/imgextra/i2/1722612995/TB2YygnXVXXXXalXXXXXXXXXXXX_!!1722612995.jpg" alt="" align="absmiddle" /><img src="http://img04.taobaocdn.com/imgextra/i4/1722612995/TB2oJUoXVXXXXXnXXXXXXXXXXXX_!!1722612995.jpg" alt="" align="absmiddle" /><img src="http://img04.taobaocdn.com/imgextra/i4/1722612995/TB20UMjXVXXXXaxXpXXXXXXXXXX_!!1722612995.jpg" alt="" align="absmiddle" /></p>\r\n<p><img id="desc-module-4" src="http://a.tbcdn.cn/kissy/1.0.0/build/imglazyload/spaceball.gif" alt="" /></p>\r\n<p><img src="http://img03.taobaocdn.com/imgextra/i3/1722612995/TB2UPgmXVXXXXafXpXXXXXXXXXX_!!1722612995.jpg" alt="" align="absmiddle" /><img src="http://img04.taobaocdn.com/imgextra/i4/1722612995/TB2v23pXVXXXXXSXXXXXXXXXXXX_!!1722612995.jpg" alt="" align="absmiddle" /><img src="http://img01.taobaocdn.com/imgextra/i1/1722612995/TB20TAnXVXXXXbYXXXXXXXXXXXX_!!1722612995.jpg" alt="" align="absmiddle" /><img src="http://img03.taobaocdn.com/imgextra/i3/1722612995/TB2ibwoXVXXXXbmXXXXXXXXXXXX_!!1722612995.jpg" alt="" align="absmiddle" /><img src="http://img01.taobaocdn.com/imgextra/i1/1722612995/TB2AIcpXVXXXXX7XXXXXXXXXXXX_!!1722612995.jpg" alt="" align="absmiddle" /></p>\r\n<p><img id="desc-module-5" src="http://a.tbcdn.cn/kissy/1.0.0/build/imglazyload/spaceball.gif" alt="" /></p>\r\n<p><img src="http://img03.taobaocdn.com/imgextra/i3/1722612995/TB2iO3jXVXXXXaBXpXXXXXXXXXX_!!1722612995.jpg" alt="" align="absmiddle" /><img src="http://img04.taobaocdn.com/imgextra/i4/1722612995/TB2.5ImXVXXXXbEXXXXXXXXXXXX_!!1722612995.jpg" alt="" align="absmiddle" /><img src="http://img03.taobaocdn.com/imgextra/i3/1722612995/TB2McImXVXXXXcKXXXXXXXXXXXX_!!1722612995.jpg" alt="" align="absmiddle" /><img src="http://img01.taobaocdn.com/imgextra/i1/1722612995/TB2bL7jXVXXXXa4XpXXXXXXXXXX_!!1722612995.jpg" alt="" align="absmiddle" /><img src="http://img03.taobaocdn.com/imgextra/i3/1722612995/TB2jWEoXVXXXXXuXXXXXXXXXXXX_!!1722612995.jpg" alt="" align="absmiddle" /><img src="http://img01.taobaocdn.com/imgextra/i1/1722612995/TB2KWEnXVXXXXb3XXXXXXXXXXXX_!!1722612995.jpg" alt="" align="absmiddle" /><img src="http://img03.taobaocdn.com/imgextra/i3/1722612995/TB2VXUnXVXXXXbGXXXXXXXXXXXX_!!1722612995.jpg" alt="" align="absmiddle" /><img src="http://img02.taobaocdn.com/imgextra/i2/1722612995/TB2.d.lXVXXXXXsXpXXXXXXXXXX_!!1722612995.jpg" alt="" align="absmiddle" /><img src="http://img04.taobaocdn.com/imgextra/i4/1722612995/TB2F0QlXVXXXXXGXpXXXXXXXXXX_!!1722612995.jpg" alt="" align="absmiddle" /><img src="http://img01.taobaocdn.com/imgextra/i1/1722612995/TB2siAmXVXXXXcLXXXXXXXXXXXX_!!1722612995.jpg" alt="" align="absmiddle" /><img src="http://img03.taobaocdn.com/imgextra/i3/1722612995/TB2hlonXVXXXXXPXXXXXXXXXXXX_!!1722612995.jpg" alt="" align="absmiddle" /><img src="http://img03.taobaocdn.com/imgextra/i3/1722612995/TB2FEglXVXXXXcMXXXXXXXXXXXX_!!1722612995.jpg" alt="" align="absmiddle" /><img src="http://img01.taobaocdn.com/imgextra/i1/1722612995/TB2DUIjXVXXXXacXpXXXXXXXXXX_!!1722612995.jpg" alt="" align="absmiddle" /></p>\r\n<p><img id="desc-module-6" src="http://a.tbcdn.cn/kissy/1.0.0/build/imglazyload/spaceball.gif" alt="" /></p>\r\n<p><img src="http://img04.taobaocdn.com/imgextra/i4/1722612995/TB2_JAkXVXXXXajXpXXXXXXXXXX_!!1722612995.jpg" alt="" align="absmiddle" /><img src="http://img04.taobaocdn.com/imgextra/i4/1722612995/TB2gXInXVXXXXaTXXXXXXXXXXXX_!!1722612995.jpg" alt="" align="absmiddle" /><img src="http://img03.taobaocdn.com/imgextra/i3/1722612995/TB2a_sjXVXXXXarXpXXXXXXXXXX_!!1722612995.jpg" alt="" align="absmiddle" /><img src="http://img04.taobaocdn.com/imgextra/i4/1722612995/TB24W.nXVXXXXbRXXXXXXXXXXXX_!!1722612995.jpg" alt="" align="absmiddle" /><img src="http://img04.taobaocdn.com/imgextra/i4/1722612995/TB2_VIoXVXXXXXMXXXXXXXXXXXX_!!1722612995.jpg" alt="" align="absmiddle" /><img src="http://img01.taobaocdn.com/imgextra/i1/1722612995/TB2VGAlXVXXXXXyXpXXXXXXXXXX_!!1722612995.jpg" alt="" align="absmiddle" /><img src="http://img01.taobaocdn.com/imgextra/i1/1722612995/TB2KygmXVXXXXaZXXXXXXXXXXXX_!!1722612995.jpg" alt="" align="absmiddle" /><img src="http://img03.taobaocdn.com/imgextra/i3/1722612995/TB2ELwnXVXXXXaiXXXXXXXXXXXX_!!1722612995.jpg" alt="" align="absmiddle" /><img src="http://img02.taobaocdn.com/imgextra/i2/1722612995/TB2Yr.mXVXXXXcjXXXXXXXXXXXX_!!1722612995.jpg" alt="" align="absmiddle" /><img src="http://img02.taobaocdn.com/imgextra/i2/1722612995/TB2Rg.mXVXXXXcuXXXXXXXXXXXX_!!1722612995.jpg" alt="" align="absmiddle" /><img src="http://img04.taobaocdn.com/imgextra/i4/1722612995/TB2NMwmXVXXXXcMXXXXXXXXXXXX_!!1722612995.jpg" alt="" align="absmiddle" /><img src="http://img02.taobaocdn.com/imgextra/i2/1722612995/TB2mQcjXVXXXXaRXpXXXXXXXXXX_!!1722612995.jpg" alt="" align="absmiddle" /><img src="http://img04.taobaocdn.com/imgextra/i4/1722612995/TB2wNooXVXXXXXtXpXXXXXXXXXX_!!1722612995.jpg" alt="" align="absmiddle" /><img src="http://img02.taobaocdn.com/imgextra/i2/1722612995/TB2PUUmXVXXXXcaXXXXXXXXXXXX_!!1722612995.jpg" alt="" align="absmiddle" /><img src="http://img01.taobaocdn.com/imgextra/i1/1722612995/TB2odZjXVXXXXX6XpXXXXXXXXXX_!!1722612995.jpg" alt="" align="absmiddle" /></p>', 302, '智能家居	安防系统	视频监控', '万宝泽', 0, '', '', 1, 0, 0, NULL, 1407281040, 1407281040, 189, 'data/files/store_2/goods_90/small_201408061521307926.jpg', 1, 208, 216, 302, 0, 0.00, '', 1120.00, '', 0.00, 1407254400, 0);
INSERT INTO `ecm_goods` (`goods_id`, `store_id`, `type`, `goods_name`, `description`, `cate_id`, `cate_name`, `brand`, `spec_qty`, `spec_name_1`, `spec_name_2`, `if_show`, `if_seckill`, `closed`, `close_reason`, `add_time`, `last_update`, `default_spec`, `default_image`, `recommended`, `cate_id_1`, `cate_id_2`, `cate_id_3`, `cate_id_4`, `market_price`, `discount`, `price`, `tags`, `active_price`, `active_start_time`, `active_end_time`) VALUES
(122, 2, 'material', '智能彩屏GSM手机卡无线红外线防盗报警器店铺防盗器家用安防系统', '<p><img src="http://img01.taobaocdn.com/imgextra/i1/459481185/T2eRCWXEdXXXXXXXXX_!!459481185.jpg" alt="" align="absmiddle" /></p>\r\n<p><img id="desc-module-3" src="http://a.tbcdn.cn/kissy/1.0.0/build/imglazyload/spaceball.gif" alt="" /></p>\r\n<p><img src="http://img02.taobaocdn.com/imgextra/i2/459481185/T2h8eyXANaXXXXXXXX_!!459481185.jpg" alt="" align="absmiddle" /></p>\r\n<p><img id="desc-module-4" src="http://a.tbcdn.cn/kissy/1.0.0/build/imglazyload/spaceball.gif" alt="" /></p>\r\n<p><img src="http://img03.taobaocdn.com/imgextra/i3/459481185/T2S6.QXGFXXXXXXXXX-459481185.jpg" alt="" align="absmiddle" /></p>\r\n<p><img id="desc-module-5" src="http://a.tbcdn.cn/kissy/1.0.0/build/imglazyload/spaceball.gif" alt="" /></p>\r\n<p><img src="http://img03.taobaocdn.com/imgextra/i3/459481185/T2caaZXtpXXXXXXXXX_!!459481185.jpg" alt="" align="absmiddle" /></p>\r\n<p><img src="http://img04.taobaocdn.com/imgextra/i4/459481185/T2TKaKXo8cXXXXXXXX-459481185.jpg" alt="" align="absmiddle" /></p>\r\n<p><img id="desc-module-6" src="http://a.tbcdn.cn/kissy/1.0.0/build/imglazyload/spaceball.gif" alt="" /></p>\r\n<p><img src="http://img04.taobaocdn.com/imgextra/i4/459481185/T2pXG0XLtXXXXXXXXX-459481185.jpg" alt="" align="absmiddle" /><img src="http://img01.taobaocdn.com/imgextra/i1/459481185/T2i7a0XopbXXXXXXXX-459481185.jpg" alt="" align="absmiddle" /><img src="http://img02.taobaocdn.com/imgextra/i2/459481185/T2iVrCXz4aXXXXXXXX-459481185.jpg" alt="" align="absmiddle" /><img src="http://img01.taobaocdn.com/imgextra/i1/459481185/T2rOWUXIdXXXXXXXXX-459481185.jpg" alt="" align="absmiddle" /><img src="http://img03.taobaocdn.com/imgextra/i3/459481185/T2f0gkXdxbXXXXXXXX-459481185.jpg" alt="" align="absmiddle" /><img src="http://img01.taobaocdn.com/imgextra/i1/459481185/T2lsqWXSRXXXXXXXXX-459481185.jpg" alt="" align="absmiddle" /><img src="http://img02.taobaocdn.com/imgextra/i2/459481185/T2VR1.XA8aXXXXXXXX-459481185.jpg" alt="" align="absmiddle" /><img src="http://img01.taobaocdn.com/imgextra/i1/459481185/T2KgaRXTXXXXXXXXXX-459481185.jpg" alt="" align="absmiddle" /><img src="http://img01.taobaocdn.com/imgextra/i1/459481185/T2Ese0XOlXXXXXXXXX-459481185.jpg" alt="" align="absmiddle" /><img src="http://img02.taobaocdn.com/imgextra/i2/459481185/T2nuSZXQxXXXXXXXXX-459481185.jpg" alt="" align="absmiddle" /><img src="http://img02.taobaocdn.com/imgextra/i2/459481185/T2gG1ZXHRXXXXXXXXX-459481185.jpg" alt="" align="absmiddle" /><img src="http://img04.taobaocdn.com/imgextra/i4/459481185/T2IrjGXltbXXXXXXXX-459481185.jpg" alt="" align="absmiddle" /><img src="http://img02.taobaocdn.com/imgextra/i2/459481185/T2z29ZXQlXXXXXXXXX-459481185.jpg" alt="" align="absmiddle" /><img src="http://img04.taobaocdn.com/imgextra/i4/459481185/T2tuiZXQBXXXXXXXXX-459481185.jpg" alt="" align="absmiddle" /><img src="http://img04.taobaocdn.com/imgextra/i4/459481185/T22NiWXGxaXXXXXXXX-459481185.jpg" alt="" align="absmiddle" /><img src="http://img03.taobaocdn.com/imgextra/i3/459481185/T2MZ10XMBXXXXXXXXX-459481185.jpg" alt="" align="absmiddle" /><img src="http://img04.taobaocdn.com/imgextra/i4/459481185/T2sTCBXDtaXXXXXXXX-459481185.jpg" alt="" align="absmiddle" /><img src="http://img03.taobaocdn.com/imgextra/i3/459481185/T25_3iXjpbXXXXXXXX-459481185.jpg" alt="" align="absmiddle" /><img src="http://img04.taobaocdn.com/imgextra/i4/459481185/T2FTOWXJFXXXXXXXXX-459481185.jpg" alt="" align="absmiddle" /><a href="http://item.taobao.com/item.htm?spm=a220z.1000880.0.0.44Okbl&amp;id=6943297314" target="_blank"><img src="http://img04.taobaocdn.com/imgextra/i4/459481185/T2Ppi0XPhXXXXXXXXX-459481185.jpg" alt="" align="absmiddle" /></a><a href="http://item.taobao.com/item.htm?spm=a220z.1000880.0.0.Yl1q7H&amp;id=6942266210" target="_blank"><img src="http://img01.taobaocdn.com/imgextra/i1/459481185/T2WOG2XHXXXXXXXXXX-459481185.jpg" alt="" align="absmiddle" /></a><a href="http://item.taobao.com/item.htm?spm=a220z.1000880.0.0.LiSF5n&amp;id=6942199718" target="_blank"><img src="http://img02.taobaocdn.com/imgextra/i2/459481185/T2JfyZXP4XXXXXXXXX-459481185.jpg" alt="" align="absmiddle" /></a></p>\r\n<p><a href="http://item.taobao.com/item.htm?spm=a220z.1000880.0.0.hF6bo6&amp;id=35557561827" target="_blank"><img src="http://img03.taobaocdn.com/imgextra/i3/459481185/T2Nd0sXi4OXXXXXXXX-459481185.jpg" alt="" align="absmiddle" /> </a><img src="http://img02.taobaocdn.com/imgextra/i2/459481185/T2blMmXl4bXXXXXXXX-459481185.jpg" alt="" align="absmiddle" /><a href="http://item.taobao.com/item.htm?spm=a220z.1000880.0.0.hF6bo6&amp;id=35557561827" target="_blank"><img src="http://img04.taobaocdn.com/imgextra/i4/459481185/T2ipa0XO4XXXXXXXXX-459481185.jpg" alt="" align="absmiddle" /> </a><a href="http://item.taobao.com/item.htm?spm=a220z.1000880.0.0.JOw71c&amp;id=6942576760" target="_blank"><img src="http://img03.taobaocdn.com/imgextra/i3/459481185/T2mFGSXJpaXXXXXXXX-459481185.jpg" alt="" align="absmiddle" /></a><a href="http://aneywell.tmall.com/search.htm?orderType=&amp;viewType=grid&amp;keyword=%D1%CC%CE%ED&amp;lowPrice=&amp;highPrice=" target="_blank"><img src="http://img03.taobaocdn.com/imgextra/i3/459481185/T26PosXixbXXXXXXXX-459481185.jpg" alt="" align="absmiddle" /></a><img src="http://img01.taobaocdn.com/imgextra/i1/459481185/T2J6WYXSBXXXXXXXXX-459481185.jpg" alt="" align="absmiddle" /><img src="http://img03.taobaocdn.com/imgextra/i3/459481185/T2GAkFXhXbXXXXXXXX-459481185.jpg" alt="" align="absmiddle" /><a href="http://item.taobao.com/item.htm?spm=a220z.1000880.0.0.3p93z4&amp;id=6944892220" target="_blank"><img src="http://img01.taobaocdn.com/imgextra/i1/459481185/T2WlGSXPhXXXXXXXXX-459481185.jpg" alt="" align="absmiddle" /></a><a href="http://aneywell.tmall.com/search.htm?orderType=&amp;viewType=grid&amp;keyword=%CE%A2%B2%A8%BA%EC%CD%E2&amp;lowPrice=&amp;highPrice=" target="_blank"><img src="http://img01.taobaocdn.com/imgextra/i1/459481185/T2fquZXQ8XXXXXXXXX-459481185.jpg" alt="" align="absmiddle" /></a><a href="http://aneywell.tmall.com/search.htm?orderType=&amp;viewType=grid&amp;keyword=%D5%A4%C0%B8&amp;lowPrice=&amp;highPrice=" target="_blank"><img src="http://img01.taobaocdn.com/imgextra/i1/459481185/T2ELeYXRdXXXXXXXXX-459481185.jpg" alt="" align="absmiddle" /></a><img src="http://img02.taobaocdn.com/imgextra/i2/459481185/T2Zg25XcFcXXXXXXXX-459481185.jpg" alt="" align="absmiddle" /><img src="http://img03.taobaocdn.com/imgextra/i3/459481185/T29m5ZXOBXXXXXXXXX-459481185.jpg" alt="" align="absmiddle" /><img src="http://img01.taobaocdn.com/imgextra/i1/459481185/T2AhW1XFpXXXXXXXXX-459481185.jpg" alt="" align="absmiddle" /><img src="http://img04.taobaocdn.com/imgextra/i4/459481185/T29bo3XcVbXXXXXXXX-459481185.jpg" alt="" align="absmiddle" /><img src="http://img04.taobaocdn.com/imgextra/i4/459481185/T2MHvkXCNaXXXXXXXX-459481185.jpg" alt="" align="absmiddle" /><img src="http://img01.taobaocdn.com/imgextra/i1/459481185/T2nwaZXQpXXXXXXXXX-459481185.jpg" alt="" align="absmiddle" /><img src="http://img01.taobaocdn.com/imgextra/i1/459481185/T2qcuZXO0XXXXXXXXX-459481185.jpg" alt="" align="absmiddle" /><img src="http://img02.taobaocdn.com/imgextra/i2/459481185/T2mtjvXw0aXXXXXXXX-459481185.jpg" alt="" align="absmiddle" /><img src="http://img03.taobaocdn.com/imgextra/i3/459481185/T2rD9YXRJXXXXXXXXX-459481185.jpg" alt="" align="absmiddle" /><img src="http://img03.taobaocdn.com/imgextra/i3/459481185/T2fg15XIXXXXXXXXXX-459481185.jpg" alt="" align="absmiddle" /><img src="http://img01.taobaocdn.com/imgextra/i1/459481185/T2l2GYXPhXXXXXXXXX-459481185.jpg" alt="" align="absmiddle" /><img src="http://img02.taobaocdn.com/imgextra/i2/459481185/T2TG90XOpXXXXXXXXX-459481185.jpg" alt="" align="absmiddle" /><img src="http://img04.taobaocdn.com/imgextra/i4/459481185/T2_fUfXgpbXXXXXXXX-459481185.jpg" alt="" align="absmiddle" /><img src="http://img04.taobaocdn.com/imgextra/i4/459481185/T2kdbNXftbXXXXXXXX-459481185.jpg" alt="" align="absmiddle" /><img src="http://img03.taobaocdn.com/imgextra/i3/459481185/T2.2avXElaXXXXXXXX-459481185.jpg" alt="" align="absmiddle" /><img src="http://img04.taobaocdn.com/imgextra/i4/459481185/T2KyvrXnXbXXXXXXXX-459481185.jpg" alt="" align="absmiddle" /><img src="http://img02.taobaocdn.com/imgextra/i2/459481185/T2lhuMXJXaXXXXXXXX-459481185.jpg" alt="" align="absmiddle" /><img src="http://img01.taobaocdn.com/imgextra/i1/459481185/T2pZNYXm0dXXXXXXXX-459481185.jpg" alt="" align="absmiddle" /><img src="http://img02.taobaocdn.com/imgextra/i2/459481185/T20GslXchbXXXXXXXX-459481185.jpg" alt="" align="absmiddle" /><img src="http://img02.taobaocdn.com/imgextra/i2/459481185/T2gC9ZXONXXXXXXXXX-459481185.jpg" alt="" align="absmiddle" /><img src="http://img03.taobaocdn.com/imgextra/i3/459481185/T2KJ5YXS8XXXXXXXXX-459481185.jpg" alt="" align="absmiddle" /><img src="http://img03.taobaocdn.com/imgextra/i3/459481185/T2wXG0XO8XXXXXXXXX-459481185.jpg" alt="" align="absmiddle" /><img src="http://img02.taobaocdn.com/imgextra/i2/459481185/T2SGUAXdXbXXXXXXXX-459481185.jpg" alt="" align="absmiddle" /><img src="http://img03.taobaocdn.com/imgextra/i3/459481185/T2CHaZXGVXXXXXXXXX-459481185.jpg" alt="" align="absmiddle" /><img src="http://img03.taobaocdn.com/imgextra/i3/459481185/T2wbmZXKdXXXXXXXXX-459481185.jpg" alt="" align="absmiddle" /><img src="http://img02.taobaocdn.com/imgextra/i2/459481185/T2.t9wXf4dXXXXXXXX-459481185.jpg" alt="" align="absmiddle" /><img src="http://img02.taobaocdn.com/imgextra/i2/459481185/T2lxPSXyRaXXXXXXXX-459481185.jpg" alt="" align="absmiddle" /><img src="http://img04.taobaocdn.com/imgextra/i4/459481185/T2hoeRXO4XXXXXXXXX-459481185.jpg" alt="" align="absmiddle" /><img src="http://img04.taobaocdn.com/imgextra/i4/459481185/T2ka1WXIpaXXXXXXXX-459481185.jpg" alt="" align="absmiddle" /><img src="http://img01.taobaocdn.com/imgextra/i1/459481185/T2nQKWXP0XXXXXXXXX-459481185.jpg" alt="" align="absmiddle" /><img src="http://img03.taobaocdn.com/imgextra/i3/459481185/T2IAOZXPJXXXXXXXXX-459481185.jpg" alt="" align="absmiddle" /><img src="http://img04.taobaocdn.com/imgextra/i4/459481185/T2IU88XNVaXXXXXXXX-459481185.jpg" alt="" align="absmiddle" /><img src="http://img03.taobaocdn.com/imgextra/i3/459481185/T2R3DDXcJcXXXXXXXX-459481185.jpg" alt="" align="absmiddle" /><img src="http://img02.taobaocdn.com/imgextra/i2/459481185/T2KFloXlROXXXXXXXX-459481185.jpg" alt="" align="absmiddle" /><img src="http://img01.taobaocdn.com/imgextra/i1/459481185/T2LSYPXhlbXXXXXXXX-459481185.jpg" alt="" align="absmiddle" /><img src="http://img01.taobaocdn.com/imgextra/i1/459481185/T2fR1ZXO4XXXXXXXXX-459481185.jpg" alt="" align="absmiddle" /><img src="http://img03.taobaocdn.com/imgextra/i3/459481185/T26YuYXTlXXXXXXXXX-459481185.jpg" alt="" align="absmiddle" /><img src="http://img01.taobaocdn.com/imgextra/i1/459481185/T2UvuYXSXXXXXXXXXX-459481185.jpg" alt="" align="absmiddle" /><img src="http://img04.taobaocdn.com/imgextra/i4/459481185/T2nR1SXT8XXXXXXXXX-459481185.jpg" alt="" align="absmiddle" /><img src="http://img03.taobaocdn.com/imgextra/i3/459481185/T227ZdXwdaXXXXXXXX-459481185.jpg" alt="" align="absmiddle" /><a href="http://item.taobao.com/item.htm?spm=a220z.1000880.0.0.JOw71c&amp;id=6942266210" target="_blank"><img src="http://img04.taobaocdn.com/imgextra/i4/459481185/T2US6oXn8bXXXXXXXX-459481185.jpg" alt="" align="absmiddle" /></a><a href="http://item.taobao.com/item.htm?spm=a220z.1000880.0.0.yKGugb&amp;id=6942199718" target="_blank"><img src="http://img02.taobaocdn.com/imgextra/i2/459481185/T2C_SZXPXXXXXXXXXX-459481185.jpg" alt="" align="absmiddle" /></a><a href="http://item.taobao.com/item.htm?spm=a220z.1000880.0.0.WzOHE1&amp;id=6943297314" target="_blank"><img src="http://img04.taobaocdn.com/imgextra/i4/459481185/T2KzmTXRNXXXXXXXXX-459481185.jpg" alt="" align="absmiddle" /></a><a href="http://item.taobao.com/item.htm?spm=a220z.1000880.0.0.6Y0Blw&amp;id=6944892220" target="_blank"><img src="http://img03.taobaocdn.com/imgextra/i3/459481185/T2May7Xy8aXXXXXXXX-459481185.jpg" alt="" align="absmiddle" /></a><a href="http://aneywell.tmall.com/search.htm?orderType=&amp;viewType=grid&amp;keyword=%D5%A4%C0%B8&amp;lowPrice=&amp;highPrice=" target="_blank"><img src="http://img03.taobaocdn.com/imgextra/i3/459481185/T2.QWVXOBXXXXXXXXX-459481185.jpg" alt="" align="absmiddle" /></a><a href="http://item.taobao.com/item.htm?spm=a220z.1000880.0.0.ZwgDeh&amp;id=6942576760" target="_blank"><img src="http://img03.taobaocdn.com/imgextra/i3/459481185/T2TmSYXRRXXXXXXXXX-459481185.jpg" alt="" align="absmiddle" /></a><a href="http://aneywell.tmall.com/search.htm?orderType=&amp;viewType=grid&amp;keyword=%D1%CC%CE%ED&amp;lowPrice=&amp;highPrice=" target="_blank"><img src="http://img02.taobaocdn.com/imgextra/i2/459481185/T22EWZXOVXXXXXXXXX-459481185.jpg" alt="" align="absmiddle" /></a><img src="http://img04.taobaocdn.com/imgextra/i4/459481185/T259aYXR8XXXXXXXXX-459481185.jpg" alt="" align="absmiddle" /><img src="http://img02.taobaocdn.com/imgextra/i2/459481185/T26i5UXJFaXXXXXXXX-459481185.jpg" alt="" align="absmiddle" /><img src="http://img02.taobaocdn.com/imgextra/i2/459481185/T2TOOYXQNXXXXXXXXX-459481185.jpg" alt="" align="absmiddle" /><img src="http://img01.taobaocdn.com/imgextra/i1/459481185/T2rvuWXH0aXXXXXXXX-459481185.jpg" alt="" align="absmiddle" /><img src="http://img01.taobaocdn.com/imgextra/i1/459481185/T2rhrFXBNaXXXXXXXX-459481185.jpg" alt="" align="absmiddle" /><img src="http://img01.taobaocdn.com/imgextra/i1/459481185/TB2DbUyXVXXXXXCXXXXXXXXXXXX-459481185.jpg" alt="" align="absmiddle" /></p>\r\n<p>&nbsp;</p>\r\n<p><img src="http://img01.taobaocdn.com/imgextra/i1/459481185/T21OiWXGtaXXXXXXXX-459481185.jpg" alt="" align="absmiddle" /><img src="http://img02.taobaocdn.com/imgextra/i2/459481185/T2udWTXIJaXXXXXXXX-459481185.jpg" alt="" align="absmiddle" /></p>', 303, '智能家居	安防系统	防盗系统', '安尼威尔', 0, '', '', 1, 0, 0, NULL, 1407281904, 1407281904, 190, 'data/files/store_2/goods_8/small_201408061526484392.jpg', 1, 208, 216, 303, 0, 0.00, '', 395.00, '', 0.00, 1407254400, 0),
(123, 2, 'material', '测试100', '<p>气温达到我亲亲我的&nbsp;<img src="http://esoujcw.com.free.wqit.net/data/files/store_2/goods_96/201408080931362155.jpg" alt="ed6caa0fcc1be3450e1613df5de2d076.jpg" /></p>', 4, '厨卫主材	厨具	厨房电器', '德力西', 2, '颜色', '尺码', 1, 0, 0, NULL, 1407432733, 1408576379, 191, 'data/files/store_2/goods_115/small_201408080931555375.jpg', 1, 1, 2, 4, 0, 0.00, '', 1100.00, '', 0.00, 1407427200, 1408982400),
(124, 2, 'material', '秒杀商品', '<p>c测试秒杀dd</p>', 4, '厨卫主材	厨具	厨房电器', 'supper', 2, '颜色', '尺码', 0, 1, 0, NULL, 1407794593, 1408649776, 195, '', 1, 1, 2, 4, 0, 0.00, '', 950.00, '', 0.00, 1407772800, 1409241600),
(125, 18, 'material', '罗马诺尔墙砖', '<p><img src="http://rmall.net/data/files/store_18/goods_74/201408190851141508.jpg" alt="场景展示.jpg" /></p>\r\n<p><img src="http://rmall.net/data/files/store_18/goods_190/201408190853106627.jpg" alt="E家建材商城01.jpg" /></p>', 66, '客卧主材	陶瓷	地砖/广场砖', '罗马诺尔', 0, '', '', 1, 0, 0, NULL, 1408380711, 1411713781, 0, 'data/files/store_18/goods_22/small_201408190840223056.jpg', 1, 31, 64, 66, 0, 0.00, '', 69.00, '', 0.00, 1412121600, 1412640000),
(126, 18, 'material', '罗马诺尔微晶石', '<p><img src="http://rmall.net/data/files/store_18/goods_88/201408190921281281.jpg" alt="场景展示.jpg" /><img src="http://rmall.net/data/files/store_18/goods_119/201408190921599474.jpg" alt="E家建材商城01.jpg" /></p>', 68, '客卧主材	陶瓷	瓷片', '罗马诺尔', 0, '', '', 1, 0, 0, NULL, 1408382539, 1411713749, 0, 'data/files/store_18/goods_196/small_201408190923168301.jpg', 1, 31, 64, 68, 0, 0.00, '', 69.00, '', 0.00, 1412121600, 1412640000),
(127, 27, 'material', '诺贝尔 卧室客厅地毯砖6020', '<p><img src="http://rmall.net/data/files/store_27/goods_116/201408200841567820.jpg" alt="333.jpg" /><img src="http://rmall.net/data/files/store_27/goods_128/201408200842086046.jpg" alt="222.jpg" /></p>', 65, '客卧主材	陶瓷	外墙砖', '诺贝尔', 0, '', '', 1, 0, 0, NULL, 1408466821, 1408496309, 0, 'data/files/store_27/goods_8/small_201408200846489356.jpg', 1, 31, 64, 65, 0, 0.00, '', 160.00, '', 0.00, 1408464000, 1408464000),
(128, 27, 'material', '26009s', '<p><img src="http://rmall.net/data/files/store_27/goods_132/201408201045323442.jpg" alt="F)0S&#093;ZRW5)4ONCLVV27AYA1.jpg" /></p>\r\n<p><img src="http://rmall.net/data/files/store_27/goods_132/201408201042125993.JPG" alt="P1030612.JPG" /><img src="http://rmall.net/data/files/store_27/goods_152/201408201042329668.JPG" alt="P1030610.JPG" /><img src="http://rmall.net/data/files/store_27/goods_158/201408201042381169.JPG" alt="P1030611.JPG" /></p>', 68, '客卧主材	陶瓷	瓷片', '诺贝尔', 0, '', '', 1, 0, 0, NULL, 1408473984, 1408496801, 0, 'data/files/store_27/goods_24/small_201408200947045264.jpg', 1, 31, 64, 68, 0, 0.00, '', 0.00, '', 0.00, 1408464000, 1408464000),
(129, 27, 'material', '诺贝尔 卧室客厅地毯砖6021', '<p><img src="http://rmall.net/data/files/store_27/goods_146/201408201135466844.jpg" alt="2.jpg" /><img src="http://rmall.net/data/files/store_27/goods_152/201408201135527604.jpg" alt="3.jpg" /><img src="http://rmall.net/data/files/store_27/goods_135/201408201135355247.jpg" alt="珊瑚海 瓷砖客厅地砖全抛釉地板砖800x800 仿大理石防滑釉面墙砖-tmall.jpg" /></p>', 73, '客卧主材	陶瓷	卫浴陶瓷', '诺贝尔', 0, '', '', 1, 0, 0, NULL, 1408475773, 1408477012, 0, 'data/files/store_27/goods_166/small_201408201116065869.jpg', 1, 31, 64, 73, 0, 0.00, '', 99.00, '', 0.00, 1408464000, 1408464000),
(132, 27, 'material', '诺贝尔 卧室客厅地毯砖6000', '<p><img src="http://rmall.net/data/files/store_27/goods_197/201408201559578955.jpg" alt="蒙娜丽莎罗马天韵石大地砖8FMB1003价格_报价_图片_地砖_乐e家居.jpg" /></p>', 68, '客卧主材	陶瓷	瓷片', '诺贝尔', 0, '', '', 1, 0, 0, NULL, 1408492886, 1408492886, 204, 'data/files/store_27/goods_78/small_201408201601187209.jpg', 1, 31, 64, 68, 0, 0.00, '', 160.00, '', 0.00, 1408464000, 1408464000),
(133, 27, 'material', '诺贝尔 卧室客厅地毯砖6050', '<p><img src="http://rmall.net/data/files/store_27/goods_49/201408201634102877.jpg" alt="IMG20140818151258.jpg" /><img src="http://rmall.net/data/files/store_27/goods_52/201408201634121850.jpg" alt="IMG20140818151433.jpg" /><img src="http://rmall.net/data/files/store_27/goods_55/201408201634154100.jpg" alt="IMG20140818151455.jpg" /><img src="http://rmall.net/data/files/store_27/goods_57/201408201634176933.jpg" alt="IMG20140818151648.jpg" /><img src="http://rmall.net/data/files/store_27/goods_49/201408201634091571.jpg" alt="IMG20140818151814.jpg" /><img src="http://rmall.net/data/files/store_27/goods_50/201408201634105605.jpg" alt="IMG20140818151331.jpg" /></p>', 65, '客卧主材	陶瓷	外墙砖', '诺贝尔', 0, '', '', 1, 0, 0, NULL, 1408494898, 1408494898, 205, 'data/files/store_27/goods_22/small_201408201633425250.jpg', 1, 31, 64, 65, 0, 0.00, '', 200.00, '', 0.00, 1408550400, 1408464000),
(131, 27, 'material', '诺贝尔 卧室客厅地毯砖6020', '<p><img src="http://rmall.net/data/files/store_27/goods_101/201408201511412196.jpg" alt="2.jpg" /><img src="http://rmall.net/data/files/store_27/goods_90/201408201511306842.jpg" alt="3.jpg" /><img src="http://rmall.net/data/files/store_27/goods_19/201408201513396285.jpg" alt="珊瑚海 瓷砖客厅地砖全抛釉地板砖800x800 仿大理石防滑釉面墙砖-tmall.jpg" /></p>', 68, '客卧主材	陶瓷	瓷片', '诺贝尔', 0, '', '', 1, 0, 0, NULL, 1408490035, 1408496854, 0, 'data/files/store_27/goods_54/small_201408201510549016.jpg', 1, 31, 64, 68, 0, 0.00, '', 200.00, '', 0.00, 1408464000, 1408464000),
(134, 27, 'material', '诺贝尔 卧室客厅地毯砖6044', '<p><img src="http://rmall.net/data/files/store_27/goods_172/201408201636125419.jpg" alt="IMG20140818152035.jpg" /></p>\r\n<p>&nbsp;</p>\r\n<p>&nbsp;</p>\r\n<p><img src="http://rmall.net/data/files/store_27/goods_173/201408201636139062.jpg" alt="IMG20140818151837.jpg" /></p>', 68, '客卧主材	陶瓷	瓷片', '诺贝尔', 0, '', '', 1, 0, 0, NULL, 1408495014, 1408496703, 0, 'data/files/store_27/goods_139/small_201408201635397950.jpg', 1, 31, 64, 68, 0, 0.00, '', 200.00, '', 0.00, 1408550400, 1408464000),
(135, 27, 'material', '诺贝尔 卧室客厅地毯砖6055', '<p><img src="http://rmall.net/data/files/store_27/goods_10/201408201643302641.JPG" alt="P1030504.JPG" /></p>\r\n<p><img src="http://rmall.net/data/files/store_27/goods_189/201408201646299485.jpg" alt="QQ浏览器截图_20140820164949_30590091D4B740d2B9A2176856341E42.jpg" /></p>\r\n<p>&nbsp;</p>\r\n<p><img src="http://rmall.net/data/files/store_27/goods_11/201408201643313564.JPG" alt="P1030496.JPG" /></p>\r\n<p>&nbsp;</p>\r\n<p>&nbsp;</p>\r\n<p><img src="http://rmall.net/data/files/store_27/goods_14/201408201643346139.JPG" alt="P1030503.JPG" /></p>\r\n<p>&nbsp;</p>\r\n<p>&nbsp;</p>\r\n<p><img src="http://rmall.net/data/files/store_27/goods_13/201408201643335897.JPG" alt="P1030499.JPG" /></p>\r\n<p>&nbsp;</p>\r\n<p>&nbsp;</p>\r\n<p>&nbsp;</p>\r\n<p><img src="http://rmall.net/data/files/store_27/goods_12/201408201643321466.JPG" alt="P1030497.JPG" /></p>\r\n<p>&nbsp;</p>\r\n<p>&nbsp;</p>\r\n<p>&nbsp;</p>\r\n<p><img src="http://rmall.net/data/files/store_27/goods_14/201408201643349533.JPG" alt="P1030501.JPG" /></p>\r\n<p>&nbsp;</p>\r\n<p>&nbsp;</p>\r\n<p>&nbsp;</p>\r\n<p><img src="http://rmall.net/data/files/store_27/goods_12/201408201643328683.JPG" alt="P1030498.JPG" /></p>\r\n<p>&nbsp;</p>\r\n<p>&nbsp;</p>\r\n<p>&nbsp;</p>\r\n<p><img src="http://rmall.net/data/files/store_27/goods_11/201408201643313535.JPG" alt="P1030495.JPG" /></p>\r\n<p>&nbsp;</p>\r\n<p>&nbsp;</p>\r\n<p>&nbsp;</p>', 68, '客卧主材	陶瓷	瓷片', '诺贝尔', 0, '', '', 1, 0, 0, NULL, 1408495505, 1408495664, 0, 'data/files/store_27/goods_50/small_201408201637303652.jpg', 1, 31, 64, 68, 0, 0.00, '', 160.00, '', 0.00, 1408550400, 1408464000),
(136, 18, 'material', '罗马诺尔抛光釉', '<p><img src="http://rmall.net/data/files/store_18/goods_74/201408202127543042.jpg" alt="2.jpg" /><img src="http://rmall.net/data/files/store_18/goods_60/201408202127405004.jpg" alt="地板样本.jpg" />&nbsp; &nbsp; &nbsp; &nbsp; &nbsp; &nbsp; &nbsp; &nbsp;&nbsp;&nbsp;</p>', 68, '客卧主材	陶瓷	瓷片', '罗马诺尔', 0, '', '', 1, 0, 0, NULL, 1408512498, 1411713700, 0, 'data/files/store_18/goods_104/small_201408201925042870.jpg', 1, 31, 64, 68, 0, 0.00, '', 69.00, '', 0.00, 1412121600, 1412640000),
(137, 18, 'material', '罗马诺尔抛光砖', '<p><img src="http://rmall.net/data/files/store_18/goods_17/201408202126571032.jpg" alt="2.jpg" /></p>\r\n<p><img src="http://rmall.net/data/files/store_18/goods_196/201408202129563815.jpg" alt="地板样本.jpg" /></p>', 68, '客卧主材	陶瓷	瓷片', '罗马诺尔', 0, '', '', 1, 0, 0, NULL, 1408512663, 1411713638, 0, 'data/files/store_18/goods_36/small_201408202130363059.jpg', 1, 31, 64, 68, 0, 0.00, '', 69.00, '', 0.00, 1412121600, 1412640000),
(140, 27, 'material', '诺贝尔 卧室客厅地毯砖6055', '<p><img src="http://rmall.net/data/files/store_27/goods_11/201408202153319583.jpg" alt="01.jpg" /><img src="http://rmall.net/data/files/store_27/goods_12/201408202153325349.jpg" alt="02.jpg" /><img src="http://rmall.net/data/files/store_27/goods_12/201408202153328033.jpg" alt="03.jpg" /><img src="http://rmall.net/data/files/store_27/goods_13/201408202153333474.jpg" alt="04.jpg" /><img src="http://rmall.net/data/files/store_27/goods_13/201408202153333042.jpg" alt="05.jpg" /><img src="http://rmall.net/data/files/store_27/goods_15/201408202153358721.jpg" alt="06.jpg" /><img src="http://rmall.net/data/files/store_27/goods_16/201408202153377175.jpg" alt="07.jpg" /><img src="http://rmall.net/data/files/store_27/goods_18/201408202153388199.jpg" alt="08.jpg" /><img src="http://rmall.net/data/files/store_27/goods_20/201408202153405991.jpg" alt="15.jpg" /><img src="http://rmall.net/data/files/store_27/goods_23/201408202153434059.jpg" alt="16.jpg" /><img src="http://rmall.net/data/files/store_27/goods_26/201408202153467173.jpg" alt="17.jpg" /><img src="http://rmall.net/data/files/store_27/goods_28/201408202153483878.jpg" alt="18.jpg" /><img src="http://rmall.net/data/files/store_27/goods_29/201408202153498806.jpg" alt="19.jpg" /><img src="http://rmall.net/data/files/store_27/goods_10/201408202153308847.jpg" alt="20.jpg" /></p>', 68, '客卧主材	陶瓷	瓷片', '诺贝尔', 0, '', '', 1, 0, 0, NULL, 1408514066, 1408514066, 212, 'data/files/store_27/goods_61/small_201408202154212778.jpg', 1, 31, 64, 68, 0, 0.00, '', 120.00, '', 0.00, 1408550400, 1408464000),
(141, 27, 'material', '粹美系列-WF26009/WF2609X', '<p><img src="http://rmall.net/data/files/store_27/goods_148/201408202155483672.jpg" alt="01.jpg" /><img src="http://rmall.net/data/files/store_27/goods_149/201408202155492991.jpg" alt="02.jpg" /><img src="http://rmall.net/data/files/store_27/goods_150/201408202155506312.jpg" alt="03.jpg" /><img src="http://rmall.net/data/files/store_27/goods_150/201408202155501213.jpg" alt="04.jpg" /><img src="http://rmall.net/data/files/store_27/goods_151/201408202155516876.jpg" alt="05.jpg" /><img src="http://rmall.net/data/files/store_27/goods_152/201408202155529634.jpg" alt="06.jpg" /><img src="http://rmall.net/data/files/store_27/goods_153/201408202155535958.jpg" alt="07.jpg" /><img src="http://rmall.net/data/files/store_27/goods_155/201408202155554757.jpg" alt="08.jpg" /><img src="http://rmall.net/data/files/store_27/goods_158/201408202155586203.jpg" alt="09.jpg" /><img src="http://rmall.net/data/files/store_27/goods_158/201408202155583496.jpg" alt="10.jpg" /><img src="http://rmall.net/data/files/store_27/goods_160/201408202156003530.jpg" alt="11.jpg" /><img src="http://rmall.net/data/files/store_27/goods_162/201408202156029658.jpg" alt="12.jpg" /><img src="http://rmall.net/data/files/store_27/goods_163/201408202156035610.jpg" alt="13.jpg" /><img src="http://rmall.net/data/files/store_27/goods_165/201408202156055053.jpg" alt="14.jpg" /><img src="http://rmall.net/data/files/store_27/goods_168/201408202156084109.jpg" alt="15.jpg" /><img src="http://rmall.net/data/files/store_27/goods_171/201408202156112420.jpg" alt="16.jpg" /><img src="http://rmall.net/data/files/store_27/goods_173/201408202156134525.jpg" alt="17.jpg" /><img src="http://rmall.net/data/files/store_27/goods_175/201408202156154981.jpg" alt="18.jpg" /><img src="http://rmall.net/data/files/store_27/goods_177/201408202156178027.jpg" alt="19.jpg" /><img src="http://rmall.net/data/files/store_27/goods_148/201408202155488491.jpg" alt="20.jpg" /></p>', 68, '客卧主材	陶瓷	瓷片', '诺贝尔', 0, '', '', 1, 0, 0, NULL, 1408514231, 1408514231, 213, 'data/files/store_27/goods_9/small_201408202153294687.jpg', 1, 31, 64, 68, 0, 0.00, '', 120.00, '', 0.00, 1408550400, 1408464000),
(142, 27, 'material', '地砖12', '', 68, '客卧主材	陶瓷	瓷片', '东鹏', 2, '颜色', '尺码', 1, 0, 0, NULL, 1408558011, 1409072582, 214, 'data/files/store_27/goods_153/small_201408211005539086.jpg', 1, 31, 64, 68, 0, 0.00, '', 120.00, '', 0.00, 0, 0),
(143, 27, 'material', '白石26009S', '<p><img src="http://rmall.net/data/files/store_27/goods_23/201408211723432527.jpg" alt="白石26009S2.jpg" /><img src="http://rmall.net/data/files/store_27/goods_20/201408211723406319.jpg" alt="白石26009S1.jpg" /><img src="http://rmall.net/data/files/store_27/goods_19/201408211723395006.jpg" alt="白石26009S.jpg" /><img src="http://rmall.net/data/files/store_27/goods_31/201408211723514673.jpg" alt="15.jpg" /><img src="http://rmall.net/data/files/store_27/goods_35/201408211723557772.jpg" alt="16.jpg" /><img src="http://rmall.net/data/files/store_27/goods_42/201408211724023169.jpg" alt="17.jpg" /><img src="http://rmall.net/data/files/store_27/goods_45/201408211724051851.jpg" alt="18.jpg" /><img src="http://rmall.net/data/files/store_27/goods_48/201408211724088225.jpg" alt="19.jpg" /><img src="http://rmall.net/data/files/store_27/goods_18/201408211723381131.jpg" alt="20.jpg" /></p>', 68, '客卧主材	陶瓷	瓷片', '诺贝尔', 0, '', '', 1, 0, 0, NULL, 1408584318, 1408584318, 215, 'data/files/store_27/goods_115/small_201408211725154416.jpg', 1, 31, 64, 68, 0, 46.00, '', 46.00, '', 27.00, 1408636800, 1408550400),
(144, 27, 'material', '75406S', '<p><img src="http://rmall.net/data/files/store_27/goods_48/201408211727282754.jpg" alt="75604S.jpg" /><img src="http://rmall.net/data/files/store_27/goods_50/201408211727305469.jpg" alt="75604S1.jpg" /><img src="http://rmall.net/data/files/store_27/goods_52/201408211727328550.jpg" alt="75604S2.jpg" /><img src="http://rmall.net/data/files/store_27/goods_53/201408211727334187.jpg" alt="15.jpg" /><img src="http://rmall.net/data/files/store_27/goods_56/201408211727366428.jpg" alt="16.jpg" /><img src="http://rmall.net/data/files/store_27/goods_59/201408211727398151.jpg" alt="17.jpg" /><img src="http://rmall.net/data/files/store_27/goods_40/201408211727208233.jpg" alt="18.jpg" /><img src="http://rmall.net/data/files/store_27/goods_41/201408211727215989.jpg" alt="19.jpg" /><img src="http://rmall.net/data/files/store_27/goods_46/201408211727267726.jpg" alt="20.jpg" /></p>', 68, '客卧主材	陶瓷	瓷片', '诺贝尔', 0, '', '', 1, 0, 0, NULL, 1408584515, 1408584515, 216, 'data/files/store_27/goods_112/small_201408211728322998.jpg', 1, 31, 64, 68, 0, 0.00, '', 248.00, '', 0.00, 1408636800, 1408550400),
(145, 27, 'material', '26010S', '<p><img src="http://rmall.net/data/files/store_27/goods_2/201408211730026909.jpg" alt="26010S.jpg" /><img src="http://rmall.net/data/files/store_27/goods_5/201408211730053342.jpg" alt="26010S1.jpg" /><img src="http://rmall.net/data/files/store_27/goods_8/201408211730082896.jpg" alt="15.jpg" /><img src="http://rmall.net/data/files/store_27/goods_10/201408211730101385.jpg" alt="16.jpg" /><img src="http://rmall.net/data/files/store_27/goods_12/201408211730127521.jpg" alt="17.jpg" /><img src="http://rmall.net/data/files/store_27/goods_14/201408211730146288.jpg" alt="18.jpg" /><img src="http://rmall.net/data/files/store_27/goods_16/201408211730169890.jpg" alt="19.jpg" /><img src="http://rmall.net/data/files/store_27/goods_0/201408211730008770.jpg" alt="20.jpg" /></p>', 68, '客卧主材	陶瓷	瓷片', '诺贝尔', 0, '', '', 1, 0, 0, NULL, 1408584733, 1408584733, 217, 'data/files/store_27/goods_177/small_201408211729371424.jpg', 1, 31, 64, 68, 0, 0.00, '', 208.00, '', 0.00, 1408636800, 1408550400),
(146, 27, 'material', 'WF26010', '<p><img src="http://rmall.net/data/files/store_27/goods_16/201408211733369431.jpg" alt="WF26010.jpg" /><img src="http://rmall.net/data/files/store_27/goods_10/201408211733305542.jpg" alt="WF260102.jpg" /><img src="http://rmall.net/data/files/store_27/goods_18/201408211733387049.jpg" alt="WF260101.jpg" /><img src="http://rmall.net/data/files/store_27/goods_28/201408211733481833.jpg" alt="15.jpg" /><img src="http://rmall.net/data/files/store_27/goods_43/201408211734034669.jpg" alt="16.jpg" /><img src="http://rmall.net/data/files/store_27/goods_22/201408211733426622.jpg" alt="20.jpg" /></p>', 68, '客卧主材	陶瓷	瓷片', '诺贝尔', 0, '', '', 1, 0, 0, NULL, 1408584902, 1408584902, 218, 'data/files/store_27/goods_117/small_201408211731578411.jpg', 1, 31, 64, 68, 0, 56.00, '', 56.00, '', 25.00, 1408636800, 1408550400),
(147, 27, 'material', 'WF26010', '<p><img src="http://rmall.net/data/files/store_27/goods_16/201408211733369431.jpg" alt="WF26010.jpg" /><img src="http://rmall.net/data/files/store_27/goods_10/201408211733305542.jpg" alt="WF260102.jpg" /><img src="http://rmall.net/data/files/store_27/goods_18/201408211733387049.jpg" alt="WF260101.jpg" /><img src="http://rmall.net/data/files/store_27/goods_28/201408211733481833.jpg" alt="15.jpg" /><img src="http://rmall.net/data/files/store_27/goods_43/201408211734034669.jpg" alt="16.jpg" /><img src="http://rmall.net/data/files/store_27/goods_22/201408211733426622.jpg" alt="20.jpg" /></p>', 68, '客卧主材	陶瓷	瓷片', '诺贝尔', 0, '', '', 1, 0, 0, NULL, 1408584906, 1408584906, 219, 'data/files/store_27/goods_117/small_201408211731578411.jpg', 1, 31, 64, 68, 0, 56.00, '', 56.00, '', 25.00, 1408636800, 1408550400),
(148, 27, 'material', 'W63173', '<p><img src="http://rmall.net/data/files/store_27/goods_31/201408211737116836.jpg" alt="W63173.jpg" /><img src="http://rmall.net/data/files/store_27/goods_32/201408211737128154.jpg" alt="W631731.jpg" /><img src="http://rmall.net/data/files/store_27/goods_35/201408211737155271.jpg" alt="W631732.jpg" /><img src="http://rmall.net/data/files/store_27/goods_36/201408211737162290.jpg" alt="15.jpg" /><img src="http://rmall.net/data/files/store_27/goods_37/201408211737171844.jpg" alt="16.jpg" /><img src="http://rmall.net/data/files/store_27/goods_41/201408211737219506.jpg" alt="17.jpg" /><img src="http://rmall.net/data/files/store_27/goods_43/201408211737236361.jpg" alt="18.jpg" /><img src="http://rmall.net/data/files/store_27/goods_44/201408211737245479.jpg" alt="19.jpg" /><img src="http://rmall.net/data/files/store_27/goods_30/201408211737107523.jpg" alt="20.jpg" /></p>', 68, '客卧主材	陶瓷	瓷片', '诺贝尔', 0, '', '', 1, 0, 0, NULL, 1408585065, 1408585065, 220, 'data/files/store_27/goods_10/small_201408211736507718.jpg', 1, 31, 64, 68, 0, 52.00, '', 52.00, '', 27.00, 1408636800, 1408550400),
(149, 27, 'material', '26008S', '<p><img src="http://rmall.net/data/files/store_27/goods_185/201408211739458208.jpg" alt="26008S.jpg" /><img src="http://rmall.net/data/files/store_27/goods_185/201408211739459861.jpg" alt="26008S1.jpg" /><img src="http://rmall.net/data/files/store_27/goods_173/201408211739337194.jpg" alt="26008S2.jpg" /><img src="http://rmall.net/data/files/store_27/goods_175/201408211739355008.jpg" alt="16.jpg" /><img src="http://rmall.net/data/files/store_27/goods_177/201408211739374698.jpg" alt="17.jpg" /><img src="http://rmall.net/data/files/store_27/goods_178/201408211739385402.jpg" alt="18.jpg" /><img src="http://rmall.net/data/files/store_27/goods_179/201408211739395170.jpg" alt="19.jpg" /><img src="http://rmall.net/data/files/store_27/goods_182/201408211739421007.jpg" alt="20.jpg" /></p>', 68, '客卧主材	陶瓷	瓷片', '诺贝尔', 0, '', '', 1, 0, 0, NULL, 1408585222, 1408585222, 221, 'data/files/store_27/goods_161/small_201408211739216789.jpg', 1, 31, 64, 68, 0, 180.00, '', 180.00, '', 0.00, 1408636800, 1408550400),
(150, 27, 'material', '26008X', '<p><img src="http://rmall.net/data/files/store_27/goods_50/201408211744107083.jpg" alt="26008S.jpg" /><img src="http://rmall.net/data/files/store_27/goods_50/201408211744102457.jpg" alt="26008S1.jpg" /><img src="http://rmall.net/data/files/store_27/goods_39/201408211743599050.jpg" alt="26008S2.jpg" /><img src="http://rmall.net/data/files/store_27/goods_41/201408211744019141.jpg" alt="15.jpg" /><img src="http://rmall.net/data/files/store_27/goods_43/201408211744037897.jpg" alt="16.jpg" /><img src="http://rmall.net/data/files/store_27/goods_44/201408211744043689.jpg" alt="17.jpg" /><img src="http://rmall.net/data/files/store_27/goods_46/201408211744064554.jpg" alt="18.jpg" /><img src="http://rmall.net/data/files/store_27/goods_47/201408211744078320.jpg" alt="19.jpg" /><img src="http://rmall.net/data/files/store_27/goods_47/201408211744072064.jpg" alt="20.jpg" /></p>', 68, '客卧主材	陶瓷	瓷片', '诺贝尔', 0, '', '', 1, 0, 0, NULL, 1408585469, 1408585469, 222, 'data/files/store_27/goods_17/small_201408211743377525.jpg', 1, 31, 64, 68, 0, 62.00, '', 62.00, '', 0.00, 1408636800, 1408550400),
(151, 27, 'material', 'WF26008测试', '<p><img src="http://rmall.net/data/files/store_27/goods_185/201408211746258666.jpg" alt="WF26010.jpg" /><img src="http://rmall.net/data/files/store_27/goods_185/201408211746259940.jpg" alt="WF2600PX.jpg" /><img src="http://rmall.net/data/files/store_27/goods_184/201408211746242262.jpg" alt="Wf2600pk.jpg" /><img src="http://rmall.net/data/files/store_27/goods_186/201408211746266960.jpg" alt="15.jpg" /><img src="http://rmall.net/data/files/store_27/goods_188/201408211746282058.jpg" alt="16.jpg" /><img src="http://rmall.net/data/files/store_27/goods_192/201408211746326735.jpg" alt="17.jpg" /><img src="http://rmall.net/data/files/store_27/goods_194/201408211746344300.jpg" alt="18.jpg" /><img src="http://rmall.net/data/files/store_27/goods_196/201408211746364759.jpg" alt="19.jpg" /><img src="http://rmall.net/data/files/store_27/goods_180/201408211746216621.jpg" alt="20.jpg" /></p>', 68, '客卧主材	陶瓷	瓷片', '诺贝尔', 0, '', '', 1, 0, 0, NULL, 1408585643, 1409072213, 27, 'data/files/store_27/goods_148/small_201408211745484619.jpg', 1, 31, 64, 68, 0, 56.00, '', 56.00, '', 27.00, 1408636800, 1408550400),
(152, 27, 'material', 'RS807761', '<p><img src="http://rmall.net/data/files/store_27/goods_13/201408211833335213.jpg" alt="rs80787.jpg" /><img src="http://rmall.net/data/files/store_27/goods_14/201408211833347143.jpg" alt="rs807871.jpg" /><img src="http://rmall.net/data/files/store_27/goods_2/201408211833228716.jpg" alt="rs807872.jpg" /><img src="http://rmall.net/data/files/store_27/goods_3/201408211833238856.jpg" alt="15.jpg" /><img src="http://rmall.net/data/files/store_27/goods_4/201408211833242677.jpg" alt="16.jpg" /><img src="http://rmall.net/data/files/store_27/goods_7/201408211833276708.jpg" alt="17.jpg" /><img src="http://rmall.net/data/files/store_27/goods_7/201408211833271000.jpg" alt="18.jpg" /><img src="http://rmall.net/data/files/store_27/goods_9/201408211833292065.jpg" alt="19.jpg" /><img src="http://rmall.net/data/files/store_27/goods_11/201408211833313844.jpg" alt="20.jpg" /></p>', 68, '客卧主材	陶瓷	瓷片', '诺贝尔', 0, '', '', 1, 0, 0, NULL, 1408588435, 1409071995, 0, 'data/files/store_27/goods_19/small_201408211753399426.jpg', 1, 31, 64, 68, 0, 309.00, '', 309.00, '', 0.00, 1408636800, 1408550400),
(153, 2, 'material', '测试商品22110', '<p>四大擦伤1<img src="http://rmall.net/data/files/store_2/goods_49/201408221140495501.jpg" alt="lunbo1.jpg" /></p>', 4, '厨卫主材	厨具	厨房电器', '苏泊尔', 2, '颜色', '尺码', 1, 0, 0, NULL, 1408650061, 1409072034, 225, 'data/files/store_2/goods_39/small_201408221140399758.jpg', 1, 1, 2, 4, 0, 0.00, '', 210.00, '', 0.00, 0, 0),
(214, 42, 'material', '海尔 BCD-305WBSJ 305升四门冰箱变频风冷无霜冰箱', '<p><img src="http://rmall.net/data/files/store_42/goods_62/201409230954239535.jpg" alt="1.jpg" /></p>', 269, '家用电器	大家电	冰箱/冰柜', '海尔', 0, '', '', 1, 0, 0, NULL, 1411466084, 1411466084, 289, 'data/files/store_42/goods_62/small_201409230954221786.jpg', 1, 27, 29, 269, 0, 4999.00, '', 4699.00, '', 4499.00, 1412121600, 1412640000),
(164, 23, 'material', '森顿白色欧式家居  床', '<p><img src="http://rmall.net/data/files/store_23/goods_68/201409051254283732.jpg" alt="森顿10.jpg" /><img src="http://rmall.net/data/files/store_23/goods_58/201409051254187093.jpg" alt="森顿11.jpg" /></p>', 403, '客卧主材	家具	卧室家具', '森顿', 0, '', '', 1, 0, 0, NULL, 1409864242, 1411539200, 7800, 'data/files/store_23/goods_140/small_201409051252208347.jpg', 1, 31, 256, 403, 0, 16000.00, '', 7800.00, '', 0.00, 1412121600, 1412640000),
(165, 23, 'material', '森顿复古式床 白色', '<p><img src="http://rmall.net/data/files/store_23/goods_24/201409051320247015.jpg" alt="森顿31.jpg" /><img src="http://rmall.net/data/files/store_23/goods_11/201409051320115767.jpg" alt="森顿32.jpg" /></p>', 403, '客卧主材	家具	卧室家具', '森顿', 0, '', '', 1, 0, 0, NULL, 1409865637, 1411539232, 0, 'data/files/store_23/goods_186/small_201409051319466216.jpg', 1, 31, 256, 403, 0, 0.00, '', 2600.00, '', 0.00, 1412121600, 1412640000),
(166, 23, 'material', '森顿沙发', '<p><img src="http://rmall.net/data/files/store_23/goods_172/201409061046124073.jpg" alt="森顿沙发2.jpg" /><img src="http://rmall.net/data/files/store_23/goods_196/201409061046369530.jpg" alt="森顿沙发1.jpg" /></p>', 403, '客卧主材	家具	卧室家具', '森顿', 0, '', '', 1, 0, 0, NULL, 1409942969, 1409942969, 240, 'data/files/store_23/goods_165/small_201409061049256259.jpg', 1, 31, 256, 403, 0, 0.00, '', 4200.00, '', 0.00, 1409932800, 1409932800),
(167, 33, 'material', '智能指纹锁', '<p><span style="color: #333333; line-height: 22px;"><span style="font-family: mceinline;">&nbsp; &nbsp; 物联密码卡锁，支持新一代ZigBee/SmartRoom功能，可根据用户需要选择不同安装环境，无线组网，安装简单方便，高级别安全系数、精密的内部设计为您的人身财产保驾护航，无论是谁开锁、上锁、反锁，都可以通过智能终端获知。</span></span></p>\r\n<p><span style="color: #404040; font-family: ''Microsoft YaHei'', Arial; font-size: 17px; line-height: 40px;">支持ZigBee智能家居协议；</span></p>\r\n<p style="color: #404040; font-family: ''Microsoft YaHei'', Arial; font-size: 17px; line-height: 40px;">全球领先加密技术，为家居安全保驾护航；</p>\r\n<p style="color: #404040; font-family: ''Microsoft YaHei'', Arial; font-size: 17px; line-height: 40px;">可通过移动智能终端，远程控制设备；</p>\r\n<p style="color: #404040; font-family: ''Microsoft YaHei'', Arial; font-size: 17px; line-height: 40px;">无线布控，安装简单方便；</p>', 304, '智能家居	安防系统	电锁门禁', 'wulian', 0, '', '', 1, 0, 0, NULL, 1409943730, 1410318730, 0, 'data/files/store_33/goods_168/small_201409061059286699.png', 1, 208, 216, 304, 0, 10.00, '', 5603.00, ',新乡物联,智能家居,指纹锁,', 10.00, 1409932800, 1409932800),
(159, 27, 'material', 'testresa', '<p>scacsads</p>', 8, '厨卫主材	厨具	厨房配件', '', 2, '颜色', '尺码', 1, 0, 0, NULL, 1409691029, 1409691079, 232, '', 1, 1, 2, 8, 0, 0.00, '', 900.00, '', 0.00, 0, 0),
(160, 35, 'material', '三菱重工 SRKMB25HVBS 1匹 挂壁式冷暖变频空调', '<p><img src="http://rmall.net/data/files/store_35/goods_141/201409031632215948.jpg" alt="kong01.jpg" /><img src="http://rmall.net/data/files/store_35/goods_138/201409031632189970.jpg" alt="kong02.jpg" /></p>', 268, '家用电器	大家电	空调', '三菱重工', 0, '', '', 1, 0, 0, NULL, 1409704358, 1409704442, 5280, 'data/files/store_35/goods_35/small_201409031633551952.jpg', 1, 27, 29, 268, 0, 6500.00, '', 5880.00, '', 5280.00, 1409760000, 1409673600),
(161, 35, 'material', '三菱重工 SRKMB25HVBS 1匹 挂壁式冷暖变频空调', '<p><img src="http://rmall.net/data/files/store_35/goods_135/201409031635356554.jpg" alt="kong01.jpg" /><img src="http://rmall.net/data/files/store_35/goods_132/201409031635328620.jpg" alt="kong02.jpg" /></p>', 268, '家用电器	大家电	空调', '三菱重工', 0, '', '', 1, 0, 0, NULL, 1409704570, 1409704570, 235, 'data/files/store_35/goods_163/small_201409031636031892.jpg', 1, 27, 29, 268, 0, 6500.00, '', 5880.00, '', 5280.00, 1409760000, 1412006400),
(162, 35, 'material', '三菱重工 SRKAJ35HVB 1.5匹 挂壁式冷暖变频空调', '<p><img src="http://rmall.net/data/files/store_35/goods_187/201409031646272411.jpg" alt="kong11.jpg" /></p>', 268, '家用电器	大家电	空调', '三菱重工', 0, '', '', 1, 0, 0, NULL, 1409705280, 1409705280, 236, 'data/files/store_35/goods_68/small_201409031647482593.jpg', 1, 27, 29, 268, 0, 6980.00, '', 6580.00, '', 5299.00, 1409760000, 1412006400),
(163, 35, 'material', '三菱重工 SRFGB50H1VBG 2匹 立柜式冷暖变频空调', '<p><img src="http://rmall.net/data/files/store_35/goods_41/201409031650418614.jpg" alt="kong21.jpg" /><img src="http://rmall.net/data/files/store_35/goods_23/201409031650238840.jpg" alt="kong22.jpg" /></p>', 268, '家用电器	大家电	空调', '三菱重工', 0, '', '', 1, 0, 0, NULL, 1409705517, 1409705517, 237, 'data/files/store_35/goods_111/small_201409031651511662.jpg', 1, 27, 29, 268, 0, 0.00, '', 13500.00, '', 0.00, 1409760000, 1409673600),
(168, 33, 'material', '智能网关', '<p style="color: #333333; font-family: ''Microsoft YaHei'', Arial; line-height: 22px;">WL- GW-A物联无线网关，是一款基于ZigBee/SmartRoom 协议的通信设备，提供标准的以太网接口，可以将ZigBee/SmartRoom无线网络连接到局域网或互联网中。</p>\r\n<p style="color: #333333; font-family: ''Microsoft YaHei'', Arial; line-height: 22px;">通过物联无线网关的连接，可以方便用户使用各种移动智能终端，轻松控制任何基于ZigBee/SmartRoom协议的产品，实现无线数据高速、安全、可靠传输。</p>\r\n<p style="color: #333333; font-family: ''Microsoft YaHei'', Arial; line-height: 22px;">本产品在物联网领域有着广泛的应用，是ZigBee/SmartRoom网络协议的核心产品。</p>\r\n<p style="color: #404040; font-family: ''Microsoft YaHei'', Arial; font-size: 17px; line-height: 40px;">&nbsp;</p>\r\n<p style="color: #404040; font-family: ''Microsoft YaHei'', Arial; font-size: 17px; line-height: 40px;">&nbsp; &nbsp; &nbsp; &nbsp;支持ZigBee/SmartRoom HA协议</p>\r\n<p style="color: #404040; font-family: ''Microsoft YaHei'', Arial; font-size: 17px; line-height: 40px;">ZigBee/SmartRoom设备类型：协调器</p>\r\n<p style="color: #404040; font-family: ''Microsoft YaHei'', Arial; font-size: 17px; line-height: 40px;">通过专用软件保存和运行设置</p>\r\n<p style="color: #404040; font-family: ''Microsoft YaHei'', Arial; font-size: 17px; line-height: 40px;">智能接入，安全可靠</p>\r\n<p style="color: #404040; font-family: ''Microsoft YaHei'', Arial; font-size: 17px; line-height: 40px;">结构简单、使用方便</p>\r\n<p style="color: #404040; font-family: ''Microsoft YaHei'', Arial; font-size: 17px; line-height: 40px;">外观时尚典雅，适合于多种应用场所</p>', 289, '智能家居	控制主机	电器控制系统', 'wulian', 0, '', '', 1, 0, 0, NULL, 1409945447, 1410318667, 0, 'data/files/store_33/goods_175/small_201409061129357718.jpg', 1, 208, 213, 289, 0, 10.00, '', 5785.00, ',新乡物联,智能家居,网关,', 0.00, 1409932800, 1409932800),
(193, 33, 'material', '小区门禁系统', '<p style="color: #404040; font-family: ''Microsoft YaHei'', Arial; font-size: 17px; line-height: 40px;">符合ZigBee/SmartRoom HA 标准，可与任何授权ZigBee/SmartRoom设备绑定联动</p>\r\n<p style="color: #404040; font-family: ''Microsoft YaHei'', Arial; font-size: 17px; line-height: 40px;">无线遥控，无需停车,无需开窗即可打开抬杆，不受恶劣天气、风雪雷雨影响</p>\r\n<p style="color: #404040; font-family: ''Microsoft YaHei'', Arial; font-size: 17px; line-height: 40px;">可手动按钮控制&lsquo;升&rsquo;、&lsquo;降&rsquo;及&lsquo;停&rsquo;</p>\r\n<p style="color: #404040; font-family: ''Microsoft YaHei'', Arial; font-size: 17px; line-height: 40px;">可完全脱离遥控器，允许用户通过授权手机开启抬杆</p>\r\n<p style="color: #404040; font-family: ''Microsoft YaHei'', Arial; font-size: 17px; line-height: 40px;">停电自动解锁，停电后可手动抬杆</p>\r\n<p style="color: #404040; font-family: ''Microsoft YaHei'', Arial; font-size: 17px; line-height: 40px;">具有便于维护与调试的&lsquo;自检模式&rsquo;</p>\r\n<p style="color: #404040; font-family: ''Microsoft YaHei'', Arial; font-size: 17px; line-height: 40px;">通过选配相关传感器，可以具备&ldquo;车过自动落闸&rdquo;，&ldquo;防砸车&rdquo;或&ldquo;冲闸自动抬杆&rdquo;功能</p>\r\n<p style="color: #404040; font-family: ''Microsoft YaHei'', Arial; font-size: 17px; line-height: 40px;">所有控制动作全部记录在云端，便于事件溯源处理</p>\r\n<p style="color: #404040; font-family: ''Microsoft YaHei'', Arial; font-size: 17px; line-height: 40px;">支持NFC控制</p>', 290, '智能家居	控制主机	智能家居软件', 'wulian', 0, '', '', 1, 0, 0, NULL, 1410393954, 1410393954, 268, 'data/files/store_33/goods_53/small_201409111604137975.jpg', 1, 208, 213, 290, 0, 0.00, '', 1.00, ',门禁,', 0.00, 1410451200, 1410364800);
INSERT INTO `ecm_goods` (`goods_id`, `store_id`, `type`, `goods_name`, `description`, `cate_id`, `cate_name`, `brand`, `spec_qty`, `spec_name_1`, `spec_name_2`, `if_show`, `if_seckill`, `closed`, `close_reason`, `add_time`, `last_update`, `default_spec`, `default_image`, `recommended`, `cate_id_1`, `cate_id_2`, `cate_id_3`, `cate_id_4`, `market_price`, `discount`, `price`, `tags`, `active_price`, `active_start_time`, `active_end_time`) VALUES
(194, 33, 'material', '物联自动机械手', '<p style="color: #404040; font-family: ''Microsoft YaHei'', Arial; font-size: 17px; line-height: 40px;">安装简单，无需布线；</p>\r\n<p style="color: #404040; font-family: ''Microsoft YaHei'', Arial; font-size: 17px; line-height: 40px;">操作方便，易学易懂；</p>\r\n<p style="color: #404040; font-family: ''Microsoft YaHei'', Arial; font-size: 17px; line-height: 40px;">加工精密，确保气密性和安全性；</p>\r\n<p style="color: #404040; font-family: ''Microsoft YaHei'', Arial; font-size: 17px; line-height: 40px;">与可燃气泄漏探测器相连，发现燃气泄漏即自动关闭，警情排除，自动复位</p>', 291, '智能家居	控制主机	厨卫电视系统', 'wulian', 0, '', '', 1, 0, 0, NULL, 1410394342, 1410394342, 269, 'data/files/store_33/goods_29/small_201409111607095600.jpg', 1, 208, 213, 291, 0, 0.00, '', 1.00, ',智能控制,', 0.00, 1410451200, 1410364800),
(195, 33, 'material', '物联无线针孔摄像头', '<p style="color: #404040; font-family: ''Microsoft YaHei'', Arial; font-size: 17px; line-height: 40px;">支持ZigBee协议；</p>\r\n<p style="color: #404040; font-family: ''Microsoft YaHei'', Arial; font-size: 17px; line-height: 40px;">外形小巧，利于携带，隐蔽性极高；</p>\r\n<p style="color: #404040; font-family: ''Microsoft YaHei'', Arial; font-size: 17px; line-height: 40px;">通过移动智能终端，随时随地控制。</p>', 302, '智能家居	安防系统	视频监控', 'wulian', 0, '', '', 1, 0, 0, NULL, 1410394492, 1410394492, 270, 'data/files/store_33/goods_13/small_201409111613331508.jpg', 1, 208, 216, 302, 0, 0.00, '', 1.00, ',摄像头,', 0.00, 1410451200, 1410364800),
(196, 33, 'material', '无线云摄像机02型（Cloud CAM）', '<p style="color: #404040; font-family: ''Microsoft YaHei'', Arial; font-size: 17px; line-height: 40px;">支持IEEE 802.11b/g与 WiFi无线网络；</p>\r\n<p style="color: #404040; font-family: ''Microsoft YaHei'', Arial; font-size: 17px; line-height: 40px;">支持移动智能终端远程实时监看、调整监控角度；</p>\r\n<p style="color: #404040; font-family: ''Microsoft YaHei'', Arial; font-size: 17px; line-height: 40px;">支持移动智能终端直接设置WiFi，无需电脑操作；</p>\r\n<p style="color: #404040; font-family: ''Microsoft YaHei'', Arial; font-size: 17px; line-height: 40px;">智能化设计，为您免除摄像机繁琐的配置，通电即可使用；</p>\r\n<p style="color: #404040; font-family: ''Microsoft YaHei'', Arial; font-size: 17px; line-height: 40px;">支持移动智能终端与摄像机双向语音对讲；</p>\r\n<p style="color: #404040; font-family: ''Microsoft YaHei'', Arial; font-size: 17px; line-height: 40px;">无线方式，安装方便灵活，不需布设视频线和网络线；</p>\r\n<p style="color: #404040; font-family: ''Microsoft YaHei'', Arial; font-size: 17px; line-height: 40px;">支持移动智能终端录像回放（此功能选配）。</p>', 302, '智能家居	安防系统	视频监控', 'wulian', 0, '', '', 1, 0, 0, NULL, 1410394734, 1410394734, 271, 'data/files/store_33/goods_167/small_201409111616077559.jpg', 1, 208, 216, 302, 0, 0.00, '', 1.00, ',摄像头,', 0.00, 1410451200, 1410364800),
(170, 33, 'material', '智能家居10888优惠套餐', '<div id="description" class="J_DetailSection tshop-psm tshop-psm-bdetaildes" style="margin: 0px; padding: 0px; width: auto; color: #404040; font-family: tahoma, arial, 微软雅黑, sans-serif; line-height: 18px;">\r\n<div class="content ke-post" style="margin: 10px 0px 0px; padding: 0px; font-size: 14px; line-height: 1.5; font-family: tahoma, arial, 宋体, sans-serif; width: 790px; overflow: hidden; height: auto;"><br /> <img id="desc-module-2" class="desc_anchor" style="height: 1px; display: block; clear: both; vertical-align: top;" src="http://a.tbcdn.cn/kissy/1.0.0/build/imglazyload/spaceball.gif" alt="" />\r\n<p style="margin-top: 1.12em; margin-bottom: 1.12em; line-height: 1.4;"><a style="margin: 0px; padding: 0px; text-decoration: none; color: #3355aa; outline: 0px;" href="http://detail.tmall.com/item.htm?spm=a220z.1000880.0.0.A6aSMM&amp;id=36441481034" target="_blank"><img style="vertical-align: top; float: none;" src="http://img04.taobaocdn.com/imgextra/i4/1895535209/TB24PMvXVXXXXXMXXXXXXXXXXXX-1895535209.jpg_.webp" alt="" align="absmiddle" /></a><a style="margin: 0px; padding: 0px; color: #3355aa; outline: 0px;" href="http://detail.tmall.com/item.htm?spm=a220z.1000880.0.0.A6aSMM&amp;id=36441481034" target="_blank"><img style="vertical-align: top; float: none;" src="http://img01.taobaocdn.com/imgextra/i1/1895535209/TB2a.AqXVXXXXbiXpXXXXXXXXXX-1895535209.jpg_.webp" alt="" align="absmiddle" /></a><a style="margin: 0px; padding: 0px; color: #3355aa; outline: 0px;" href="http://detail.tmall.com/item.htm?spm=a220z.1000880.0.0.A6aSMM&amp;id=36441481034" target="_blank"><img style="vertical-align: top; float: none;" src="http://img04.taobaocdn.com/imgextra/i4/1895535209/TB2hfsvXVXXXXXsXXXXXXXXXXXX-1895535209.jpg_.webp" alt="" align="absmiddle" /></a><img style="vertical-align: top; float: none;" src="http://img01.taobaocdn.com/imgextra/i1/1895535209/TB284QtXVXXXXcSXXXXXXXXXXXX-1895535209.jpg_.webp" alt="" align="absmiddle" /><img style="vertical-align: top; float: none;" src="http://img03.taobaocdn.com/imgextra/i3/1895535209/TB2jFstXVXXXXcVXXXXXXXXXXXX-1895535209.jpg_.webp" alt="" align="absmiddle" /><img style="vertical-align: top; float: none;" src="http://img04.taobaocdn.com/imgextra/i4/1895535209/TB2YxwvXVXXXXbXXXXXXXXXXXXX-1895535209.jpg_.webp" alt="" align="absmiddle" /><img style="vertical-align: top; float: none;" src="http://img03.taobaocdn.com/imgextra/i3/1895535209/TB2aVgtXVXXXXXTXpXXXXXXXXXX-1895535209.jpg_.webp" alt="" align="absmiddle" /><img style="vertical-align: top; float: none;" src="http://img01.taobaocdn.com/imgextra/i1/1895535209/TB2iPwuXVXXXXbmXXXXXXXXXXXX-1895535209.jpg_.webp" alt="" align="absmiddle" /><img style="vertical-align: top; float: none;" src="http://img04.taobaocdn.com/imgextra/i4/1895535209/TB20vwtXVXXXXcbXXXXXXXXXXXX-1895535209.jpg_.webp" alt="" align="absmiddle" /><img style="vertical-align: top; float: none;" src="http://img04.taobaocdn.com/imgextra/i4/1895535209/TB24.IrXVXXXXaOXpXXXXXXXXXX-1895535209.jpg_.webp" alt="" align="absmiddle" /><img style="vertical-align: top; float: none;" src="http://img04.taobaocdn.com/imgextra/i4/1895535209/T23XweXLxXXXXXXXXX-1895535209.jpg_.webp" alt="" align="absmiddle" /></p>\r\n<img id="desc-module-3" class="desc_anchor" style="height: 1px; display: block; clear: both; vertical-align: top;" src="http://a.tbcdn.cn/kissy/1.0.0/build/imglazyload/spaceball.gif" alt="" />\r\n<p style="margin-top: 1.12em; margin-bottom: 1.12em; line-height: 1.4;"><img style="vertical-align: top; float: none;" src="http://img02.taobaocdn.com/imgextra/i2/1895535209/T2Q5EiXHxXXXXXXXXX-1895535209.jpg_.webp" alt="" align="absmiddle" /><img style="vertical-align: top; float: none;" src="http://img03.taobaocdn.com/imgextra/i3/1895535209/T2MVIiXLhXXXXXXXXX-1895535209.jpg_.webp" alt="" align="absmiddle" /><img style="vertical-align: top; float: none;" src="http://img03.taobaocdn.com/imgextra/i3/1895535209/T2PvIhXNFXXXXXXXXX-1895535209.jpg_.webp" alt="" align="absmiddle" /><img style="vertical-align: top; float: none;" src="http://img01.taobaocdn.com/imgextra/i1/1895535209/T2anMgXGNaXXXXXXXX-1895535209.jpg_.webp" alt="" align="absmiddle" /><img style="vertical-align: top; float: none;" src="http://img04.taobaocdn.com/imgextra/i4/1895535209/T2OGwiXLlXXXXXXXXX-1895535209.jpg_.webp" alt="" align="absmiddle" /><img style="vertical-align: top; float: none;" src="http://img04.taobaocdn.com/imgextra/i4/1895535209/T2zT.hXLRXXXXXXXXX-1895535209.jpg_.webp" alt="" align="absmiddle" /><img style="vertical-align: top; float: none;" src="http://img01.taobaocdn.com/imgextra/i1/1895535209/T2oLsgXIBaXXXXXXXX-1895535209.jpg_.webp" alt="" align="absmiddle" /><img style="vertical-align: top; float: none;" src="http://img03.taobaocdn.com/imgextra/i3/1895535209/T2oGoiXJJXXXXXXXXX-1895535209.jpg_.webp" alt="" align="absmiddle" /><img style="vertical-align: top; float: none;" src="http://img01.taobaocdn.com/imgextra/i1/1895535209/T2CMohXQ8XXXXXXXXX-1895535209.jpg_.webp" alt="" align="absmiddle" /><img style="vertical-align: top; float: none;" src="http://img01.taobaocdn.com/imgextra/i1/1895535209/T2PdcdXS8aXXXXXXXX-1895535209.jpg_.webp" alt="" align="absmiddle" /><img style="vertical-align: top; float: none;" src="http://img02.taobaocdn.com/imgextra/i2/1895535209/T27JIhXR0XXXXXXXXX-1895535209.jpg_.webp" alt="" align="absmiddle" /><img style="vertical-align: top; float: none;" src="http://img02.taobaocdn.com/imgextra/i2/1895535209/T20GEkXIdXXXXXXXXX-1895535209.jpg_.webp" alt="" align="absmiddle" /><img style="vertical-align: top; float: none;" src="http://img01.taobaocdn.com/imgextra/i1/1895535209/T21O3cXOhaXXXXXXXX-1895535209.jpg_.webp" alt="" align="absmiddle" /><img style="vertical-align: top; float: none;" src="http://img02.taobaocdn.com/imgextra/i2/1895535209/T23FogXJhaXXXXXXXX-1895535209.jpg_.webp" alt="" align="absmiddle" /><img style="vertical-align: top; float: none;" src="http://img02.taobaocdn.com/imgextra/i2/1895535209/T2QeEiXIlXXXXXXXXX-1895535209.jpg_.webp" alt="" align="absmiddle" /><img style="vertical-align: top; float: none;" src="http://img01.taobaocdn.com/imgextra/i1/1895535209/T2bbUkXGdXXXXXXXXX-1895535209.jpg_.webp" alt="" align="absmiddle" /><img style="vertical-align: top; float: none;" src="http://img01.taobaocdn.com/imgextra/i1/1895535209/T2Z_IgXGBaXXXXXXXX-1895535209.jpg_.webp" alt="" align="absmiddle" /><img style="vertical-align: top; float: none;" src="http://img03.taobaocdn.com/imgextra/i3/1895535209/T2YxsgXI4aXXXXXXXX-1895535209.jpg_.webp" alt="" align="absmiddle" /><img style="vertical-align: top; float: none;" src="http://img03.taobaocdn.com/imgextra/i3/1895535209/T20A3jXIVXXXXXXXXX-1895535209.jpg_.webp" alt="" align="absmiddle" /><img style="vertical-align: top; float: none;" src="http://img02.taobaocdn.com/imgextra/i2/1895535209/T2nkciXIxXXXXXXXXX-1895535209.jpg_.webp" alt="" align="absmiddle" /><img style="vertical-align: top; float: none;" src="http://img02.taobaocdn.com/imgextra/i2/1895535209/T2IUUgXU4XXXXXXXXX-1895535209.jpg_.webp" alt="" align="absmiddle" /><img style="vertical-align: top; float: none;" src="http://img02.taobaocdn.com/imgextra/i2/1895535209/T2S73hXMRXXXXXXXXX-1895535209.jpg_.webp" alt="" align="absmiddle" /><img style="vertical-align: top; float: none;" src="http://img03.taobaocdn.com/imgextra/i3/1895535209/T2txIiXJFXXXXXXXXX-1895535209.jpg_.webp" alt="" align="absmiddle" /><img style="vertical-align: top; float: none;" src="http://img01.taobaocdn.com/imgextra/i1/1895535209/T2XI.iXJdXXXXXXXXX-1895535209.jpg_.webp" alt="" align="absmiddle" /><img style="vertical-align: top; float: none;" src="http://img02.taobaocdn.com/imgextra/i2/1895535209/T2cLshXQNXXXXXXXXX-1895535209.jpg_.webp" alt="" align="absmiddle" /><img style="vertical-align: top; float: none;" src="http://img01.taobaocdn.com/imgextra/i1/1895535209/T2.kshXMBXXXXXXXXX-1895535209.jpg_.webp" alt="" align="absmiddle" /><img style="vertical-align: top; float: none;" src="http://img04.taobaocdn.com/imgextra/i4/1895535209/T2TkohXNtXXXXXXXXX-1895535209.jpg_.webp" alt="" align="absmiddle" /><img style="vertical-align: top; float: none;" src="http://img01.taobaocdn.com/imgextra/i1/1895535209/T2kPwhXOFXXXXXXXXX-1895535209.jpg_.webp" alt="" align="absmiddle" /><img style="vertical-align: top; float: none;" src="http://img01.taobaocdn.com/imgextra/i1/1895535209/T24AMhXN0XXXXXXXXX-1895535209.jpg_.webp" alt="" align="absmiddle" /><img style="vertical-align: top; float: none;" src="http://img04.taobaocdn.com/imgextra/i4/1895535209/T2z27kXFVXXXXXXXXX-1895535209.jpg_.webp" alt="" align="absmiddle" /><img style="vertical-align: top; float: none;" src="http://img04.taobaocdn.com/imgextra/i4/1895535209/T2LmIhXKlXXXXXXXXX-1895535209.jpg_.webp" alt="" align="absmiddle" /><img style="vertical-align: top; float: none;" src="http://img02.taobaocdn.com/imgextra/i2/1895535209/T2xD3hXLlXXXXXXXXX-1895535209.jpg_.webp" alt="" align="absmiddle" /><img style="vertical-align: top; float: none;" src="http://img01.taobaocdn.com/imgextra/i1/1895535209/TB2FyUgXFXXXXX2XpXXXXXXXXXX-1895535209.jpg_.webp" alt="" align="absmiddle" /><img style="vertical-align: top; float: none;" src="http://img01.taobaocdn.com/imgextra/i1/1895535209/T2lrAiXK8XXXXXXXXX-1895535209.jpg_.webp" alt="" align="absmiddle" /><img style="vertical-align: top; float: none;" src="http://img01.taobaocdn.com/imgextra/i1/1895535209/T2B7ofXLtaXXXXXXXX-1895535209.jpg_.webp" alt="" align="absmiddle" /><img style="vertical-align: top; float: none;" src="http://img03.taobaocdn.com/imgextra/i3/1895535209/T2BH7hXSVXXXXXXXXX-1895535209.jpg_.webp" alt="" align="absmiddle" /><img style="vertical-align: top; float: none;" src="http://img02.taobaocdn.com/imgextra/i2/1895535209/T2a47iXHFXXXXXXXXX-1895535209.jpg_.webp" alt="" align="absmiddle" /><img style="vertical-align: top; float: none;" src="http://img03.taobaocdn.com/imgextra/i3/1895535209/TB2E1UiXFXXXXagXXXXXXXXXXXX-1895535209.jpg_.webp" alt="" align="absmiddle" /><img style="vertical-align: top; float: none;" src="http://img04.taobaocdn.com/imgextra/i4/1895535209/T2YpUgXKJaXXXXXXXX-1895535209.jpg_.webp" alt="" align="absmiddle" /><img style="vertical-align: top; float: none;" src="http://img02.taobaocdn.com/imgextra/i2/1895535209/T2ydchXQ8XXXXXXXXX-1895535209.jpg_.webp" alt="" align="absmiddle" /><img style="vertical-align: top; float: none;" src="http://img04.taobaocdn.com/imgextra/i4/1895535209/T26LchXRVXXXXXXXXX-1895535209.jpg_.webp" alt="" align="absmiddle" /><img style="vertical-align: top; float: none;" src="http://img01.taobaocdn.com/imgextra/i1/1895535209/TB2YMEkXFXXXXXoXXXXXXXXXXXX-1895535209.jpg_.webp" alt="" align="absmiddle" /><img style="vertical-align: top; float: none;" src="http://img03.taobaocdn.com/imgextra/i3/1895535209/T2ll3fXK0aXXXXXXXX-1895535209.jpg_.webp" alt="" align="absmiddle" /><img style="vertical-align: top; float: none;" src="http://img03.taobaocdn.com/imgextra/i3/1895535209/T2_ZQiXIXXXXXXXXXX-1895535209.jpg_.webp" alt="" align="absmiddle" /><img style="vertical-align: top; float: none;" src="http://img03.taobaocdn.com/imgextra/i3/1895535209/T2X1MfXGBaXXXXXXXX-1895535209.jpg_.webp" alt="" align="absmiddle" /><img style="vertical-align: top; float: none;" src="http://img01.taobaocdn.com/imgextra/i1/1895535209/TB2nQwhXFXXXXbfXXXXXXXXXXXX-1895535209.jpg_.webp" alt="" align="absmiddle" /><img style="vertical-align: top; float: none;" src="http://img04.taobaocdn.com/imgextra/i4/1895535209/T2NUZgXGdaXXXXXXXX-1895535209.jpg_.webp" alt="" align="absmiddle" /><img style="vertical-align: top; float: none;" src="http://img01.taobaocdn.com/imgextra/i1/1895535209/T2zgAgXIFaXXXXXXXX-1895535209.jpg_.webp" alt="" align="absmiddle" /><img style="vertical-align: top; float: none;" src="http://img04.taobaocdn.com/imgextra/i4/1895535209/T26MsiXIdXXXXXXXXX-1895535209.jpg_.webp" alt="" align="absmiddle" /><img style="vertical-align: top; float: none;" src="http://img01.taobaocdn.com/imgextra/i1/1895535209/T2_9ZdXN8aXXXXXXXX-1895535209.jpg_.webp" alt="" align="absmiddle" /></p>\r\n<img id="desc-module-4" class="desc_anchor" style="height: 1px; display: block; clear: both; vertical-align: top;" src="http://a.tbcdn.cn/kissy/1.0.0/build/imglazyload/spaceball.gif" alt="" />\r\n<p style="margin-top: 1.12em; margin-bottom: 1.12em; line-height: 1.4;"><img style="vertical-align: top; float: none;" src="http://img03.taobaocdn.com/imgextra/i3/1895535209/T28o4sXQNXXXXXXXXX-1895535209.jpg_.webp" alt="" align="absmiddle" /><img style="vertical-align: top; float: none;" src="http://img04.taobaocdn.com/imgextra/i4/1895535209/T27ytuXJ4XXXXXXXXX-1895535209.jpg_.webp" alt="" align="absmiddle" /><img style="vertical-align: top; float: none;" src="http://img04.taobaocdn.com/imgextra/i4/1895535209/T27dXsXSRXXXXXXXXX-1895535209.gif" alt="" align="absmiddle" /><img style="vertical-align: top; float: none;" src="http://img04.taobaocdn.com/imgextra/i4/1895535209/T2WkXqXLhaXXXXXXXX-1895535209.gif" alt="" align="absmiddle" /><img style="vertical-align: top; float: none;" src="http://img03.taobaocdn.com/imgextra/i3/1895535209/T2wmdrXUVXXXXXXXXX-1895535209.gif" alt="" align="absmiddle" /><img style="vertical-align: top; float: none;" src="http://img04.taobaocdn.com/imgextra/i4/1895535209/T2w40rXGNaXXXXXXXX-1895535209.gif" alt="" align="absmiddle" /><img style="vertical-align: top; float: none;" src="http://img01.taobaocdn.com/imgextra/i1/1895535209/T2bOluXIhXXXXXXXXX-1895535209.jpg_.webp" alt="" align="absmiddle" /><img style="vertical-align: top; float: none;" src="http://img01.taobaocdn.com/imgextra/i1/1895535209/T2.DhsXRJXXXXXXXXX-1895535209.gif" alt="" align="absmiddle" /><img style="vertical-align: top; float: none;" src="http://img04.taobaocdn.com/imgextra/i4/1895535209/T2xhNuXLtXXXXXXXXX-1895535209.gif" alt="" align="absmiddle" /><img style="vertical-align: top; float: none;" src="http://img04.taobaocdn.com/imgextra/i4/1895535209/T2UPlvXGFXXXXXXXXX-1895535209.gif" alt="" align="absmiddle" /><img style="vertical-align: top; float: none;" src="http://img02.taobaocdn.com/imgextra/i2/1895535209/T22i4wXGtXXXXXXXXX-1895535209.jpg_.webp" alt="" align="absmiddle" /><img style="vertical-align: top; float: none;" src="http://img04.taobaocdn.com/imgextra/i4/1895535209/T2S5lwXG0XXXXXXXXX-1895535209.jpg_.webp" alt="" align="absmiddle" /><img style="vertical-align: top; float: none;" src="http://img01.taobaocdn.com/imgextra/i1/1895535209/T2Rr8qXNXaXXXXXXXX-1895535209.jpg_.webp" alt="" align="absmiddle" /><img style="vertical-align: top; float: none;" src="http://img04.taobaocdn.com/imgextra/i4/1895535209/T2YkBtXOtXXXXXXXXX-1895535209.gif" alt="" align="absmiddle" /><img style="vertical-align: top; float: none;" src="http://img04.taobaocdn.com/imgextra/i4/1895535209/T2dVRuXMRXXXXXXXXX-1895535209.jpg_.webp" alt="" align="absmiddle" /></p>\r\n<img id="desc-module-5" class="desc_anchor" style="height: 1px; display: block; clear: both; vertical-align: top;" src="http://a.tbcdn.cn/kissy/1.0.0/build/imglazyload/spaceball.gif" alt="" />\r\n<p style="margin-top: 1.12em; margin-bottom: 1.12em; line-height: 1.4;"><img style="vertical-align: top; float: none;" src="http://img04.taobaocdn.com/imgextra/i4/1895535209/T23XweXLxXXXXXXXXX-1895535209.jpg_.webp" alt="" align="absmiddle" /></p>\r\n</div>\r\n</div>', 303, '智能家居	安防系统	防盗系统', 'smartroom', 0, '', '', 1, 0, 0, NULL, 1409966221, 1409966288, 0, 'data/files/store_33/goods_5/small_201409061716453054.jpg', 1, 208, 216, 303, 0, 0.00, '', 10888.00, ',新乡物联,智能家居,套餐,', 0.00, 1410019200, 1409932800),
(173, 33, 'material', 'SR无线移动插座', '<p style="color: #404040; font-family: ''Microsoft YaHei'', Arial; font-size: 17px; line-height: 40px;">支持ZigBee/SmartRoom HA协议。</p>\r\n<p style="color: #404040; font-family: ''Microsoft YaHei'', Arial; font-size: 17px; line-height: 40px;">设备类型：中继器。</p>\r\n<p style="color: #404040; font-family: ''Microsoft YaHei'', Arial; font-size: 17px; line-height: 40px;">全修领先断电保护。</p>\r\n<p style="color: #404040; font-family: ''Microsoft YaHei'', Arial; font-size: 17px; line-height: 40px;">易于安装和使用，完全兼容现有标准插座。</p>\r\n<p style="color: #404040; font-family: ''Microsoft YaHei'', Arial; font-size: 17px; line-height: 40px;">可实时监测当前功率、电流及电量。</p>', 289, '智能家居	控制主机	电器控制系统', 'SMART ROOM', 0, '', '', 1, 0, 0, NULL, 1410388655, 1410388655, 248, 'data/files/store_33/goods_52/small_201409111430524218.jpg', 1, 208, 213, 289, 0, 0.00, '', 1.00, ',中继器,', 0.00, 1410364800, 1410364800),
(174, 33, 'material', '物联密码卡锁', '<p style="color: #404040; font-family: ''Microsoft YaHei'', Arial; font-size: 17px; line-height: 40px;">支持ZigBee智能家居协议；</p>\r\n<p style="color: #404040; font-family: ''Microsoft YaHei'', Arial; font-size: 17px; line-height: 40px;">全球领先加密技术，为家居安全保驾护航；</p>\r\n<p style="color: #404040; font-family: ''Microsoft YaHei'', Arial; font-size: 17px; line-height: 40px;">可通过移动智能终端，远程控制设备；</p>\r\n<p style="color: #404040; font-family: ''Microsoft YaHei'', Arial; font-size: 17px; line-height: 40px;">无线布控，安装简单方便；</p>', 304, '智能家居	安防系统	电锁门禁', 'WU LIAN', 0, '', '', 1, 0, 0, NULL, 1410389419, 1410389419, 249, 'data/files/store_33/goods_192/small_201409111449528487.jpg', 1, 208, 216, 304, 0, 0.00, '', 1.00, ',电锁门禁,', 0.00, 1410364800, 1410364800),
(175, 36, 'material', '小憨豆地中海风格910', '<p><img src="http://rmall.net/data/files/store_36/goods_174/201409111459341925.jpg" alt="产品图1.jpg" /></p>', 403, '客卧主材	家具	卧室家具', '小憨豆', 0, '', '', 1, 0, 0, NULL, 1410389993, 1410390012, 0, 'data/files/store_36/goods_154/small_201409111459145918.JPG', 1, 31, 256, 403, 0, 0.00, '', 1508.00, '', 0.00, 1410364800, 1410364800),
(176, 36, 'material', '小憨豆白色小鞋柜233', '<p><img src="http://rmall.net/data/files/store_36/goods_96/201409111501366835.jpg" alt="产品图2.jpg" /></p>', 403, '客卧主材	家具	卧室家具', '小憨豆', 0, '', '', 1, 0, 0, NULL, 1410390120, 1410390120, 251, 'data/files/store_36/goods_116/small_201409111501562824.JPG', 1, 31, 256, 403, 0, 0.00, '', 1200.00, '', 0.00, 1410364800, 1410364800),
(177, 33, 'material', '物联之家无线声光报警器', '<p style="color: #404040; font-family: ''Microsoft YaHei'', Arial; font-size: 17px; line-height: 40px;">支持ZigBee HA协议</p>\r\n<p style="color: #404040; font-family: ''Microsoft YaHei'', Arial; font-size: 17px; line-height: 40px;">高稳定性、灵敏度，紧急情况下可进行及时有效报警</p>\r\n<p style="color: #404040; font-family: ''Microsoft YaHei'', Arial; font-size: 17px; line-height: 40px;">通过各类移动智能终端，远程无线控制对应设备</p>\r\n<p style="color: #404040; font-family: ''Microsoft YaHei'', Arial; font-size: 17px; line-height: 40px;">安装简易，操作便捷</p>\r\n<p style="color: #404040; font-family: ''Microsoft YaHei'', Arial; font-size: 17px; line-height: 40px;">&nbsp;</p>', 303, '智能家居	安防系统	防盗系统', 'WU LIAN ZHI JIA', 0, '', '', 1, 0, 0, NULL, 1410390162, 1410390162, 252, 'data/files/store_33/goods_63/small_201409111501032952.jpg', 1, 208, 216, 303, 0, 0.00, '', 1.00, ',报警,', 0.00, 1410364800, 1410364800),
(178, 36, 'material', '小憨豆白+浅蓝色小鞋柜', '<p><img src="http://rmall.net/data/files/store_36/goods_15/201409111503355958.jpg" alt="产品图3.jpg" /></p>', 403, '客卧主材	家具	卧室家具', '小憨豆', 0, '', '', 1, 0, 0, NULL, 1410390230, 1410390230, 253, 'data/files/store_36/goods_0/small_201409111503206394.JPG', 1, 31, 256, 403, 0, 0.00, '', 650.00, '', 0.00, 1410364800, 1410364800),
(179, 36, 'material', '小憨豆黄色鞋柜', '<p><img src="http://rmall.net/data/files/store_36/goods_121/201409111505217922.jpg" alt="产品图4.jpg" /></p>', 403, '客卧主材	家具	卧室家具', '小憨豆', 0, '', '', 1, 0, 0, NULL, 1410390332, 1410390332, 254, 'data/files/store_36/goods_109/small_201409111505092331.JPG', 1, 31, 256, 403, 0, 0.00, '', 980.00, '', 0.00, 1410364800, 1410364800),
(180, 33, 'material', '物联之家无线可燃气泄漏探测器', '<p style="color: #404040; font-family: ''Microsoft YaHei'', Arial; font-size: 17px; line-height: 40px;">支持ZigBee协议；</p>\r\n<p style="color: #404040; font-family: ''Microsoft YaHei'', Arial; font-size: 17px; line-height: 40px;">外观小巧，运行可靠、性能稳定、数据精确；</p>\r\n<p style="color: #404040; font-family: ''Microsoft YaHei'', Arial; font-size: 17px; line-height: 40px;">通过各类移动智能终端，无线远程测控；</p>\r\n<p style="color: #404040; font-family: ''Microsoft YaHei'', Arial; font-size: 17px; line-height: 40px;">无需布线，安装便捷，操控简单、灵活。</p>', 291, '智能家居	控制主机	厨卫电视系统', '物联之家', 0, '', '', 1, 0, 0, NULL, 1410390414, 1410390414, 255, 'data/files/store_33/goods_175/small_201409111506152986.jpg', 1, 208, 213, 291, 0, 0.00, '', 1.00, ',安防,', 0.00, 1410364800, 1410364800),
(181, 36, 'material', '小憨豆红家浅蓝色小鞋柜', '<p><img src="http://rmall.net/data/files/store_36/goods_142/201409111509021559.jpg" alt="产品图-5.jpg" /></p>', 403, '客卧主材	家具	卧室家具', '小憨豆', 0, '', '', 1, 0, 0, NULL, 1410390552, 1410390552, 256, 'data/files/store_36/goods_53/small_201409111507337206.JPG', 1, 31, 256, 403, 0, 0.00, '', 755.00, '', 0.00, 1410364800, 1410364800),
(182, 36, 'material', '小憨豆黄色+粉丝小鞋柜', '<p><img src="http://rmall.net/data/files/store_36/goods_22/201409111510224957.jpg" alt="产品图6.jpg" /></p>', 403, '客卧主材	家具	卧室家具', '小憨豆', 0, '', '', 1, 0, 0, NULL, 1410390635, 1410390635, 257, 'data/files/store_36/goods_6/small_201409111510068426.JPG', 1, 31, 256, 403, 0, 0.00, '', 988.00, '', 0.00, 1410364800, 1410364800),
(183, 33, 'material', '物联之家无线温度湿度传感器', '<p style="color: #404040; font-family: ''Microsoft YaHei'', Arial; font-size: 17px; line-height: 40px;">支持ZigBee/SmartRoom协议；</p>\r\n<p style="color: #404040; font-family: ''Microsoft YaHei'', Arial; font-size: 17px; line-height: 40px;">独特吸顶设计，节省空间，更与装修完美相容；</p>\r\n<p style="color: #404040; font-family: ''Microsoft YaHei'', Arial; font-size: 17px; line-height: 40px;">通过各类移动智能终端，无线测控周边空气温湿度；</p>\r\n<p style="color: #404040; font-family: ''Microsoft YaHei'', Arial; font-size: 17px; line-height: 40px;">无需布线，安装便捷，操控简单、灵活</p>', 293, '智能家居	控制主机	暖通空调系统', '物联之家', 0, '', '', 1, 0, 0, NULL, 1410390636, 1410390636, 258, 'data/files/store_33/goods_31/small_201409111510319175.jpg', 1, 208, 213, 293, 0, 0.00, '', 1.00, ',智能传感,', 0.00, 1410364800, 1410364800),
(185, 33, 'material', '无线场景开关', '<p style="color: #404040; font-family: ''Microsoft YaHei'', Arial; font-size: 17px; line-height: 40px;">支持ZigBee/SmartRoom HA协议<br /><br /> ZigBee/SmartRoom设备类型：中继器<br /><br /> 多种场景选择，满足不同需求<br /><br /> 外形时尚精美，大大降低装修改造成本<br /><br /> 无线布控，大大降低装修改造成本</p>', 293, '智能家居	控制主机	暖通空调系统', 'wulian', 0, '', '', 1, 0, 0, NULL, 1410391909, 1410391909, 260, 'data/files/store_33/goods_96/small_201409111531363493.jpg', 1, 208, 213, 293, 0, 0.00, '', 1.00, ',智能控制,', 0.00, 1410364800, 1410364800),
(186, 33, 'material', 'SR无线网关', '<p><span style="color: #404040; font-family: ''Microsoft YaHei'', Arial; font-size: 17px; line-height: 40px;">支持ZigBee HA协议；</span><br style="color: #404040; font-family: ''Microsoft YaHei'', Arial; font-size: 17px; line-height: 40px;" /><br style="color: #404040; font-family: ''Microsoft YaHei'', Arial; font-size: 17px; line-height: 40px;" /><span style="color: #404040; font-family: ''Microsoft YaHei'', Arial; font-size: 17px; line-height: 40px;"> ZigBee设备类型：协调器；</span><br style="color: #404040; font-family: ''Microsoft YaHei'', Arial; font-size: 17px; line-height: 40px;" /><br style="color: #404040; font-family: ''Microsoft YaHei'', Arial; font-size: 17px; line-height: 40px;" /><span style="color: #404040; font-family: ''Microsoft YaHei'', Arial; font-size: 17px; line-height: 40px;"> 通过专业软件操控，安全性更高；</span><br style="color: #404040; font-family: ''Microsoft YaHei'', Arial; font-size: 17px; line-height: 40px;" /><br style="color: #404040; font-family: ''Microsoft YaHei'', Arial; font-size: 17px; line-height: 40px;" /><span style="color: #404040; font-family: ''Microsoft YaHei'', Arial; font-size: 17px; line-height: 40px;"> 外观时尚典雅，多种颜色可选，适合多种应用场所；</span><br style="color: #404040; font-family: ''Microsoft YaHei'', Arial; font-size: 17px; line-height: 40px;" /><br style="color: #404040; font-family: ''Microsoft YaHei'', Arial; font-size: 17px; line-height: 40px;" /><span style="color: #404040; font-family: ''Microsoft YaHei'', Arial; font-size: 17px; line-height: 40px;"> 自带wifi功能，可外接3G网络*此功能为03及以上型号网关所具备。</span></p>', 290, '智能家居	控制主机	智能家居软件', 'SMART ROOM', 0, '', '', 1, 0, 0, NULL, 1410392142, 1410392142, 261, 'data/files/store_33/goods_136/small_201409111535363762.jpg', 1, 208, 213, 290, 0, 0.00, '', 1.00, ',主机,', 0.00, 1410364800, 1410364800),
(187, 33, 'material', 'SR无线移动插座', '<p style="color: #404040; font-family: ''Microsoft YaHei'', Arial; font-size: 17px; line-height: 40px;">支持ZigBee/SmartRoom HA协议。</p>\r\n<p style="color: #404040; font-family: ''Microsoft YaHei'', Arial; font-size: 17px; line-height: 40px;">设备类型：中继器。</p>\r\n<p style="color: #404040; font-family: ''Microsoft YaHei'', Arial; font-size: 17px; line-height: 40px;">全修领先断电保护。</p>\r\n<p style="color: #404040; font-family: ''Microsoft YaHei'', Arial; font-size: 17px; line-height: 40px;">易于安装和使用，完全兼容现有标准插座。</p>\r\n<p style="color: #404040; font-family: ''Microsoft YaHei'', Arial; font-size: 17px; line-height: 40px;">可实时监测当前功率、电流及电量。</p>', 289, '智能家居	控制主机	电器控制系统', 'SMART ROOM', 0, '', '', 1, 0, 0, NULL, 1410392629, 1410392629, 262, 'data/files/store_33/goods_178/small_201409111542583395.jpg', 1, 208, 213, 289, 0, 0.00, '', 1.00, ',插座,', 0.00, 1410364800, 1410364800),
(188, 33, 'material', 'SR无线自动窗帘（无轨）', '<p style="color: #404040; font-family: ''Microsoft YaHei'', Arial; font-size: 17px; line-height: 40px;">支持ZigBee/SmartRoom HA协议。</p>\r\n<p style="color: #404040; font-family: ''Microsoft YaHei'', Arial; font-size: 17px; line-height: 40px;">设备类型：中继器。</p>\r\n<p style="color: #404040; font-family: ''Microsoft YaHei'', Arial; font-size: 17px; line-height: 40px;">智能移动终端控制，方便省心。</p>\r\n<p style="color: #404040; font-family: ''Microsoft YaHei'', Arial; font-size: 17px; line-height: 40px;">可与绑定开关联动，具备各种情景模式，一键启动贴心舒适。</p>\r\n<p style="color: #404040; font-family: ''Microsoft YaHei'', Arial; font-size: 17px; line-height: 40px;">可与相关检控设备联动，可根据光线自动控制。</p>\r\n<p style="color: #404040; font-family: ''Microsoft YaHei'', Arial; font-size: 17px; line-height: 40px;">具备轻触功能，轻轻拖动窗帘，窗帘即可向拖动的方向自动运行。</p>\r\n<p style="color: #404040; font-family: ''Microsoft YaHei'', Arial; font-size: 17px; line-height: 40px;">超静音润滑设计，无磨损运行，超长寿命。</p>', 289, '智能家居	控制主机	电器控制系统', 'SMART ROOM', 0, '', '', 1, 0, 0, NULL, 1410392840, 1410392840, 263, 'data/files/store_33/goods_149/small_201409111545495895.jpg', 1, 208, 213, 289, 0, 0.00, '', 1.00, ',控制,', 0.00, 1410364800, 1410364800),
(189, 33, 'material', '物联之家无线红外转发器', '<p style="color: #404040; font-family: ''Microsoft YaHei'', Arial; font-size: 17px; line-height: 40px;">支持ZigBee/SmartRoom H协议；</p>\r\n<p style="color: #404040; font-family: ''Microsoft YaHei'', Arial; font-size: 17px; line-height: 40px;">设备类型：中继器；</p>\r\n<p style="color: #404040; font-family: ''Microsoft YaHei'', Arial; font-size: 17px; line-height: 40px;">通过移动智能终端实现远程控制，无线遥控对应设备；</p>\r\n<p style="color: #404040; font-family: ''Microsoft YaHei'', Arial; font-size: 17px; line-height: 40px;">可与多个红外设备联动，全面取代遥控器；</p>\r\n<p style="color: #404040; font-family: ''Microsoft YaHei'', Arial; font-size: 17px; line-height: 40px;">支持多种安装方式。</p>', 291, '智能家居	控制主机	厨卫电视系统', '物联之家', 0, '', '', 1, 0, 0, NULL, 1410393090, 1410393090, 264, 'data/files/store_33/goods_194/small_201409111549543470.jpg', 1, 208, 213, 291, 0, 0.00, '', 1.00, ',控制,', 0.00, 1410364800, 1410364800),
(190, 33, 'material', '物联之家无线网关', '<p style="color: #404040; font-family: ''Microsoft YaHei'', Arial; font-size: 17px; line-height: 40px;">支持ZigBee/SmartRoom HA协议；</p>\r\n<p style="color: #404040; font-family: ''Microsoft YaHei'', Arial; font-size: 17px; line-height: 40px;">设备类型：协调器；</p>\r\n<p style="color: #404040; font-family: ''Microsoft YaHei'', Arial; font-size: 17px; line-height: 40px;">专业软件操控，安全性更高；</p>\r\n<p style="color: #404040; font-family: ''Microsoft YaHei'', Arial; font-size: 17px; line-height: 40px;">移动智能终端操作，更加快捷方便。</p>', 290, '智能家居	控制主机	智能家居软件', '物联之家', 0, '', '', 1, 0, 0, NULL, 1410393199, 1410393199, 265, 'data/files/store_33/goods_137/small_201409111552174431.jpg', 1, 208, 213, 290, 0, 0.00, '', 1.00, ',主机,', 0.00, 1410364800, 1410364800),
(191, 33, 'material', '物联之家智能家居遥控器', '<p style="color: #404040; font-family: ''Microsoft YaHei'', Arial; font-size: 17px; line-height: 40px;">支持场景控制，一键一场景</p>\r\n<p style="color: #404040; font-family: ''Microsoft YaHei'', Arial; font-size: 17px; line-height: 40px;">可绑定设备，作为遥控器</p>\r\n<p style="color: #404040; font-family: ''Microsoft YaHei'', Arial; font-size: 17px; line-height: 40px;">支持密码联动开锁</p>\r\n<p style="color: #404040; font-family: ''Microsoft YaHei'', Arial; font-size: 17px; line-height: 40px;">外观小巧精致，携带方便</p>', 290, '智能家居	控制主机	智能家居软件', '物联之家', 0, '', '', 1, 0, 0, NULL, 1410393578, 1410393578, 266, 'data/files/store_33/goods_51/small_201409111554115798.jpg', 1, 208, 213, 290, 0, 0.00, '', 1.00, ',场景遥控器,', 0.00, 1410364800, 1410364800),
(192, 33, 'material', '云家无线吸顶网关', '<p style="color: #404040; font-family: ''Microsoft YaHei'', Arial; font-size: 17px; line-height: 40px;">支持ZigBee/SmartRoom协议；</p>\r\n<p style="color: #404040; font-family: ''Microsoft YaHei'', Arial; font-size: 17px; line-height: 40px;">ZigBee/SmartRoom设备类型：协调器；</p>\r\n<p style="color: #404040; font-family: ''Microsoft YaHei'', Arial; font-size: 17px; line-height: 40px;">通过专用软件保存和运行设置；</p>\r\n<p style="color: #404040; font-family: ''Microsoft YaHei'', Arial; font-size: 17px; line-height: 40px;">智能接入，安全可靠；</p>\r\n<p style="color: #404040; font-family: ''Microsoft YaHei'', Arial; font-size: 17px; line-height: 40px;">结构简单、使用方便；</p>\r\n<p style="color: #404040; font-family: ''Microsoft YaHei'', Arial; font-size: 17px; line-height: 40px;">外观时尚典雅，适合于多种应用场所。</p>', 290, '智能家居	控制主机	智能家居软件', '云家', 0, '', '', 1, 0, 0, NULL, 1410393715, 1410393715, 267, 'data/files/store_33/goods_23/small_201409111600236559.jpg', 1, 208, 213, 290, 0, 0.00, '', 1.00, ',吸顶网关,', 0.00, 1410364800, 1410364800),
(197, 38, 'material', '20-512 Aaron Grey格兰布朗壁纸', '', 79, '客卧主材	幕墙壁纸	壁纸', '格兰布朗', 0, '', '', 1, 0, 0, NULL, 1410924981, 1410924981, 272, 'data/files/store_38/goods_160/small_201409170336007364.jpg', 0, 31, 75, 79, 0, 0.00, '', 1.00, '', 0.00, 1410912000, 1410912000),
(198, 38, 'material', '20-513 Chambray stripe Thistle格兰布朗壁纸', '', 79, '客卧主材	幕墙壁纸	壁纸', '格兰布朗', 0, '', '', 1, 0, 0, NULL, 1410925090, 1410925090, 273, 'data/files/store_38/goods_61/small_201409170337415220.jpg', 0, 31, 75, 79, 0, 0.00, '', 1.00, '', 0.00, 1410912000, 1410912000),
(199, 38, 'material', '20-514 Chambray stripe Skye blue格兰布朗壁纸', '', 79, '客卧主材	幕墙壁纸	壁纸', '格兰布朗', 0, '', '', 1, 0, 0, NULL, 1410925172, 1410925172, 274, 'data/files/store_38/goods_148/small_201409170339089489.jpg', 0, 31, 75, 79, 0, 0.00, '', 1.00, '', 0.00, 1410912000, 1410912000),
(200, 38, 'material', '20-516 Chambray stripe', '', 79, '客卧主材	幕墙壁纸	壁纸', '格兰布朗', 0, '', '', 1, 0, 0, NULL, 1410925253, 1410925253, 275, 'data/files/store_38/goods_39/small_201409170340394906.jpg', 0, 31, 75, 79, 0, 0.00, '', 1.00, '', 0.00, 1410912000, 1410912000),
(201, 38, 'material', '20-517 Chambray stripe sand格兰布朗壁纸', '', 79, '客卧主材	幕墙壁纸	壁纸', '格兰布朗', 0, '', '', 1, 0, 0, NULL, 1410925333, 1410925333, 276, 'data/files/store_38/goods_119/small_201409170341595585.jpg', 1, 31, 75, 79, 0, 0.00, '', 1.00, '', 0.00, 1410912000, 1410912000),
(202, 38, 'material', '20-518 Chambray stripe Russet格兰布朗壁纸', '', 79, '客卧主材	幕墙壁纸	壁纸', '格兰布朗', 0, '', '', 1, 0, 0, NULL, 1410925414, 1410925414, 277, 'data/files/store_38/goods_188/small_201409170343091363.jpg', 1, 31, 75, 79, 0, 0.00, '', 1.00, '', 0.00, 1410912000, 1410912000),
(203, 38, 'material', '20-519 ticking stripe russet格兰布朗壁纸', '', 79, '客卧主材	幕墙壁纸	壁纸', '格兰布朗', 0, '', '', 1, 0, 0, NULL, 1410925494, 1410925494, 278, 'data/files/store_38/goods_85/small_201409170344451032.jpg', 1, 31, 75, 79, 0, 0.00, '', 1.00, '', 0.00, 1410912000, 1410912000),
(204, 38, 'material', '20-521 Ticking Stripe格兰布朗壁纸', '', 79, '客卧主材	幕墙壁纸	壁纸', '格兰布朗', 0, '', '', 1, 0, 0, NULL, 1410925614, 1410925614, 279, 'data/files/store_38/goods_194/small_201409170346344902.jpg', 1, 31, 75, 79, 0, 0.00, '', 1.00, '', 0.00, 1410912000, 1410912000),
(205, 38, 'material', '20-523 ticking stripegrey格兰布朗壁纸', '', 79, '客卧主材	幕墙壁纸	壁纸', '格兰布朗', 0, '', '', 1, 0, 0, NULL, 1410925692, 1410925692, 280, 'data/files/store_38/goods_68/small_201409170347489056.jpg', 1, 31, 75, 79, 0, 0.00, '', 1.00, '', 0.00, 1410912000, 1410912000),
(206, 38, 'material', '20-525 ticking stripe thistle格兰布朗壁纸哦', '', 79, '客卧主材	幕墙壁纸	壁纸', '格兰布朗', 0, '', '', 1, 0, 0, NULL, 1410925757, 1410925757, 281, 'data/files/store_38/goods_137/small_201409170348572986.jpg', 1, 31, 75, 79, 0, 0.00, '', 1.00, '', 0.00, 1410912000, 1410912000),
(207, 38, 'material', '20-526 tweed green格兰布朗壁纸', '', 79, '客卧主材	幕墙壁纸	壁纸', '格兰布朗', 0, '', '', 1, 0, 0, NULL, 1410925824, 1410925824, 282, 'data/files/store_38/goods_11/small_201409170350113390.jpg', 1, 31, 75, 79, 0, 0.00, '', 1.00, '', 0.00, 1410912000, 1410912000),
(208, 38, 'material', '20-527 Tweed格兰布朗壁纸', '', 79, '客卧主材	幕墙壁纸	壁纸', '格兰布朗', 0, '', '', 1, 0, 0, NULL, 1410925902, 1410925902, 283, 'data/files/store_38/goods_81/small_201409170351212249.jpg', 1, 31, 75, 79, 0, 0.00, '', 1.00, '', 0.00, 1410912000, 1410912000),
(209, 39, 'material', '白色高箱床+床头柜 板式床 云歌家居', '<p><img src="http://rmall.net/data/files/store_39/goods_187/201409170453074634.jpg" alt="云歌1.jpg" /></p>', 411, '客卧主材	家具	其他家具', '云歌家居', 0, '', '', 1, 0, 0, NULL, 1410929604, 1410929604, 284, 'data/files/store_39/goods_163/small_201409170452437339.jpg', 1, 31, 256, 411, 0, 0.00, '', 2880.00, '', 0.00, 1410912000, 1410912000),
(210, 39, 'material', '紫色床推背 内饰收纳空间出血价+四件套高支棉', '<p><img src="http://rmall.net/data/files/store_39/goods_182/201409170456226646.jpg" alt="云歌2jpg.jpg" /></p>', 406, '客卧主材	家具	客厅家具', '云歌家居', 0, '', '', 1, 0, 0, NULL, 1410929824, 1410929824, 285, 'data/files/store_39/goods_160/small_201409170456003754.jpg', 1, 31, 256, 406, 0, 0.00, '', 5980.00, '', 0.00, 1410912000, 1410912000),
(211, 39, 'material', '；蓝色+四件套（床品）云歌家居', '<p><img src="http://rmall.net/data/files/store_39/goods_147/201409170459076412.jpg" alt="云歌5.jpg" /></p>', 403, '客卧主材	家具	卧室家具', '云歌家居', 0, '', '', 1, 0, 0, NULL, 1410929956, 1410929956, 286, 'data/files/store_39/goods_131/small_201409170458518755.jpg', 1, 31, 256, 403, 0, 0.00, '', 7280.00, '', 0.00, 1410912000, 1410912000),
(217, 42, 'material', 'Haier_海尔 LD50U7000 50英寸3D智能网络LED电视安卓系统内置WIFI', '<p><img src="http://rmall.net/data/files/store_42/goods_186/201409231116266095.jpg" alt="Haier_海尔 LD50U7000 50英寸3D智能网络LED电视安卓系统内置WIFI-tmall.jpg" /></p>', 267, '家用电器	大家电	电视', '海尔', 0, '', '', 1, 0, 0, NULL, 1411470994, 1411470994, 292, 'data/files/store_42/goods_173/small_201409231116133394.jpg', 1, 27, 29, 267, 0, 5999.00, '', 5499.00, '', 0.00, 1411430400, 1411430400),
(218, 42, 'material', 'Haier_海尔XQG80-B12288_BX12288全自动滚筒洗衣机_8公斤水晶变频', '<p><img src="http://rmall.net/data/files/store_42/goods_1/201409240120014332.jpg" alt="未标题-1.jpg" /><img src="http://rmall.net/data/files/store_42/goods_45/201409240120451268.jpg" alt="Haier_海尔XQG80-B12288_BX12288全自动滚筒洗衣机_8公斤水晶变频-tmall.jpg" /></p>', 270, '家用电器	大家电	洗衣机', '海尔', 0, '', '', 1, 0, 0, NULL, 1411521658, 1411521658, 293, 'data/files/store_42/goods_155/small_201409240119157112.jpg', 1, 27, 29, 270, 0, 4999.00, '', 4499.00, '', 0.00, 1412121600, 1412640000),
(219, 42, 'material', 'Haier_海尔 XQS75-ZJ1218至爱7.5kg双动力波轮洗衣机洗衣洗净即停', '<p><img src="http://rmall.net/data/files/store_42/goods_22/201409240130229524.jpg" alt="Haier_海尔 XQS75-ZJ1218至爱7.jpg" /></p>', 270, '家用电器	大家电	洗衣机', '海尔', 0, '', '', 1, 0, 0, NULL, 1411522232, 1411522232, 294, 'data/files/store_42/goods_15/small_201409240130155443.jpg', 1, 27, 29, 270, 0, 2999.00, '', 2899.00, '', 0.00, 1412121600, 1412640000),
(220, 2, 'material', '爱仕达套装锅', '', 5, '厨卫主材	厨具	厨房厨具', '爱仕达', 2, '颜色', '尺码', 1, 0, 0, NULL, 1411527993, 1411527993, 295, 'data/files/store_2/goods_36/small_201409240303566777.jpg', 1, 1, 2, 5, 0, 0.00, '', 339.00, '', 0.00, 0, 0),
(221, 2, 'material', 'ASD2', '<p>ASD2</p>', 5, '厨卫主材	厨具	厨房厨具', '爱仕达', 2, '颜色', '尺码', 1, 0, 0, NULL, 1411540208, 1411542708, 296, 'data/files/store_2/goods_198/small_201409240629586422.jpg', 1, 1, 2, 5, 0, 400.00, '8.5', 301.00, ',爱仕达,', 280.00, 1411516800, 1412035200),
(224, 46, 'material', '雷士3W筒灯  网购价26元', '', 375, '灯饰照明	灯饰照明	光源配件', '雷士照明', 0, '', '', 1, 0, 0, NULL, 1411632166, 1411632166, 300, 'data/files/store_46/goods_163/small_201409250802435662.jpg', 1, 207, 212, 375, 0, 0.00, '', 26.00, '', 0.00, 1412121600, 1412640000),
(223, 42, 'material', '海尔（Haie）KFR-35GW_06NHA23A变频无氟空调1.5P挂机', '<p><img src="http://rmall.net/data/files/store_42/goods_118/201409250118389537.jpg" alt="海尔（Haie）KFR-35GW_06NHA23A变频无氟空调1.jpg" /></p>', 268, '家用电器	大家电	空调', '海尔', 0, '', '', 1, 0, 0, NULL, 1411607955, 1411607955, 299, 'data/files/store_42/goods_158/small_201409250115583405.jpg', 1, 27, 29, 268, 0, 0.00, '', 2899.00, '', 0.00, 1412121600, 1412640000),
(225, 46, 'material', '雷士4W射灯  网购价28元', '', 372, '灯饰照明	灯饰照明	镜前灯', '雷士照明', 0, '', '', 1, 0, 0, NULL, 1411632228, 1411632228, 301, 'data/files/store_46/goods_26/small_201409250803461530.jpg', 1, 207, 212, 372, 0, 0.00, '', 28.00, '', 0.00, 1412121600, 1412640000),
(226, 46, 'material', '雷士5050灯带  网购价28元每米', '', 372, '灯饰照明	灯饰照明	镜前灯', '雷士照明', 0, '', '', 1, 0, 0, NULL, 1411632290, 1411632290, 302, 'data/files/store_46/goods_84/small_201409250804443213.jpg', 1, 207, 212, 372, 0, 0.00, '', 28.00, '', 0.00, 1412121600, 1412640000),
(237, 44, 'material', '卓福金门  76 83新锋系列新款', '<p class="c1"><span style="font-size: medium;">新锋推门、吊趟门 1.0和1.2 </span></p>\r\n<p><span style="font-size: medium;">可做颜色：白色、澳洲红木、新白橡、巴西红木、红樱桃、电泳香槟</span></p>\r\n<p><span style="font-size: medium;">电泳红木、喷砂香槟、电泳钛金松木、晶泳红木、晶泳金橡 可做单包/双包</span></p>\r\n<p><span style="font-size: medium;">83新弧推门、吊趟门1.5厚 4+8+4中空钢化</span></p>\r\n<p><span style="font-size: medium;">可做颜色：白色、澳洲红木、红樱桃、水曲柳、电泳香槟</span></p>\r\n<p><img src="http://rmall.net/data/files/store_44/goods_179/201409270839398154.png" alt="9.png" /><img src="http://rmall.net/data/files/store_44/goods_181/201409270839414390.png" alt="10.png" /><img src="http://rmall.net/data/files/store_44/goods_184/201409270839443774.png" alt="11.png" /><img src="http://rmall.net/data/files/store_44/goods_185/201409270839454574.png" alt="12.png" /><img src="http://rmall.net/data/files/store_44/goods_153/201409270839136947.png" alt="13.png" /><img src="http://rmall.net/data/files/store_44/goods_153/201409270839136921.png" alt="14.png" /><img src="http://rmall.net/data/files/store_44/goods_153/201409270839131225.png" alt="15.png" /><img src="http://rmall.net/data/files/store_44/goods_162/201409270839224317.png" alt="3.png" /><img src="http://rmall.net/data/files/store_44/goods_166/201409270839264934.png" alt="4.png" /><img src="http://rmall.net/data/files/store_44/goods_168/201409270839289946.png" alt="5.png" /><img src="http://rmall.net/data/files/store_44/goods_170/201409270839304967.png" alt="6.png" /><img src="http://rmall.net/data/files/store_44/goods_174/201409270839348492.png" alt="7.png" />76<span style="font-size: medium;"><img src="http://rmall.net/data/files/store_44/goods_157/201409270839172737.png" alt="1.png" /><img src="http://rmall.net/data/files/store_44/goods_177/201409270839378569.png" alt="8.png" /><img src="http://rmall.net/data/files/store_44/goods_160/201409270839209305.png" alt="2.png" /></span></p>', 59, '客卧主材	门窗类	金属门窗', '卓福金门', 0, '', '', 1, 0, 0, NULL, 1411806033, 1411960340, 1, 'data/files/store_44/goods_158/small_201409270919183143.png', 1, 31, 47, 59, 0, 1.00, '1', 1.00, ',推拉门,吊趟门,', 1.00, 1411776000, 1432166400),
(228, 47, 'material', 'JOYOU中宇卫浴 浴室洗漱台 挂墙式浴室柜JY68174送龙头00411', '<p><img src="http://rmall.net/data/files/store_47/goods_58/201409260730586815.jpg" alt="JOYOU中宇卫浴 浴室洗漱台 挂墙式浴室柜JY68174送龙头00411济南-淘宝网.jpg" /></p>', 17, '厨卫主材	洁具	浴室柜', '中宇卫浴', 0, '', '', 1, 0, 0, NULL, 1411716666, 1411716666, 304, 'data/files/store_47/goods_35/small_201409260730353907.jpg', 1, 1, 12, 17, 0, 0.00, '', 499.00, '', 0.00, 1412121600, 1412640000),
(229, 47, 'material', '坐便器 中宇喷射虹吸式座便器 连体抽水马桶洁具坐厕卫浴JY60011', '<p><img src="http://rmall.net/data/files/store_47/goods_54/201409260830542841.jpg" alt="未标题-21.jpg" /><img src="http://rmall.net/data/files/store_47/goods_41/201409260830415893.jpg" alt="坐便器 中宇喷射虹吸式座便器 连体抽水马桶洁具坐厕卫浴JY60011-淘宝网.jpg" /></p>', 13, '厨卫主材	洁具	坐便器', '', 0, '', '', 1, 0, 0, NULL, 1411720270, 1411720270, 305, 'data/files/store_47/goods_178/small_201409260826184914.jpg', 1, 1, 12, 13, 0, 0.00, '', 499.00, '', 0.00, 1412121600, 1412640000),
(230, 47, 'material', '淋浴花洒套装 中宇花洒全铜冷热水龙头 莲蓬喷头卫浴龙头JY04852', '<p><img src="http://rmall.net/data/files/store_47/goods_98/201409260834588620.jpg" alt="卫浴11.jpg" /><img src="http://rmall.net/data/files/store_47/goods_146/201409260835462698.jpg" alt="淋浴花洒套装 中宇花洒全铜冷热水龙头 莲蓬喷头卫浴龙头JY04852-tmall.jpg" /></p>', 17, '厨卫主材	洁具	浴室柜', '中宇卫浴', 0, '', '', 1, 0, 0, NULL, 1411720575, 1411720575, 306, 'data/files/store_47/goods_50/small_201409260834102902.jpg', 1, 1, 12, 17, 0, 0.00, '', 499.00, '', 0.00, 1412121600, 1412640000),
(231, 34, 'material', '鑫迪家美木门MD-061', '', 48, '客卧主材	门窗类	实木门', '鑫迪家美', 0, '', '', 1, 0, 0, NULL, 1411720919, 1411720919, 307, 'data/files/store_34/goods_52/small_201409260840528138.JPG', 1, 31, 47, 48, 0, 0.00, '', 1560.00, '', 0.00, 1412121600, 1412640000),
(232, 34, 'material', '鑫迪家美木门MD-1017', '', 48, '客卧主材	门窗类	实木门', '鑫迪家美木么', 0, '', '', 1, 0, 0, NULL, 1411721036, 1411721036, 308, 'data/files/store_34/goods_23/small_201409260843432643.JPG', 1, 31, 47, 48, 0, 0.00, '', 1590.00, '', 0.00, 1412121600, 1412640000);
INSERT INTO `ecm_goods` (`goods_id`, `store_id`, `type`, `goods_name`, `description`, `cate_id`, `cate_name`, `brand`, `spec_qty`, `spec_name_1`, `spec_name_2`, `if_show`, `if_seckill`, `closed`, `close_reason`, `add_time`, `last_update`, `default_spec`, `default_image`, `recommended`, `cate_id_1`, `cate_id_2`, `cate_id_3`, `cate_id_4`, `market_price`, `discount`, `price`, `tags`, `active_price`, `active_start_time`, `active_end_time`) VALUES
(233, 49, 'material', '奥茵地板实木', '', 33, '客卧主材	地板	实木地板', '奥茵', 0, '', '', 1, 0, 0, NULL, 1411722348, 1411722348, 309, 'data/files/store_49/goods_87/small_201409260904472669.jpg', 1, 31, 32, 33, 0, 0.00, '', 85.00, '', 0.00, 1412121600, 1412640000),
(234, 49, 'material', '奥茵地板', '', 34, '客卧主材	地板	强化地板', '奥茵', 0, '', '', 1, 0, 0, NULL, 1411722403, 1411722403, 310, 'data/files/store_49/goods_198/small_201409260906385508.jpg', 1, 31, 32, 34, 0, 0.00, '', 98.00, '', 0.00, 1412121600, 1412640000),
(235, 49, 'material', '奥茵地板全场9折', '', 33, '客卧主材	地板	实木地板', '奥茵', 0, '', '', 1, 0, 0, NULL, 1411722463, 1411722463, 311, 'data/files/store_49/goods_61/small_201409260907416141.jpg', 1, 31, 32, 33, 0, 0.00, '', 98.00, '', 0.00, 1412121600, 1412640000),
(238, 44, 'material', '卓福金门 85路虎 85凹弧平开门新款', '<p><span style="font-size: medium;"><img src="http://rmall.net/data/files/store_44/goods_102/201409270925023738.png" alt="222.png" />新锋</span><a class="jkey" href="http://www.jc001.cn/tag-pkmen/" target="_blank"><span style="font-size: medium;">平开门</span></a><span style="font-size: medium;">（内、外包边）</span></p>\r\n<p><span style="font-size: medium;">可做颜色：白色、澳洲红木、新白橡、巴西红木、红樱桃、电泳香槟、</span></p>\r\n<p class="c1"><span style="font-size: medium;">电泳红木、喷砂香槟、电泳钛金松木、晶泳红木、晶泳金橡</span></p>\r\n<p><span style="font-size: medium;">85凹弧系列平开门（只可外包边）国标1.2</span></p>\r\n<p><span style="font-size: medium;">可做颜色：红檀香、黄檀香、水曲柳、金丝楠木、</span></p>\r\n<p><span style="font-size: medium;">电泳香槟、电泳红木、晶泳金橡、晶泳红木</span></p>\r\n<p><span style="font-size: medium;">85路虎系列国标1.5</span></p>\r\n<p><span style="font-size: medium;">&nbsp; 可做颜色：电泳喷砂紫金、电泳喷砂铁灰、红酸枝、海南黄花梨</span></p>', 59, '客卧主材	门窗类	金属门窗', '卓福金门', 0, '', '', 1, 0, 0, NULL, 1411809927, 1411960287, 1, 'data/files/store_44/goods_69/small_201409270924299687.png', 1, 31, 47, 59, 0, 1.00, '1', 1.00, ',平开门（内、外包边）,', 1.00, 1411776000, 1424908800),
(239, 18, 'material', '罗玛诺尔全抛釉系列LM8630', '<p><span style="color: #666666; font-family: ''Microsoft YaHei'';">意大利罗玛诺尔国际陶瓷集团(中国)有限公司是一家集产品研发，生产，销售为一体的高科技绿色环保节能新型陶瓷企业。</span><br style="color: #666666; font-family: ''Microsoft YaHei'';" /><span style="color: #666666; font-family: ''Microsoft YaHei'';">&nbsp;&nbsp;&nbsp;&nbsp;&nbsp;&nbsp; 公司拥有亚洲一流烧制水平的摩德纳宽体窑炉，西班牙纯进口二代喷墨机以及尖端的专业技术研发人员，全力打造出高规格的高档仿古全抛釉系列、洞石系列、抛晶微晶、玉石系列。公司追求科技时尚的人性化产品研发理念，引领社会发展步伐，以人为本，不断创新，不断满足消费者对于产品的功能需求和审美需求，以独特的花色品种，精良的品质，突出的个性特质和引领潮流的研发，深受用户喜爱，产品畅销国内外多个城市和地区。</span><br style="color: #666666; font-family: ''Microsoft YaHei'';" /><span style="color: #666666; font-family: ''Microsoft YaHei'';">关于我们：</span><br style="color: #666666; font-family: ''Microsoft YaHei'';" /><span style="color: #666666; font-family: ''Microsoft YaHei'';">&nbsp;&nbsp;&nbsp;&nbsp;&nbsp;&nbsp; 中国工程建设重点推广应用产品</span><br style="color: #666666; font-family: ''Microsoft YaHei'';" /><span style="color: #666666; font-family: ''Microsoft YaHei'';">&nbsp;&nbsp;&nbsp;&nbsp;&nbsp;&nbsp; 中国陶瓷行业十大品牌</span><br style="color: #666666; font-family: ''Microsoft YaHei'';" /><span style="color: #666666; font-family: ''Microsoft YaHei'';">&nbsp;&nbsp;&nbsp;&nbsp;&nbsp;&nbsp; 中国绿色环保建材产品</span></p>', 72, '客卧主材	陶瓷	釉面砖', '罗马诺尔', 0, '', '', 1, 0, 0, NULL, 1411890684, 1411890684, 315, 'data/files/store_18/goods_62/small_201409280751032998.jpg', 1, 31, 64, 72, 0, 0.00, '', 59.00, '', 0.00, 1412121600, 1412640000),
(240, 18, 'material', '罗玛诺尔全抛釉系列LM8615', '<p><span style="color: #666666; font-family: ''Microsoft YaHei'';">&nbsp;意大利罗玛诺尔国际陶瓷集团(中国)有限公司是一家集产品研发，生产，销售为一体的高科技绿色环保节能新型陶瓷企业。</span><br style="color: #666666; font-family: ''Microsoft YaHei'';" /><span style="color: #666666; font-family: ''Microsoft YaHei'';">&nbsp;&nbsp;&nbsp;&nbsp;&nbsp;&nbsp; 公司拥有亚洲一流烧制水平的摩德纳宽体窑炉，西班牙纯进口二代喷墨机以及尖端的专业技术研发人员，全力打造出高规格的高档仿古全抛釉系列、洞石系列、抛晶微晶、玉石系列。公司追求科技时尚的人性化产品研发理念，引领社会发展步伐，以人为本，不断创新，不断满足消费者对于产品的功能需求和审美需求，以独特的花色品种，精良的品质，突出的个性特质和引领潮流的研发，深受用户喜爱，产品畅销国内外多个城市和地区。</span><br style="color: #666666; font-family: ''Microsoft YaHei'';" /><span style="color: #666666; font-family: ''Microsoft YaHei'';">关于我们：</span><br style="color: #666666; font-family: ''Microsoft YaHei'';" /><span style="color: #666666; font-family: ''Microsoft YaHei'';">&nbsp;&nbsp;&nbsp;&nbsp;&nbsp;&nbsp; 中国工程建设重点推广应用产品</span><br style="color: #666666; font-family: ''Microsoft YaHei'';" /><span style="color: #666666; font-family: ''Microsoft YaHei'';">&nbsp;&nbsp;&nbsp;&nbsp;&nbsp;&nbsp; 中国陶瓷行业十大品牌</span><br style="color: #666666; font-family: ''Microsoft YaHei'';" /><span style="color: #666666; font-family: ''Microsoft YaHei'';">&nbsp;&nbsp;&nbsp;&nbsp;&nbsp;&nbsp; 中国绿色环保建材产品</span></p>', 72, '客卧主材	陶瓷	釉面砖', '罗马诺尔', 0, '', '', 1, 0, 0, NULL, 1411890795, 1411890795, 316, 'data/files/store_18/goods_155/small_201409280752354498.jpg', 1, 31, 64, 72, 0, 0.00, '', 59.00, '', 0.00, 1412121600, 1412640000),
(241, 48, 'material', '浪漫田园书房套餐 981 982', '', 401, '客卧主材	家具	红木家具', '索菲亚', 0, '', '', 1, 0, 0, NULL, 1411891809, 1411891809, 317, 'data/files/store_48/goods_187/small_201409280809471084.jpg', 1, 31, 256, 401, 0, 0.00, '', 1.00, '', 0.00, 1411862400, 1440979200),
(242, 48, 'material', '现代书房2-枫木', '', 403, '客卧主材	家具	卧室家具', '索菲亚', 0, '', '', 1, 0, 0, NULL, 1411891855, 1411891855, 318, 'data/files/store_48/goods_49/small_201409280810497218.jpg', 1, 31, 256, 403, 0, 0.00, '', 1.00, '', 0.00, 1411862400, 1411862400),
(243, 48, 'material', '现代主义儿童房 716', '', 403, '客卧主材	家具	卧室家具', '索菲亚', 0, '', '', 1, 0, 0, NULL, 1411891904, 1411891904, 319, 'data/files/store_48/goods_100/small_201409280811402616.jpg', 1, 31, 256, 403, 0, 0.00, '', 1.00, '', 0.00, 1411862400, 1427328000),
(244, 38, 'material', '50-212 Dauphin Teal + Jewel In The Crown paint格兰布朗', '', 79, '客卧主材	幕墙壁纸	壁纸', '格兰布朗', 0, '', '', 1, 0, 0, NULL, 1411892256, 1411892256, 320, 'data/files/store_38/goods_52/small_201409280817324428.jpg', 1, 31, 75, 79, 0, 0.00, '', 1.00, '', 0.00, 1411862400, 1429142400),
(245, 38, 'material', 'H-112063格兰布朗', '', 79, '客卧主材	幕墙壁纸	壁纸', '格兰布朗', 0, '', '', 1, 0, 0, NULL, 1411892311, 1411892311, 321, 'data/files/store_38/goods_106/small_201409280818267866.jpg', 1, 31, 75, 79, 0, 0.00, '', 1.00, '', 0.00, 1411862400, 1434672000),
(246, 52, 'material', '钢化玻璃高级鞋柜', '', 403, '客卧主材	家具	卧室家具', '顽皮狗', 0, '', '', 1, 0, 0, NULL, 1411892779, 1411892779, 322, 'data/files/store_52/goods_173/small_201409280826136737.JPG', 1, 31, 256, 403, 0, 0.00, '', 850.00, '', 0.00, 1411862400, 1423180800),
(247, 52, 'material', '白色高级鞋柜', '', 406, '客卧主材	家具	客厅家具', '顽皮狗', 0, '', '', 1, 0, 0, NULL, 1411892895, 1411892895, 323, 'data/files/store_52/goods_78/small_201409280827589264.JPG', 1, 31, 256, 406, 0, 0.00, '', 800.00, '', 0.00, 1411862400, 1424390400),
(248, 53, 'material', '60#断桥窗', '', 63, '客卧主材	门窗类	其他门窗', '兰氏门窗', 0, '', '', 1, 0, 0, NULL, 1411893488, 1411893488, 324, 'data/files/store_53/goods_85/small_201409280838058566.JPG', 1, 31, 47, 63, 0, 0.00, '', 680.00, '', 0.00, 1411862400, 1423785600),
(249, 53, 'material', '点亮亮点  水晶柱80*80', '', 63, '客卧主材	门窗类	其他门窗', '兰氏门窗', 0, '', '', 1, 0, 0, NULL, 1411893581, 1411893581, 325, 'data/files/store_53/goods_178/small_201409280839384670.JPG', 1, 31, 47, 63, 0, 0.00, '', 328.00, '', 0.00, 1411862400, 1423785600);

-- --------------------------------------------------------

--
-- 表的结构 `ecm_goods_attr`
--

DROP TABLE IF EXISTS `ecm_goods_attr`;
CREATE TABLE IF NOT EXISTS `ecm_goods_attr` (
  `gattr_id` int(10) unsigned NOT NULL auto_increment,
  `goods_id` int(10) unsigned NOT NULL default '0',
  `attr_name` varchar(60) NOT NULL default '',
  `attr_value` varchar(255) NOT NULL default '',
  `attr_id` int(10) unsigned default NULL,
  `sort_order` tinyint(3) unsigned default NULL,
  PRIMARY KEY  (`gattr_id`),
  KEY `goods_id` (`goods_id`)
) ENGINE=MyISAM DEFAULT CHARSET=utf8 AUTO_INCREMENT=1 ;

-- --------------------------------------------------------

--
-- 表的结构 `ecm_goods_image`
--

DROP TABLE IF EXISTS `ecm_goods_image`;
CREATE TABLE IF NOT EXISTS `ecm_goods_image` (
  `image_id` int(10) unsigned NOT NULL auto_increment,
  `goods_id` int(10) unsigned NOT NULL default '0',
  `image_url` varchar(255) NOT NULL default '',
  `thumbnail` varchar(255) NOT NULL default '',
  `sort_order` tinyint(4) unsigned NOT NULL default '0',
  `file_id` int(11) unsigned NOT NULL default '0',
  PRIMARY KEY  (`image_id`),
  KEY `goods_id` (`goods_id`)
) ENGINE=MyISAM  DEFAULT CHARSET=utf8 AUTO_INCREMENT=378 ;

--
-- 转存表中的数据 `ecm_goods_image`
--

INSERT INTO `ecm_goods_image` (`image_id`, `goods_id`, `image_url`, `thumbnail`, `sort_order`, `file_id`) VALUES
(119, 1, 'data/files/store_2/goods_123/201407231745237300.jpg', 'data/files/store_2/goods_123/small_201407231745237300.jpg', 1, 169),
(143, 52, 'data/files/store_2/goods_188/201407251026283573.jpg', 'data/files/store_2/goods_188/small_201407251026283573.jpg', 1, 287),
(144, 53, 'data/files/store_2/goods_28/201407251037087654.jpg', 'data/files/store_2/goods_28/small_201407251037087654.jpg', 1, 291),
(145, 54, 'data/files/store_2/goods_41/201407251507216293.jpg', 'data/files/store_2/goods_41/small_201407251507216293.jpg', 1, 294),
(146, 55, 'data/files/store_2/goods_104/201407251515049311.jpg', 'data/files/store_2/goods_104/small_201407251515049311.jpg', 1, 301),
(127, 2, 'data/files/store_2/goods_142/201407231812229670.jpg', 'data/files/store_2/goods_142/small_201407231812229670.jpg', 1, 182),
(128, 38, 'data/files/store_2/goods_122/201407231818424767.jpg', 'data/files/store_2/goods_122/small_201407231818424767.jpg', 1, 186),
(129, 39, 'data/files/store_2/goods_54/201407241104149960.jpg', 'data/files/store_2/goods_54/small_201407241104149960.jpg', 1, 188),
(126, 3, 'data/files/store_2/goods_22/201407231807024491.jpg', 'data/files/store_2/goods_22/small_201407231807024491.jpg', 1, 179),
(130, 40, 'data/files/store_2/goods_92/201407241124521744.jpg', 'data/files/store_2/goods_92/small_201407241124521744.jpg', 1, 192),
(131, 41, 'data/files/store_2/goods_71/201407241141119895.jpg', 'data/files/store_2/goods_71/small_201407241141119895.jpg', 1, 198),
(132, 42, 'data/files/store_2/goods_25/201407241153455083.jpg', 'data/files/store_2/goods_25/small_201407241153455083.jpg', 1, 205),
(125, 4, 'data/files/store_2/goods_19/201407231803397101.jpg', 'data/files/store_2/goods_19/small_201407231803397101.jpg', 1, 176),
(133, 43, 'data/files/store_2/goods_22/201407241520226511.jpg', 'data/files/store_2/goods_22/small_201407241520226511.jpg', 1, 217),
(134, 44, 'data/files/store_2/goods_91/201407241531317694.jpg', 'data/files/store_2/goods_91/small_201407241531317694.jpg', 1, 234),
(135, 45, 'data/files/store_2/goods_15/201407241543351085.jpg', 'data/files/store_2/goods_15/small_201407241543351085.jpg', 1, 237),
(136, 46, 'data/files/store_2/goods_100/201407241551406303.jpg', 'data/files/store_2/goods_100/small_201407241551406303.jpg', 1, 240),
(124, 5, 'data/files/store_2/goods_2/201407231800023341.jpg', 'data/files/store_2/goods_2/small_201407231800023341.jpg', 1, 174),
(123, 6, 'data/files/store_2/goods_74/201407231757544160.jpg', 'data/files/store_2/goods_74/small_201407231757544160.jpg', 1, 173),
(137, 47, 'data/files/store_2/goods_108/201407241601482163.jpg', 'data/files/store_2/goods_108/small_201407241601482163.jpg', 1, 251),
(138, 48, 'data/files/store_2/goods_192/201407241609523150.jpg', 'data/files/store_2/goods_192/small_201407241609523150.jpg', 1, 254),
(122, 7, 'data/files/store_2/goods_114/201407231755149892.jpg', 'data/files/store_2/goods_114/small_201407231755149892.jpg', 1, 172),
(139, 49, 'data/files/store_2/goods_137/201407241702174452.jpg', 'data/files/store_2/goods_137/small_201407241702174452.jpg', 1, 260),
(121, 8, 'data/files/store_2/goods_158/201407231752386750.jpg', 'data/files/store_2/goods_158/small_201407231752386750.jpg', 1, 171),
(141, 50, 'data/files/store_2/goods_96/201407241718161631.jpg', 'data/files/store_2/goods_96/small_201407241718161631.jpg', 1, 264),
(120, 9, 'data/files/store_2/goods_11/201407231750112971.jpg', 'data/files/store_2/goods_11/small_201407231750112971.jpg', 1, 170),
(142, 51, 'data/files/store_2/goods_195/201407251013159950.jpg', 'data/files/store_2/goods_195/small_201407251013159950.jpg', 1, 273),
(118, 10, 'data/files/store_2/goods_36/201407231737161861.jpg', 'data/files/store_2/goods_36/small_201407231737161861.jpg', 1, 167),
(147, 56, 'data/files/store_2/goods_129/201407251522097934.jpg', 'data/files/store_2/goods_129/small_201407251522097934.jpg', 1, 303),
(148, 57, 'data/files/store_2/goods_173/201407251526136852.jpg', 'data/files/store_2/goods_173/small_201407251526136852.jpg', 1, 305),
(149, 58, 'data/files/store_2/goods_79/201407251531197017.jpg', 'data/files/store_2/goods_79/small_201407251531197017.jpg', 1, 307),
(117, 11, 'data/files/store_2/goods_93/201407231731333095.jpg', 'data/files/store_2/goods_93/small_201407231731333095.jpg', 1, 165),
(116, 12, 'data/files/store_2/goods_104/201407231721448733.jpg', 'data/files/store_2/goods_104/small_201407231721448733.jpg', 1, 162),
(150, 59, 'data/files/store_2/goods_29/201407251610299040.jpg', 'data/files/store_2/goods_29/small_201407251610299040.jpg', 1, 309),
(115, 13, 'data/files/store_2/goods_58/201407231710588433.jpg', 'data/files/store_2/goods_58/small_201407231710588433.jpg', 1, 160),
(151, 60, 'data/files/store_2/goods_10/201407251636507453.jpg', 'data/files/store_2/goods_10/small_201407251636507453.jpg', 1, 311),
(114, 14, 'data/files/store_2/goods_11/201407231600111941.jpg', 'data/files/store_2/goods_11/small_201407231600111941.jpg', 1, 158),
(166, 75, 'data/files/store_18/goods_193/201408021743131095.jpg', 'data/files/store_18/goods_193/small_201408021743131095.jpg', 1, 332),
(153, 62, 'data/files/store_4/goods_69/201408021444297455.jpg', 'data/files/store_4/goods_69/small_201408021444297455.jpg', 1, 316),
(113, 15, 'data/files/store_2/goods_143/201407231512234085.jpg', 'data/files/store_2/goods_143/small_201407231512234085.jpg', 1, 156),
(112, 16, 'data/files/store_2/goods_197/201407231456373486.jpg', 'data/files/store_2/goods_197/small_201407231456373486.jpg', 1, 153),
(111, 17, 'data/files/store_2/goods_84/201407211454442252.jpg', 'data/files/store_2/goods_84/small_201407211454442252.jpg', 1, 151),
(154, 63, 'data/files/store_4/goods_167/201408021459273938.jpg', 'data/files/store_4/goods_167/small_201408021459273938.jpg', 1, 318),
(110, 18, 'data/files/store_2/goods_28/201407191640284883.jpg', 'data/files/store_2/goods_28/small_201407191640284883.jpg', 1, 149),
(156, 65, 'data/files/store_18/goods_113/201408021711538456.jpg', 'data/files/store_18/goods_113/small_201408021711538456.jpg', 1, 322),
(109, 19, 'data/files/store_2/goods_54/201407191617348233.jpg', 'data/files/store_2/goods_54/small_201407191617348233.jpg', 1, 147),
(157, 66, 'data/files/store_18/goods_73/201408021714337832.jpg', 'data/files/store_18/goods_73/small_201408021714337832.jpg', 1, 323),
(108, 20, 'data/files/store_2/goods_151/201407191539115271.jpg', 'data/files/store_2/goods_151/small_201407191539115271.jpg', 1, 145),
(165, 74, 'data/files/store_18/goods_174/201408021736148364.jpg', 'data/files/store_18/goods_174/small_201408021736148364.jpg', 1, 331),
(164, 73, 'data/files/store_18/goods_82/201408021734436861.jpg', 'data/files/store_18/goods_82/small_201408021734436861.jpg', 1, 330),
(107, 21, 'data/files/store_2/goods_145/201407191525453837.jpg', 'data/files/store_2/goods_145/small_201407191525453837.jpg', 1, 143),
(161, 70, 'data/files/store_18/goods_159/201408021722394496.jpg', 'data/files/store_18/goods_159/small_201408021722394496.jpg', 1, 327),
(162, 71, 'data/files/store_18/goods_26/201408021723461843.jpg', 'data/files/store_18/goods_26/small_201408021723461843.jpg', 1, 328),
(163, 72, 'data/files/store_18/goods_5/201408021733255378.jpg', 'data/files/store_18/goods_5/small_201408021733255378.jpg', 1, 329),
(103, 35, 'data/files/store_2/goods_93/201407161101332256.jpg', 'data/files/store_2/goods_93/small_201407161101332256.jpg', 1, 137),
(63, 23, 'data/files/store_2/goods_64/200908060954245662.jpg', 'data/files/store_2/goods_64/small_200908060954245662.jpg', 1, 65),
(64, 23, 'data/files/store_2/goods_72/200908060954323544.jpg', 'data/files/store_2/goods_72/small_200908060954323544.jpg', 255, 66),
(65, 23, 'data/files/store_2/goods_86/200908060954465326.jpg', 'data/files/store_2/goods_86/small_200908060954465326.jpg', 255, 67),
(101, 24, 'data/files/store_2/goods_170/201407160942503860.jpg', 'data/files/store_2/goods_170/small_201407160942503860.jpg', 1, 134),
(104, 25, 'data/files/store_2/goods_161/201407170852414720.jpg', 'data/files/store_2/goods_161/small_201407170852414720.jpg', 1, 138),
(105, 37, 'data/files/store_2/goods_109/201407181531498803.jpg', 'data/files/store_2/goods_109/small_201407181531498803.jpg', 1, 139),
(106, 36, 'data/files/store_2/goods_120/201407191508409497.jpg', 'data/files/store_2/goods_120/small_201407191508409497.jpg', 1, 141),
(324, 214, 'data/files/store_42/goods_62/201409230954229451.jpg', 'data/files/store_42/goods_62/small_201409230954229451.jpg', 255, 752),
(323, 214, 'data/files/store_42/goods_62/201409230954221786.jpg', 'data/files/store_42/goods_62/small_201409230954221786.jpg', 1, 751),
(322, 213, 'data/files/store_42/goods_148/201409230919085494.jpg', 'data/files/store_42/goods_148/small_201409230919085494.jpg', 1, 744),
(321, 212, 'data/files/store_42/goods_171/201409230909314377.jpg', 'data/files/store_42/goods_171/small_201409230909314377.jpg', 1, 742),
(170, 79, 'data/files/store_18/goods_154/201408021749148919.jpg', 'data/files/store_18/goods_154/small_201408021749148919.jpg', 1, 336),
(169, 78, 'data/files/store_18/goods_120/201408021748406558.jpg', 'data/files/store_18/goods_120/small_201408021748406558.jpg', 1, 335),
(98, 22, 'data/files/store_2/goods_164/201407151506049687.jpg', 'data/files/store_2/goods_164/small_201407151506049687.jpg', 1, 126),
(167, 76, 'data/files/store_18/goods_152/201408021745526904.jpg', 'data/files/store_18/goods_152/small_201408021745526904.jpg', 1, 333),
(168, 77, 'data/files/store_18/goods_10/201408021746507593.jpg', 'data/files/store_18/goods_10/small_201408021746507593.jpg', 1, 334),
(97, 27, 'data/files/store_2/goods_92/201407120958124612.jpg', 'data/files/store_2/goods_92/small_201407120958124612.jpg', 1, 124),
(96, 28, 'data/files/store_2/goods_139/201407120942193679.jpg', 'data/files/store_2/goods_139/small_201407120942193679.jpg', 1, 122),
(95, 29, 'data/files/store_2/goods_149/201407111022296552.jpg', 'data/files/store_2/goods_149/small_201407111022296552.jpg', 1, 117),
(94, 31, 'data/files/store_2/goods_39/201407111017197262.jpg', 'data/files/store_2/goods_39/small_201407111017197262.jpg', 1, 115),
(171, 80, 'data/files/store_18/goods_22/201408021750229153.jpg', 'data/files/store_18/goods_22/small_201408021750229153.jpg', 1, 337),
(140, 32, 'data/files/store_2/goods_76/201407241707569956.jpg', 'data/files/store_2/goods_76/small_201407241707569956.jpg', 1, 263),
(155, 64, 'data/files/store_4/goods_23/201408021520237670.jpg', 'data/files/store_4/goods_23/small_201408021520237670.jpg', 1, 320),
(91, 34, 'data/files/store_2/goods_181/201407100956215230.jpg', 'data/files/store_2/goods_181/small_201407100956215230.jpg', 1, 102),
(92, 33, 'data/files/store_2/goods_0/201407101036408039.jpg', 'data/files/store_2/goods_0/small_201407101036408039.jpg', 1, 106),
(90, 30, 'data/files/store_2/goods_126/201407100938463926.jpg', 'data/files/store_2/goods_126/small_201407100938463926.jpg', 1, 100),
(172, 81, 'data/files/store_18/goods_101/201408021751419632.jpg', 'data/files/store_18/goods_101/small_201408021751419632.jpg', 1, 338),
(173, 82, 'data/files/store_18/goods_14/201408021756544779.jpg', 'data/files/store_18/goods_14/small_201408021756544779.jpg', 1, 339),
(174, 83, 'data/files/store_18/goods_47/201408040917278897.jpg', 'data/files/store_18/goods_47/small_201408040917278897.jpg', 1, 340),
(175, 84, 'data/files/store_18/goods_15/201408040920152058.jpg', 'data/files/store_18/goods_15/small_201408040920152058.jpg', 1, 341),
(176, 85, 'data/files/store_18/goods_164/201408040922444110.jpg', 'data/files/store_18/goods_164/small_201408040922444110.jpg', 1, 342),
(177, 86, 'data/files/store_18/goods_119/201408040925199436.jpg', 'data/files/store_18/goods_119/small_201408040925199436.jpg', 1, 343),
(178, 87, 'data/files/store_18/goods_99/201408040931398979.jpg', 'data/files/store_18/goods_99/small_201408040931398979.jpg', 1, 344),
(179, 88, 'data/files/store_18/goods_99/201408040934592687.jpg', 'data/files/store_18/goods_99/small_201408040934592687.jpg', 1, 345),
(180, 89, 'data/files/store_18/goods_86/201408040938066593.jpg', 'data/files/store_18/goods_86/small_201408040938066593.jpg', 1, 346),
(181, 90, 'data/files/store_18/goods_162/201408040939225315.jpg', 'data/files/store_18/goods_162/small_201408040939225315.jpg', 1, 347),
(182, 91, 'data/files/store_18/goods_17/201408040940178083.jpg', 'data/files/store_18/goods_17/small_201408040940178083.jpg', 1, 348),
(183, 92, 'data/files/store_18/goods_83/201408040941231800.jpg', 'data/files/store_18/goods_83/small_201408040941231800.jpg', 1, 349),
(184, 93, 'data/files/store_18/goods_170/201408041032505866.jpg', 'data/files/store_18/goods_170/small_201408041032505866.jpg', 1, 350),
(185, 94, 'data/files/store_2/goods_196/201408041516362013.jpg', 'data/files/store_2/goods_196/small_201408041516362013.jpg', 1, 351),
(186, 95, 'data/files/store_2/goods_148/201408041522285100.jpg', 'data/files/store_2/goods_148/small_201408041522285100.jpg', 1, 357),
(187, 96, 'data/files/store_2/goods_58/201408051127399721.jpg', 'data/files/store_2/goods_58/small_201408051127399721.jpg', 1, 359),
(188, 97, 'data/files/store_2/goods_182/201408051133022706.jpg', 'data/files/store_2/goods_182/small_201408051133022706.jpg', 1, 362),
(189, 98, 'data/files/store_2/goods_160/201408051136009318.jpg', 'data/files/store_2/goods_160/small_201408051136009318.jpg', 1, 364),
(190, 99, 'data/files/store_2/goods_39/201408051137191892.jpg', 'data/files/store_2/goods_39/small_201408051137191892.jpg', 1, 366),
(191, 100, 'data/files/store_2/goods_132/201408051138523849.jpg', 'data/files/store_2/goods_132/small_201408051138523849.jpg', 1, 368),
(192, 101, 'data/files/store_2/goods_196/201408051139567028.jpg', 'data/files/store_2/goods_196/small_201408051139567028.jpg', 1, 370),
(193, 102, 'data/files/store_2/goods_70/201408051141104466.jpg', 'data/files/store_2/goods_70/small_201408051141104466.jpg', 1, 372),
(194, 103, 'data/files/store_2/goods_55/201408051424151949.jpg', 'data/files/store_2/goods_55/small_201408051424151949.jpg', 1, 374),
(195, 104, 'data/files/store_2/goods_146/201408051425461279.jpg', 'data/files/store_2/goods_146/small_201408051425461279.jpg', 1, 376),
(196, 105, 'data/files/store_2/goods_45/201408051427255936.jpg', 'data/files/store_2/goods_45/small_201408051427255936.jpg', 1, 378),
(197, 106, 'data/files/store_2/goods_119/201408051428399112.jpg', 'data/files/store_2/goods_119/small_201408051428399112.jpg', 1, 380),
(198, 107, 'data/files/store_2/goods_5/201408051430058697.jpg', 'data/files/store_2/goods_5/small_201408051430058697.jpg', 1, 382),
(199, 108, 'data/files/store_2/goods_178/201408051432585679.jpg', 'data/files/store_2/goods_178/small_201408051432585679.jpg', 1, 384),
(200, 109, 'data/files/store_2/goods_79/201408051434391268.jpg', 'data/files/store_2/goods_79/small_201408051434391268.jpg', 1, 386),
(201, 110, 'data/files/store_2/goods_155/201408051435553124.jpg', 'data/files/store_2/goods_155/small_201408051435553124.jpg', 1, 387),
(202, 111, 'data/files/store_2/goods_22/201408051437026644.jpg', 'data/files/store_2/goods_22/small_201408051437026644.jpg', 1, 389),
(203, 112, 'data/files/store_2/goods_87/201408051438073668.jpg', 'data/files/store_2/goods_87/small_201408051438073668.jpg', 1, 390),
(204, 113, 'data/files/store_2/goods_147/201408051439079277.jpg', 'data/files/store_2/goods_147/small_201408051439079277.jpg', 1, 391),
(205, 114, 'data/files/store_2/goods_50/201408051454104175.jpg', 'data/files/store_2/goods_50/small_201408051454104175.jpg', 1, 392),
(206, 115, 'data/files/store_2/goods_0/201408051500001262.jpg', 'data/files/store_2/goods_0/small_201408051500001262.jpg', 1, 393),
(207, 116, 'data/files/store_2/goods_111/201408051505113849.jpg', 'data/files/store_2/goods_111/small_201408051505113849.jpg', 1, 394),
(208, 117, 'data/files/store_2/goods_42/201408051620421710.jpg', 'data/files/store_2/goods_42/small_201408051620421710.jpg', 1, 395),
(209, 118, 'data/files/store_2/goods_110/201408061458304081.jpg', 'data/files/store_2/goods_110/small_201408061458304081.jpg', 1, 396),
(210, 119, 'data/files/store_2/goods_72/201408061507527760.jpg', 'data/files/store_2/goods_72/small_201408061507527760.jpg', 1, 397),
(211, 120, 'data/files/store_2/goods_158/201408061515589375.jpg', 'data/files/store_2/goods_158/small_201408061515589375.jpg', 1, 398),
(212, 121, 'data/files/store_2/goods_90/201408061521307926.jpg', 'data/files/store_2/goods_90/small_201408061521307926.jpg', 1, 399),
(213, 122, 'data/files/store_2/goods_8/201408061526484392.jpg', 'data/files/store_2/goods_8/small_201408061526484392.jpg', 1, 400),
(214, 123, 'data/files/store_2/goods_115/201408080931555375.jpg', 'data/files/store_2/goods_115/small_201408080931555375.jpg', 1, 402),
(215, 125, 'data/files/store_18/goods_22/201408190840223056.jpg', 'data/files/store_18/goods_22/small_201408190840223056.jpg', 1, 410),
(216, 125, 'data/files/store_18/goods_123/201408190842039796.jpg', 'data/files/store_18/goods_123/small_201408190842039796.jpg', 255, 411),
(217, 125, 'data/files/store_18/goods_127/201408190842076967.jpg', 'data/files/store_18/goods_127/small_201408190842076967.jpg', 255, 412),
(218, 126, 'data/files/store_18/goods_196/201408190923168301.jpg', 'data/files/store_18/goods_196/small_201408190923168301.jpg', 1, 417),
(219, 126, 'data/files/store_18/goods_17/201408190923377728.jpg', 'data/files/store_18/goods_17/small_201408190923377728.jpg', 255, 418),
(220, 127, 'data/files/store_27/goods_8/201408200846489356.jpg', 'data/files/store_27/goods_8/small_201408200846489356.jpg', 1, 425),
(221, 128, 'data/files/store_27/goods_24/201408200947045264.jpg', 'data/files/store_27/goods_24/small_201408200947045264.jpg', 1, 426),
(222, 128, 'data/files/store_27/goods_48/201408200947283106.jpg', 'data/files/store_27/goods_48/small_201408200947283106.jpg', 255, 427),
(223, 128, 'data/files/store_27/goods_55/201408200947359632.jpg', 'data/files/store_27/goods_55/small_201408200947359632.jpg', 255, 428),
(225, 129, 'data/files/store_27/goods_166/201408201116065869.jpg', 'data/files/store_27/goods_166/small_201408201116065869.jpg', 1, 443),
(229, 132, 'data/files/store_27/goods_78/201408201601187209.jpg', 'data/files/store_27/goods_78/small_201408201601187209.jpg', 1, 458),
(227, 131, 'data/files/store_27/goods_54/201408201510549016.jpg', 'data/files/store_27/goods_54/small_201408201510549016.jpg', 1, 451),
(230, 133, 'data/files/store_27/goods_22/201408201633424539.jpg', 'data/files/store_27/goods_22/small_201408201633424539.jpg', 255, 459),
(231, 133, 'data/files/store_27/goods_22/201408201633425250.jpg', 'data/files/store_27/goods_22/small_201408201633425250.jpg', 1, 460),
(232, 134, 'data/files/store_27/goods_138/201408201635383885.jpg', 'data/files/store_27/goods_138/small_201408201635383885.jpg', 255, 467),
(233, 134, 'data/files/store_27/goods_139/201408201635397950.jpg', 'data/files/store_27/goods_139/small_201408201635397950.jpg', 1, 468),
(234, 135, 'data/files/store_27/goods_50/201408201637303652.jpg', 'data/files/store_27/goods_50/small_201408201637303652.jpg', 1, 471),
(235, 136, 'data/files/store_18/goods_104/201408201925042870.jpg', 'data/files/store_18/goods_104/small_201408201925042870.jpg', 1, 481),
(236, 137, 'data/files/store_18/goods_36/201408202130363059.jpg', 'data/files/store_18/goods_36/small_201408202130363059.jpg', 1, 488),
(240, 140, 'data/files/store_27/goods_61/201408202154212778.jpg', 'data/files/store_27/goods_61/small_201408202154212778.jpg', 1, 523),
(239, 141, 'data/files/store_27/goods_9/201408202153294687.jpg', 'data/files/store_27/goods_9/small_201408202153294687.jpg', 1, 508),
(241, 142, 'data/files/store_27/goods_153/201408211005539086.jpg', 'data/files/store_27/goods_153/small_201408211005539086.jpg', 1, 544),
(242, 143, 'data/files/store_27/goods_115/201408211725154416.jpg', 'data/files/store_27/goods_115/small_201408211725154416.jpg', 1, 554),
(243, 144, 'data/files/store_27/goods_112/201408211728322998.jpg', 'data/files/store_27/goods_112/small_201408211728322998.jpg', 1, 564),
(244, 145, 'data/files/store_27/goods_177/201408211729371424.jpg', 'data/files/store_27/goods_177/small_201408211729371424.jpg', 1, 565),
(245, 147, 'data/files/store_27/goods_117/201408211731578411.jpg', 'data/files/store_27/goods_117/small_201408211731578411.jpg', 1, 574),
(246, 148, 'data/files/store_27/goods_10/201408211736507718.jpg', 'data/files/store_27/goods_10/small_201408211736507718.jpg', 1, 584),
(251, 149, 'data/files/store_27/goods_161/201408211739216789.jpg', 'data/files/store_27/goods_161/small_201408211739216789.jpg', 1, 598),
(252, 150, 'data/files/store_27/goods_17/201408211743377525.jpg', 'data/files/store_27/goods_17/small_201408211743377525.jpg', 1, 608),
(254, 152, 'data/files/store_27/goods_19/201408211753399426.jpg', 'data/files/store_27/goods_19/small_201408211753399426.jpg', 1, 628),
(253, 151, 'data/files/store_27/goods_148/201408211745484619.jpg', 'data/files/store_27/goods_148/small_201408211745484619.jpg', 1, 618),
(262, 153, 'data/files/store_2/goods_39/201408221140399758.jpg', 'data/files/store_2/goods_39/small_201408221140399758.jpg', 1, 645),
(263, 154, 'data/files/store_2/goods_52/201408270907323821.png', 'data/files/store_2/goods_52/small_201408270907323821.png', 1, 648),
(264, 155, 'data/files/store_2/goods_112/201408270911525644.png', 'data/files/store_2/goods_112/small_201408270911525644.png', 1, 649),
(265, 156, 'data/files/store_2/goods_0/201408270913205319.png', 'data/files/store_2/goods_0/small_201408270913205319.png', 1, 651),
(266, 157, 'data/files/store_2/goods_51/201408270914112403.png', 'data/files/store_2/goods_51/small_201408270914112403.png', 1, 652),
(272, 164, 'data/files/store_23/goods_140/201409051252208347.jpg', 'data/files/store_23/goods_140/small_201409051252208347.jpg', 1, 677),
(268, 160, 'data/files/store_35/goods_35/201409031633551952.jpg', 'data/files/store_35/goods_35/small_201409031633551952.jpg', 1, 667),
(269, 161, 'data/files/store_35/goods_163/201409031636031892.jpg', 'data/files/store_35/goods_163/small_201409031636031892.jpg', 1, 670),
(270, 162, 'data/files/store_35/goods_68/201409031647482593.jpg', 'data/files/store_35/goods_68/small_201409031647482593.jpg', 1, 673),
(271, 163, 'data/files/store_35/goods_111/201409031651511662.jpg', 'data/files/store_35/goods_111/small_201409031651511662.jpg', 1, 676),
(273, 165, 'data/files/store_23/goods_186/201409051319466216.jpg', 'data/files/store_23/goods_186/small_201409051319466216.jpg', 1, 680),
(274, 166, 'data/files/store_23/goods_165/201409061049256259.jpg', 'data/files/store_23/goods_165/small_201409061049256259.jpg', 1, 685),
(275, 167, 'data/files/store_33/goods_168/201409061059286699.png', 'data/files/store_33/goods_168/small_201409061059286699.png', 1, 686),
(276, 168, 'data/files/store_33/goods_175/201409061129357718.jpg', 'data/files/store_33/goods_175/small_201409061129357718.jpg', 1, 687),
(282, 175, 'data/files/store_36/goods_154/201409111459145918.JPG', 'data/files/store_36/goods_154/small_201409111459145918.JPG', 1, 693),
(278, 170, 'data/files/store_33/goods_5/201409061716453054.jpg', 'data/files/store_33/goods_5/small_201409061716453054.jpg', 1, 689),
(281, 174, 'data/files/store_33/goods_192/201409111449528487.jpg', 'data/files/store_33/goods_192/small_201409111449528487.jpg', 1, 692),
(280, 173, 'data/files/store_33/goods_52/201409111430524218.jpg', 'data/files/store_33/goods_52/small_201409111430524218.jpg', 1, 691),
(283, 177, 'data/files/store_33/goods_63/201409111501032952.jpg', 'data/files/store_33/goods_63/small_201409111501032952.jpg', 1, 695),
(284, 176, 'data/files/store_36/goods_116/201409111501562824.JPG', 'data/files/store_36/goods_116/small_201409111501562824.JPG', 1, 697),
(285, 178, 'data/files/store_36/goods_0/201409111503206394.JPG', 'data/files/store_36/goods_0/small_201409111503206394.JPG', 1, 698),
(286, 179, 'data/files/store_36/goods_109/201409111505092331.JPG', 'data/files/store_36/goods_109/small_201409111505092331.JPG', 1, 700),
(287, 180, 'data/files/store_33/goods_175/201409111506152986.jpg', 'data/files/store_33/goods_175/small_201409111506152986.jpg', 1, 702),
(289, 181, 'data/files/store_36/goods_53/201409111507337206.JPG', 'data/files/store_36/goods_53/small_201409111507337206.JPG', 1, 704),
(290, 182, 'data/files/store_36/goods_6/201409111510068426.JPG', 'data/files/store_36/goods_6/small_201409111510068426.JPG', 1, 706),
(291, 183, 'data/files/store_33/goods_31/201409111510319175.jpg', 'data/files/store_33/goods_31/small_201409111510319175.jpg', 1, 708),
(294, 186, 'data/files/store_33/goods_136/201409111535363762.jpg', 'data/files/store_33/goods_136/small_201409111535363762.jpg', 1, 711),
(293, 185, 'data/files/store_33/goods_96/201409111531363493.jpg', 'data/files/store_33/goods_96/small_201409111531363493.jpg', 1, 710),
(295, 187, 'data/files/store_33/goods_178/201409111542583395.jpg', 'data/files/store_33/goods_178/small_201409111542583395.jpg', 1, 712),
(296, 188, 'data/files/store_33/goods_149/201409111545495895.jpg', 'data/files/store_33/goods_149/small_201409111545495895.jpg', 1, 713),
(297, 189, 'data/files/store_33/goods_194/201409111549543470.jpg', 'data/files/store_33/goods_194/small_201409111549543470.jpg', 1, 714),
(298, 190, 'data/files/store_33/goods_137/201409111552174431.jpg', 'data/files/store_33/goods_137/small_201409111552174431.jpg', 1, 715),
(299, 191, 'data/files/store_33/goods_51/201409111554115798.jpg', 'data/files/store_33/goods_51/small_201409111554115798.jpg', 1, 716),
(300, 192, 'data/files/store_33/goods_23/201409111600236559.jpg', 'data/files/store_33/goods_23/small_201409111600236559.jpg', 1, 717),
(301, 193, 'data/files/store_33/goods_53/201409111604137975.jpg', 'data/files/store_33/goods_53/small_201409111604137975.jpg', 1, 718),
(302, 194, 'data/files/store_33/goods_29/201409111607095600.jpg', 'data/files/store_33/goods_29/small_201409111607095600.jpg', 1, 719),
(303, 195, 'data/files/store_33/goods_13/201409111613331508.jpg', 'data/files/store_33/goods_13/small_201409111613331508.jpg', 1, 720),
(304, 196, 'data/files/store_33/goods_167/201409111616077559.jpg', 'data/files/store_33/goods_167/small_201409111616077559.jpg', 1, 721),
(305, 0, 'data/files/store_33/goods_5/201409111620053476.jpg', 'data/files/store_33/goods_5/small_201409111620053476.jpg', 255, 722),
(306, 197, 'data/files/store_38/goods_160/201409170336007364.jpg', 'data/files/store_38/goods_160/small_201409170336007364.jpg', 1, 723),
(307, 198, 'data/files/store_38/goods_61/201409170337415220.jpg', 'data/files/store_38/goods_61/small_201409170337415220.jpg', 1, 724),
(308, 199, 'data/files/store_38/goods_148/201409170339089489.jpg', 'data/files/store_38/goods_148/small_201409170339089489.jpg', 1, 725),
(309, 200, 'data/files/store_38/goods_39/201409170340394906.jpg', 'data/files/store_38/goods_39/small_201409170340394906.jpg', 1, 726),
(310, 201, 'data/files/store_38/goods_119/201409170341595585.jpg', 'data/files/store_38/goods_119/small_201409170341595585.jpg', 1, 727),
(311, 202, 'data/files/store_38/goods_188/201409170343091363.jpg', 'data/files/store_38/goods_188/small_201409170343091363.jpg', 1, 728),
(312, 203, 'data/files/store_38/goods_85/201409170344451032.jpg', 'data/files/store_38/goods_85/small_201409170344451032.jpg', 1, 729),
(313, 204, 'data/files/store_38/goods_194/201409170346344902.jpg', 'data/files/store_38/goods_194/small_201409170346344902.jpg', 1, 730),
(314, 205, 'data/files/store_38/goods_68/201409170347489056.jpg', 'data/files/store_38/goods_68/small_201409170347489056.jpg', 1, 731),
(315, 206, 'data/files/store_38/goods_137/201409170348572986.jpg', 'data/files/store_38/goods_137/small_201409170348572986.jpg', 1, 732),
(316, 207, 'data/files/store_38/goods_11/201409170350113390.jpg', 'data/files/store_38/goods_11/small_201409170350113390.jpg', 1, 733),
(317, 208, 'data/files/store_38/goods_81/201409170351212249.jpg', 'data/files/store_38/goods_81/small_201409170351212249.jpg', 1, 734),
(318, 209, 'data/files/store_39/goods_163/201409170452437339.jpg', 'data/files/store_39/goods_163/small_201409170452437339.jpg', 1, 735),
(319, 210, 'data/files/store_39/goods_160/201409170456003754.jpg', 'data/files/store_39/goods_160/small_201409170456003754.jpg', 1, 737),
(320, 211, 'data/files/store_39/goods_131/201409170458518755.jpg', 'data/files/store_39/goods_131/small_201409170458518755.jpg', 1, 739),
(325, 215, 'data/files/store_42/goods_84/201409231004442916.jpg', 'data/files/store_42/goods_84/small_201409231004442916.jpg', 1, 754),
(326, 215, 'data/files/store_42/goods_84/201409231004441716.jpg', 'data/files/store_42/goods_84/small_201409231004441716.jpg', 255, 755),
(327, 216, 'data/files/store_42/goods_159/201409231052391104.jpg', 'data/files/store_42/goods_159/small_201409231052391104.jpg', 1, 759),
(328, 217, 'data/files/store_42/goods_173/201409231116133394.jpg', 'data/files/store_42/goods_173/small_201409231116133394.jpg', 1, 760),
(329, 218, 'data/files/store_42/goods_155/201409240119157112.jpg', 'data/files/store_42/goods_155/small_201409240119157112.jpg', 1, 762),
(330, 218, 'data/files/store_42/goods_172/201409240119322197.jpg', 'data/files/store_42/goods_172/small_201409240119322197.jpg', 255, 763),
(331, 218, 'data/files/store_42/goods_173/201409240119332713.jpg', 'data/files/store_42/goods_173/small_201409240119332713.jpg', 255, 764),
(332, 219, 'data/files/store_42/goods_15/201409240130155443.jpg', 'data/files/store_42/goods_15/small_201409240130155443.jpg', 1, 767),
(333, 220, 'data/files/store_2/goods_36/201409240303566777.jpg', 'data/files/store_2/goods_36/small_201409240303566777.jpg', 1, 769),
(334, 221, 'data/files/store_2/goods_198/201409240629586422.jpg', 'data/files/store_2/goods_198/small_201409240629586422.jpg', 1, 772),
(335, 223, 'data/files/store_42/goods_158/201409250115583405.jpg', 'data/files/store_42/goods_158/small_201409250115583405.jpg', 1, 773),
(337, 224, 'data/files/store_46/goods_163/201409250802435662.jpg', 'data/files/store_46/goods_163/small_201409250802435662.jpg', 1, 776),
(338, 225, 'data/files/store_46/goods_26/201409250803461530.jpg', 'data/files/store_46/goods_26/small_201409250803461530.jpg', 1, 777),
(339, 226, 'data/files/store_46/goods_84/201409250804443213.jpg', 'data/files/store_46/goods_84/small_201409250804443213.jpg', 1, 778),
(377, 249, 'data/files/store_53/goods_178/201409280839384670.JPG', 'data/files/store_53/goods_178/small_201409280839384670.JPG', 1, 880),
(376, 248, 'data/files/store_53/goods_85/201409280838058566.JPG', 'data/files/store_53/goods_85/small_201409280838058566.JPG', 1, 879),
(375, 247, 'data/files/store_52/goods_78/201409280827589264.JPG', 'data/files/store_52/goods_78/small_201409280827589264.JPG', 1, 878),
(374, 246, 'data/files/store_52/goods_173/201409280826136737.JPG', 'data/files/store_52/goods_173/small_201409280826136737.JPG', 1, 877),
(369, 241, 'data/files/store_48/goods_187/201409280809471084.jpg', 'data/files/store_48/goods_187/small_201409280809471084.jpg', 1, 872),
(368, 240, 'data/files/store_18/goods_155/201409280752354498.jpg', 'data/files/store_18/goods_155/small_201409280752354498.jpg', 1, 871),
(367, 239, 'data/files/store_18/goods_62/201409280751032998.jpg', 'data/files/store_18/goods_62/small_201409280751032998.jpg', 1, 870),
(365, 237, 'data/files/store_44/goods_158/201409270919183143.png', 'data/files/store_44/goods_158/small_201409270919183143.png', 1, 867),
(366, 238, 'data/files/store_44/goods_69/201409270924299687.png', 'data/files/store_44/goods_69/small_201409270924299687.png', 1, 868),
(373, 245, 'data/files/store_38/goods_106/201409280818267866.jpg', 'data/files/store_38/goods_106/small_201409280818267866.jpg', 1, 876),
(372, 244, 'data/files/store_38/goods_52/201409280817324428.jpg', 'data/files/store_38/goods_52/small_201409280817324428.jpg', 1, 875),
(371, 243, 'data/files/store_48/goods_100/201409280811402616.jpg', 'data/files/store_48/goods_100/small_201409280811402616.jpg', 1, 874),
(370, 242, 'data/files/store_48/goods_49/201409280810497218.jpg', 'data/files/store_48/goods_49/small_201409280810497218.jpg', 1, 873),
(355, 228, 'data/files/store_47/goods_35/201409260730353907.jpg', 'data/files/store_47/goods_35/small_201409260730353907.jpg', 1, 809),
(356, 229, 'data/files/store_47/goods_178/201409260826184914.jpg', 'data/files/store_47/goods_178/small_201409260826184914.jpg', 1, 811),
(357, 230, 'data/files/store_47/goods_50/201409260834102902.jpg', 'data/files/store_47/goods_50/small_201409260834102902.jpg', 1, 814),
(358, 231, 'data/files/store_34/goods_52/201409260840528138.JPG', 'data/files/store_34/goods_52/small_201409260840528138.JPG', 1, 817),
(359, 232, 'data/files/store_34/goods_23/201409260843432643.JPG', 'data/files/store_34/goods_23/small_201409260843432643.JPG', 1, 818),
(360, 233, 'data/files/store_49/goods_87/201409260904472669.jpg', 'data/files/store_49/goods_87/small_201409260904472669.jpg', 1, 819),
(361, 234, 'data/files/store_49/goods_198/201409260906385508.jpg', 'data/files/store_49/goods_198/small_201409260906385508.jpg', 1, 820),
(362, 235, 'data/files/store_49/goods_61/201409260907416141.jpg', 'data/files/store_49/goods_61/small_201409260907416141.jpg', 1, 821);

-- --------------------------------------------------------

--
-- 表的结构 `ecm_goods_qa`
--

DROP TABLE IF EXISTS `ecm_goods_qa`;
CREATE TABLE IF NOT EXISTS `ecm_goods_qa` (
  `ques_id` int(10) unsigned NOT NULL auto_increment,
  `question_content` varchar(255) NOT NULL,
  `user_id` int(10) unsigned NOT NULL,
  `store_id` int(10) unsigned NOT NULL,
  `email` varchar(60) NOT NULL,
  `item_id` int(10) unsigned NOT NULL default '0',
  `item_name` varchar(255) NOT NULL default '',
  `reply_content` varchar(255) NOT NULL,
  `time_post` int(10) unsigned NOT NULL,
  `time_reply` int(10) unsigned NOT NULL,
  `if_new` tinyint(3) unsigned NOT NULL default '1',
  `type` varchar(10) NOT NULL default 'goods',
  PRIMARY KEY  (`ques_id`),
  KEY `user_id` (`user_id`),
  KEY `goods_id` (`item_id`),
  KEY `store_id` (`store_id`)
) ENGINE=MyISAM DEFAULT CHARSET=utf8 AUTO_INCREMENT=1 ;

-- --------------------------------------------------------

--
-- 表的结构 `ecm_goods_spec`
--

DROP TABLE IF EXISTS `ecm_goods_spec`;
CREATE TABLE IF NOT EXISTS `ecm_goods_spec` (
  `spec_id` int(10) unsigned NOT NULL auto_increment,
  `goods_id` int(10) unsigned NOT NULL default '0',
  `spec_1` varchar(60) NOT NULL default '',
  `spec_2` varchar(60) NOT NULL default '',
  `color_rgb` varchar(7) NOT NULL default '',
  `price` decimal(10,2) NOT NULL default '0.00',
  `stock` int(11) NOT NULL default '0',
  `sku` varchar(60) NOT NULL default '',
  PRIMARY KEY  (`spec_id`),
  KEY `goods_id` (`goods_id`),
  KEY `price` (`price`)
) ENGINE=MyISAM  DEFAULT CHARSET=utf8 AUTO_INCREMENT=326 ;

--
-- 转存表中的数据 `ecm_goods_spec`
--

INSERT INTO `ecm_goods_spec` (`spec_id`, `goods_id`, `spec_1`, `spec_2`, `color_rgb`, `price`, `stock`, `sku`) VALUES
(110, 46, '浅灰色', '天然气', '', 5199.00, 5, '63Q6+ 9G30'),
(109, 45, '钢化玻璃', '天然气', '', 960.00, 10, 'HC21BE-YH-013'),
(106, 44, '7月31日引爆', '液化气', '', 4599.00, 10, '方太 EN05E+FC1BE'),
(100, 39, '白色', '冷暖', '', 2699.00, 10, 'KFR-26GW/BP2DN1Y-IF(A3)'),
(101, 40, '白色', '立式', '', 500.00, 10, 'MYR926S-W'),
(102, 41, '脉冲电子点火', '天然气 液化气', '', 499.00, 10, 'Midea/美的 QL302'),
(103, 42, '银白色', '2L以上', '', 299.00, 10, 'Midea/美的 PD105-50G'),
(104, 43, '16:9', '安卓', '', 2999.00, 10, 'LED49K70A'),
(105, 44, '7月31日引爆', '天然气', '', 4599.00, 10, '方太 EN05E+FC1BE'),
(108, 45, '钢化玻璃', '煤气', '', 960.00, 10, 'HC21BE-YH-013'),
(107, 45, '钢化玻璃', '液化气人工', '', 960.00, 10, 'HC21BE-YH-013'),
(112, 47, '浅灰的', '钢化玻璃', '', 1388.00, 10, 'CXW-230-5590'),
(111, 46, '浅灰色', '液化气', '', 5199.00, 5, '63Q6+ 9G30'),
(113, 48, '套餐一', 'L型', '', 6398.87, 5, 'zbom'),
(97, 13, '1200mm*2000mm', '床+梯柜+抽床', '', 2499.00, 12, 'GDC1111ZTBC'),
(96, 14, '黑色', '底座加热', '', 99.00, 12, 'SWF17EK-180'),
(38, 15, '白色', '4L', '', 229.00, 15, 'CFXB40FC118-75'),
(42, 16, '41cmX30cmX30cm', '26cm', '', 199.00, 12, 'SZ26B4'),
(95, 17, '地排水', '连体式', '', 2884.00, 12, 'PVC'),
(94, 18, '红色', '铝合金', '', 339.00, 6, 'WG04TNJC-R'),
(92, 19, '湖心蓝', '保温时长: 6小时以下', '', 169.00, 8, 'EC15WK01'),
(49, 20, '1.2L米白', '1.2L', '', 159.00, 99, 'KF12B1'),
(50, 20, '1.2L韭黄', '1.2L', '', 159.00, 99, 'KF12B1'),
(89, 37, '纯白', '6寸', '', 68.00, 65, 'LED564'),
(90, 36, 'Supor/苏泊尔 T0727', '60°以上', '', 289.00, 10, 'T0727'),
(292, 217, '', '', '', 5499.00, 1000, ''),
(291, 216, '', '', '', 1999.00, 1000, ''),
(289, 214, '', '', '', 4699.00, 1000, ''),
(287, 212, '', '', '', 6555.00, 100, 'BCD-432WDCU'),
(63, 25, '灰色', 'S', '', 128.00, 88, ''),
(64, 25, '灰色', 'M', '', 128.00, 88, ''),
(65, 25, '灰色', 'L', '', 128.00, 88, ''),
(66, 25, '灰色', 'XL', '', 128.00, 88, ''),
(116, 49, '擦色清漆', '1200mm*1900mm', '', 2700.00, 4, 'YM-ms-c-1'),
(93, 19, '活力绿', '保温时长: 6小时以下', '', 169.00, 6, 'EC15WK01'),
(98, 13, '1500mm*2000mm', '床+梯柜', '', 2499.00, 10, ': GDC1111ZTBC'),
(114, 48, '套餐二', 'L型', '', 6398.87, 4, 'zbom'),
(115, 48, '套餐三', 'L型', '', 8999.09, 4, 'zbom'),
(117, 50, '取暖+换气+照明', '吸顶嵌入式', '', 499.00, 5, '12-JC-44759（2)'),
(118, 51, '白色', '15L', '', 409.00, 15, 'ssi611 15L'),
(119, 52, '哑光', '套装', '', 1488.00, 15, '抗甲醛净味五合一套装'),
(194, 53, '可调色', '5L', '', 949.00, 5, '58479'),
(193, 53, '白的（不调色）', '5L', '', 949.00, 5, '58479'),
(122, 54, '二三插', '二三插', '', 0.88, 50, '香槟金色拉丝'),
(123, 55, '香槟金', '86型', '', 3.98, 50, 'M8'),
(124, 56, '雅白', '二三插', '', 299.00, 50, 'A3-86两局三居通用套餐'),
(125, 57, '雅白', '二三插', '', 6.88, 100, 'A3-86 五孔插座'),
(126, 58, '香槟金', '1开', '', 22.70, 50, '幻影86一开单控'),
(127, 59, '雅白', '二三插', '', 9.90, 40, 'WMY122'),
(128, 60, '银色', '二三插', '', 93.58, 50, '松下开关插座LEVELART进口'),
(130, 62, '雅白', '820斜五孔', '', 4.90, 100, '二三插'),
(131, 63, 'LED', '28W 16W 8W', '', 135.00, 100, 'MX102--220W'),
(132, 64, 'LED冷光超薄集成吊顶10W', '300*300 300*600', '', 199.00, 100, '8/18集成吊顶'),
(304, 228, '', '', '', 499.00, 1000, ''),
(195, 124, 'red', '18', '', 950.00, 300, 'ECS900003'),
(321, 245, '', '', '', 1.00, 1000, ''),
(305, 229, '', '', '', 499.00, 100, ''),
(306, 230, '', '', '', 499.00, 100, ''),
(307, 231, '', '', '', 1560.00, 1000, ''),
(308, 232, '', '', '', 1590.00, 1000, ''),
(309, 233, '', '', '', 85.00, 100, ''),
(310, 234, '', '', '', 98.00, 1000, ''),
(311, 235, '', '', '', 98.00, 0, ''),
(315, 239, '', '', '', 59.00, 100000, ''),
(316, 240, '', '', '', 59.00, 10000, ''),
(317, 241, '', '', '', 1.00, 1000, ''),
(318, 242, '', '', '', 1.00, 100, ''),
(319, 243, '', '', '', 1.00, 100, ''),
(214, 142, '纯白', '80*80', '', 120.00, 100, '454878'),
(162, 94, '不含变压器 黑色', '16W(含)-20W(含)', '', 116.00, 10, 'MTH8402'),
(163, 95, '雅芙-圆-40w中性光 雅芙-方', '10m^2 -15m^2', '', 182.00, 100, 'MX4747-Y40T-雅芙(方)-4000K'),
(164, 96, '白炽灯 节能灯 LED', '10m^2 -15m^2', '', 400.00, 100, 'B009903HA'),
(165, 97, '10+5头吊灯 8头吊灯 6头吊灯', '白炽灯 节能灯 LED', '', 1280.00, 10, '12863'),
(166, 98, '', '', '', 870.00, 10, ''),
(167, 99, '', '', '', 290.00, 10, ''),
(168, 100, '', '', '', 450.00, 10, ''),
(169, 101, '', '', '', 4080.00, 5, ''),
(170, 102, '', '', '', 780.00, 5, ''),
(171, 103, '', '', '', 198.00, 500, ''),
(172, 104, '', '', '', 2800.00, 10, ''),
(173, 105, '', '', '', 658.00, 100, ''),
(174, 106, '', '', '', 399.00, 10, ''),
(175, 107, '', '', '', 688.00, 10, ''),
(176, 108, '', '', '', 129.00, 10, ''),
(177, 109, '', '', '', 98.00, 100, ''),
(178, 110, '', '', '', 118.00, 100, ''),
(179, 111, '', '', '', 38.00, 100, ''),
(180, 112, '', '', '', 68.00, 100, ''),
(181, 113, '', '', '', 59.00, 10, ''),
(182, 114, '', '', '', 2799.00, 10, ''),
(183, 115, '', '', '', 5460.00, 10, ''),
(184, 116, '', '', '', 2989.00, 10, ''),
(185, 117, '', '', '', 3698.00, 10, ''),
(186, 118, '', '', '', 488.00, 10, ''),
(187, 119, '', '', '', 3800.00, 10, ''),
(188, 120, '', '', '', 189.00, 0, ''),
(189, 121, '', '', '', 1120.00, 10, ''),
(190, 122, '', '', '', 395.00, 10, ''),
(191, 123, '红', '50', '', 1100.00, 600, 'es10000254'),
(192, 123, '绿', '60', '', 900.00, 400, 'es10000253'),
(196, 124, 'black', '16', '', 850.00, 300, 'ECS900004'),
(212, 140, '', '', '', 120.00, 0, ''),
(322, 246, '', '', '', 850.00, 100, ''),
(204, 132, '', '', '', 160.00, 0, ''),
(205, 133, '', '', '', 200.00, 0, ''),
(213, 141, '', '', '', 120.00, 0, ''),
(215, 143, '', '', '', 46.00, 0, ''),
(216, 144, '', '', '', 248.00, 0, ''),
(217, 145, '', '', '', 208.00, 0, ''),
(218, 146, '', '', '', 56.00, 0, ''),
(219, 147, '', '', '', 56.00, 0, ''),
(220, 148, '', '', '', 52.00, 0, ''),
(221, 149, '', '', '', 180.00, 0, ''),
(222, 150, '', '', '', 62.00, 0, ''),
(225, 153, '红', '16', '', 210.00, 50, 'esdsdfe111'),
(226, 153, '绿', '17', '', 220.00, 50, 'dsadw333'),
(232, 159, '红', '60', '', 900.00, 200, 'ECS20040903-1'),
(233, 159, '绿', '57', '', 890.00, 200, 'ECS20040903-2'),
(235, 161, '', '', '', 5880.00, 1000, ''),
(236, 162, '', '', '', 6580.00, 1000, ''),
(237, 163, '', '', '', 13500.00, 1000, ''),
(296, 221, '红色', '7', '', 301.00, 500, 'ECS20140924002'),
(240, 166, '', '', '', 4200.00, 0, ''),
(249, 174, '', '', '', 1.00, 0, ''),
(248, 173, '', '', '', 1.00, 0, ''),
(251, 176, '', '', '', 1200.00, 10000, ''),
(252, 177, '', '', '', 1.00, 0, ''),
(253, 178, '', '', '', 650.00, 1000, ''),
(254, 179, '', '', '', 980.00, 10000, ''),
(255, 180, '', '', '', 1.00, 0, ''),
(256, 181, '', '', '', 755.00, 1000, ''),
(257, 182, '', '', '', 988.00, 1000, ''),
(258, 183, '', '', '', 1.00, 0, ''),
(260, 185, '', '', '', 1.00, 0, ''),
(261, 186, '', '', '', 1.00, 0, ''),
(262, 187, '', '', '', 1.00, 0, ''),
(263, 188, '', '', '', 1.00, 0, ''),
(264, 189, '', '', '', 1.00, 0, ''),
(265, 190, '', '', '', 1.00, 0, ''),
(266, 191, '', '', '', 1.00, 0, ''),
(267, 192, '', '', '', 1.00, 0, ''),
(268, 193, '', '', '', 1.00, 0, ''),
(269, 194, '', '', '', 1.00, 0, ''),
(270, 195, '', '', '', 1.00, 0, ''),
(271, 196, '', '', '', 1.00, 0, ''),
(272, 197, '', '', '', 1.00, 10000, ''),
(273, 198, '', '', '', 1.00, 100000, ''),
(274, 199, '', '', '', 1.00, 100000, ''),
(275, 200, '', '', '', 1.00, 10000, ''),
(276, 201, '', '', '', 1.00, 10000, ''),
(277, 202, '', '', '', 1.00, 10000, ''),
(278, 203, '', '', '', 1.00, 100000, ''),
(279, 204, '', '', '', 1.00, 9999, ''),
(280, 205, '', '', '', 1.00, 100000, ''),
(281, 206, '', '', '', 1.00, 10000, ''),
(282, 207, '', '', '', 1.00, 100000, ''),
(283, 208, '', '', '', 1.00, 100000, ''),
(284, 209, '', '', '', 2880.00, 10000, ''),
(285, 210, '', '', '', 5980.00, 100000, ''),
(286, 211, '', '', '', 7280.00, 10000, ''),
(293, 218, '', '', '', 4499.00, 100, ''),
(294, 219, '', '', '', 2899.00, 100, ''),
(295, 220, '红色', '28', '', 339.00, 10, 'NS1201213'),
(297, 221, '黑色', '7', '', 209.00, 500, 'ECS20140924003'),
(300, 224, '', '', '', 26.00, 10000, ''),
(299, 223, '', '', '', 2899.00, 100, ''),
(301, 225, '', '', '', 28.00, 1000, ''),
(302, 226, '', '', '', 28.00, 100000, ''),
(320, 244, '', '', '', 1.00, 1000, ''),
(323, 247, '', '', '', 800.00, 1000, ''),
(324, 248, '', '', '', 680.00, 1000, ''),
(325, 249, '', '', '', 328.00, 1000, '');

-- --------------------------------------------------------

--
-- 表的结构 `ecm_goods_statistics`
--

DROP TABLE IF EXISTS `ecm_goods_statistics`;
CREATE TABLE IF NOT EXISTS `ecm_goods_statistics` (
  `goods_id` int(10) unsigned NOT NULL default '0',
  `views` int(10) unsigned NOT NULL default '0',
  `collects` int(10) unsigned NOT NULL default '0',
  `carts` int(10) unsigned NOT NULL default '0',
  `orders` int(10) unsigned NOT NULL default '0',
  `sales` int(10) unsigned NOT NULL default '0',
  `comments` int(11) unsigned NOT NULL default '0',
  PRIMARY KEY  (`goods_id`)
) ENGINE=MyISAM DEFAULT CHARSET=utf8;

--
-- 转存表中的数据 `ecm_goods_statistics`
--

INSERT INTO `ecm_goods_statistics` (`goods_id`, `views`, `collects`, `carts`, `orders`, `sales`, `comments`) VALUES
(1, 88, 0, 0, 0, 0, 0),
(2, 60, 0, 0, 0, 0, 0),
(3, 15, 0, 0, 0, 0, 0),
(4, 41, 0, 0, 0, 0, 0),
(5, 43, 0, 0, 0, 0, 0),
(6, 25, 0, 1, 1, 0, 0),
(7, 91, 0, 0, 0, 0, 0),
(8, 84, 0, 0, 0, 0, 0),
(9, 38, 0, 0, 0, 0, 0),
(10, 24, 0, 0, 0, 0, 0),
(11, 18, 0, 0, 0, 0, 0),
(12, 17, 0, 0, 0, 0, 0),
(13, 63, 0, 2, 1, 0, 0),
(14, 86, 0, 9, 0, 0, 0),
(15, 66, 0, 2, 0, 0, 0),
(16, 55, 0, 0, 0, 0, 0),
(17, 81, 0, 0, 0, 0, 0),
(18, 86, 0, 8, 1, 0, 1),
(19, 83, 0, 2, 1, 1, 1),
(20, 357, 0, 26, 1, 1, 1),
(21, 34, 0, 1, 1, 0, 1),
(22, 21, 0, 0, 0, 0, 0),
(213, 14, 0, 0, 0, 0, 0),
(212, 9, 0, 0, 0, 0, 0),
(25, 26, 0, 0, 0, 0, 0),
(218, 8, 0, 0, 0, 0, 0),
(27, 72, 0, 0, 0, 0, 0),
(28, 73, 0, 1, 1, 1, 1),
(29, 67, 0, 1, 0, 0, 0),
(30, 59, 0, 0, 0, 0, 0),
(31, 34, 0, 0, 0, 0, 0),
(32, 106, 0, 0, 0, 0, 0),
(33, 15, 0, 0, 0, 0, 0),
(34, 41, 0, 0, 0, 0, 0),
(35, 106, 2, 0, 0, 0, 0),
(36, 89, 0, 1, 0, 0, 0),
(37, 27, 0, 2, 0, 0, 0),
(38, 22, 0, 0, 0, 0, 0),
(39, 66, 0, 1, 0, 0, 0),
(40, 52, 0, 0, 0, 0, 0),
(41, 37, 0, 0, 0, 0, 0),
(42, 47, 0, 0, 0, 0, 0),
(43, 43, 0, 0, 0, 0, 0),
(44, 41, 0, 0, 0, 0, 0),
(45, 41, 0, 0, 0, 0, 0),
(46, 50, 0, 0, 0, 0, 0),
(47, 57, 0, 0, 0, 0, 0),
(48, 42, 0, 1, 0, 0, 0),
(49, 42, 0, 0, 0, 0, 0),
(50, 25, 0, 0, 0, 0, 0),
(51, 36, 0, 0, 0, 0, 0),
(52, 21, 0, 0, 0, 0, 0),
(53, 26, 0, 0, 0, 0, 0),
(54, 42, 0, 0, 0, 0, 0),
(55, 17, 0, 0, 0, 0, 0),
(56, 25, 0, 0, 0, 0, 0),
(57, 20, 0, 0, 0, 0, 0),
(58, 12, 0, 0, 0, 0, 0),
(59, 38, 0, 0, 0, 0, 0),
(60, 23, 0, 0, 0, 0, 0),
(73, 28, 0, 1, 0, 0, 0),
(62, 64, 0, 0, 0, 0, 0),
(63, 38, 0, 0, 0, 0, 0),
(64, 38, 0, 1, 1, 0, 0),
(65, 25, 0, 0, 0, 0, 0),
(66, 23, 0, 0, 0, 0, 0),
(72, 22, 0, 0, 0, 0, 0),
(71, 23, 0, 0, 0, 0, 0),
(70, 21, 0, 1, 0, 0, 0),
(74, 30, 0, 1, 0, 0, 0),
(75, 17, 0, 1, 0, 0, 0),
(76, 20, 0, 0, 0, 0, 0),
(77, 16, 0, 0, 0, 0, 0),
(78, 15, 0, 0, 0, 0, 0),
(79, 25, 0, 0, 0, 0, 0),
(80, 18, 0, 0, 0, 0, 0),
(81, 39, 0, 2, 0, 0, 0),
(82, 20, 0, 0, 0, 0, 0),
(83, 17, 0, 0, 0, 0, 0),
(84, 23, 0, 1, 0, 0, 0),
(85, 28, 0, 1, 0, 0, 0),
(86, 22, 0, 1, 0, 0, 0),
(87, 16, 0, 0, 0, 0, 0),
(88, 34, 0, 2, 1, 0, 0),
(89, 20, 0, 0, 0, 0, 0),
(90, 32, 0, 1, 1, 0, 0),
(91, 20, 0, 1, 0, 0, 0),
(92, 24, 0, 0, 0, 0, 0),
(93, 23, 0, 0, 0, 0, 0),
(94, 20, 0, 0, 0, 0, 0),
(95, 17, 0, 0, 0, 0, 0),
(96, 38, 0, 0, 0, 0, 0),
(97, 41, 0, 0, 0, 0, 0),
(98, 36, 0, 0, 0, 0, 0),
(99, 31, 0, 0, 0, 0, 0),
(100, 32, 0, 0, 0, 0, 0),
(101, 32, 0, 0, 0, 0, 0),
(102, 3, 0, 0, 0, 0, 0),
(103, 30, 0, 0, 0, 0, 0),
(104, 25, 0, 0, 0, 0, 0),
(105, 36, 0, 0, 0, 0, 0),
(106, 37, 0, 1, 0, 0, 0),
(107, 31, 0, 1, 0, 0, 0),
(108, 37, 0, 4, 0, 0, 0),
(109, 41, 0, 0, 0, 0, 0),
(110, 26, 0, 0, 0, 0, 0),
(111, 27, 0, 0, 0, 0, 0),
(112, 52, 0, 1, 0, 0, 0),
(113, 43, 0, 0, 0, 0, 0),
(114, 36, 0, 1, 0, 0, 0),
(115, 33, 0, 0, 0, 0, 0),
(116, 27, 0, 0, 0, 0, 0),
(117, 38, 0, 0, 0, 0, 0),
(118, 32, 0, 1, 0, 0, 0),
(119, 34, 0, 0, 0, 0, 0),
(120, 36, 0, 0, 0, 0, 0),
(121, 29, 0, 0, 0, 0, 0),
(122, 27, 0, 1, 0, 0, 0),
(123, 22, 0, 0, 0, 0, 0),
(124, 0, 0, 0, 0, 0, 0),
(125, 19, 0, 0, 0, 0, 0),
(126, 15, 0, 0, 0, 0, 0),
(127, 28, 0, 0, 0, 0, 0),
(128, 11, 0, 0, 0, 0, 0),
(129, 13, 0, 0, 0, 0, 0),
(131, 22, 0, 0, 0, 0, 0),
(132, 19, 0, 0, 0, 0, 0),
(133, 23, 0, 0, 0, 0, 0),
(134, 15, 0, 0, 0, 0, 0),
(135, 22, 0, 0, 0, 0, 0),
(136, 19, 0, 0, 0, 0, 0),
(137, 21, 0, 0, 0, 0, 0),
(140, 23, 0, 0, 0, 0, 0),
(141, 19, 0, 0, 0, 0, 0),
(142, 20, 0, 0, 0, 0, 0),
(143, 23, 0, 0, 0, 0, 0),
(144, 15, 0, 0, 0, 0, 0),
(145, 8, 0, 0, 0, 0, 0),
(146, 14, 0, 0, 0, 0, 0),
(147, 29, 0, 0, 0, 0, 0),
(148, 15, 0, 0, 0, 0, 0),
(149, 19, 0, 0, 0, 0, 0),
(150, 21, 0, 0, 0, 0, 0),
(151, 21, 0, 0, 0, 0, 0),
(152, 16, 0, 0, 0, 0, 0),
(153, 17, 0, 1, 0, 0, 0),
(217, 10, 0, 0, 0, 0, 0),
(216, 11, 0, 0, 0, 0, 0),
(215, 11, 0, 0, 0, 0, 0),
(214, 9, 0, 0, 0, 0, 0),
(164, 24, 0, 0, 0, 0, 0),
(159, 6, 0, 0, 0, 0, 0),
(160, 17, 0, 0, 0, 0, 0),
(161, 21, 1, 0, 0, 0, 0),
(162, 17, 0, 0, 0, 0, 0),
(163, 16, 0, 0, 0, 0, 0),
(165, 22, 0, 0, 0, 0, 0),
(166, 18, 0, 0, 0, 0, 0),
(167, 25, 0, 0, 0, 0, 0),
(168, 17, 0, 0, 0, 0, 0),
(175, 7, 0, 0, 0, 0, 0),
(170, 23, 0, 0, 0, 0, 0),
(173, 10, 0, 0, 0, 0, 0),
(174, 13, 0, 0, 0, 0, 0),
(176, 14, 0, 1, 0, 0, 0),
(177, 14, 0, 0, 0, 0, 0),
(178, 8, 0, 0, 0, 0, 0),
(179, 6, 0, 0, 0, 0, 0),
(180, 7, 0, 0, 0, 0, 0),
(181, 6, 0, 0, 0, 0, 0),
(182, 12, 0, 0, 0, 0, 0),
(183, 6, 0, 0, 0, 0, 0),
(185, 6, 0, 0, 0, 0, 0),
(186, 8, 0, 0, 0, 0, 0),
(187, 8, 0, 0, 0, 0, 0),
(188, 8, 0, 0, 0, 0, 0),
(189, 7, 0, 0, 0, 0, 0),
(190, 6, 0, 0, 0, 0, 0),
(191, 12, 0, 0, 0, 0, 0),
(192, 10, 0, 0, 0, 0, 0),
(193, 5, 0, 0, 0, 0, 0),
(194, 11, 0, 0, 0, 0, 0),
(195, 8, 0, 0, 0, 0, 0),
(196, 8, 0, 0, 0, 0, 0),
(197, 8, 0, 0, 0, 0, 0),
(198, 6, 0, 0, 0, 0, 0),
(199, 5, 0, 0, 0, 0, 0),
(200, 5, 0, 0, 0, 0, 0),
(201, 6, 0, 0, 0, 0, 0),
(202, 4, 0, 0, 0, 0, 0),
(203, 10, 0, 0, 0, 0, 0),
(204, 7, 0, 1, 1, 0, 0),
(205, 5, 0, 0, 0, 0, 0),
(206, 7, 0, 0, 0, 0, 0),
(207, 6, 0, 0, 0, 0, 0),
(208, 8, 0, 0, 0, 0, 0),
(209, 11, 0, 0, 0, 0, 0),
(210, 12, 0, 0, 0, 0, 0),
(211, 10, 0, 0, 0, 0, 0),
(219, 4, 0, 0, 0, 0, 0),
(220, 15, 0, 0, 0, 0, 0),
(221, 7, 0, 0, 0, 0, 0),
(224, 6, 0, 0, 0, 0, 0),
(223, 7, 0, 0, 0, 0, 0),
(225, 7, 0, 1, 0, 0, 0),
(226, 11, 0, 0, 0, 0, 0),
(237, 17, 0, 0, 0, 0, 0),
(228, 8, 0, 0, 0, 0, 0),
(229, 7, 0, 0, 0, 0, 0),
(230, 10, 0, 1, 0, 0, 0),
(231, 6, 0, 0, 0, 0, 0),
(232, 9, 0, 0, 0, 0, 0),
(233, 6, 0, 0, 0, 0, 0),
(234, 4, 0, 0, 0, 0, 0),
(235, 4, 0, 0, 0, 0, 0),
(238, 7, 0, 0, 0, 0, 0),
(239, 6, 0, 0, 0, 0, 0),
(240, 7, 0, 0, 0, 0, 0),
(241, 9, 0, 0, 0, 0, 0),
(242, 4, 0, 0, 0, 0, 0),
(243, 7, 0, 0, 0, 0, 0),
(244, 5, 0, 0, 0, 0, 0),
(245, 5, 0, 0, 0, 0, 0),
(246, 6, 0, 0, 0, 0, 0),
(247, 5, 0, 0, 0, 0, 0),
(248, 4, 0, 0, 0, 0, 0),
(249, 6, 0, 0, 0, 0, 0);

-- --------------------------------------------------------

--
-- 表的结构 `ecm_groupbuy`
--

DROP TABLE IF EXISTS `ecm_groupbuy`;
CREATE TABLE IF NOT EXISTS `ecm_groupbuy` (
  `group_id` int(10) unsigned NOT NULL auto_increment,
  `group_name` varchar(255) NOT NULL default '',
  `group_desc` varchar(255) NOT NULL default '',
  `start_time` int(10) unsigned NOT NULL default '0',
  `end_time` int(10) unsigned NOT NULL default '0',
  `goods_id` int(10) unsigned NOT NULL default '0',
  `store_id` int(10) unsigned NOT NULL default '0',
  `spec_price` text NOT NULL,
  `min_quantity` smallint(5) unsigned NOT NULL default '0',
  `max_per_user` smallint(5) unsigned NOT NULL default '0',
  `state` tinyint(3) unsigned NOT NULL default '0',
  `recommended` tinyint(3) unsigned NOT NULL default '0',
  `views` int(10) unsigned NOT NULL default '0',
  PRIMARY KEY  (`group_id`),
  KEY `goods_id` (`goods_id`),
  KEY `store_id` (`store_id`)
) ENGINE=MyISAM  DEFAULT CHARSET=utf8 AUTO_INCREMENT=4 ;

--
-- 转存表中的数据 `ecm_groupbuy`
--

INSERT INTO `ecm_groupbuy` (`group_id`, `group_name`, `group_desc`, `start_time`, `end_time`, `goods_id`, `store_id`, `spec_price`, `min_quantity`, `max_per_user`, `state`, `recommended`, `views`) VALUES
(3, '罗玛诺尔微晶石系列地板特价优惠', '庆七夕，罗玛诺尔微晶石系列地板特价优惠！', 1406945335, 1407571199, 70, 18, 'a:1:{i:138;a:1:{s:5:"price";s:6:"120.00";}}', 50, 0, 4, 0, 42),
(2, '爱仕达周年庆特惠', '爱仕达套装锅 组合锅具中国红4件套不粘无油烟炒锅套装WG04TNJC-R\r\n爱仕达周年庆特惠：【领取优惠券，拍下减20元】 【买就送刀板三件套+小木铲】 【好评返现10元无门槛优惠券】', 1405730974, 1406361599, 18, 2, 'a:1:{i:94;a:1:{s:5:"price";s:6:"289.00";}}', 50, 2, 4, 0, 69);

-- --------------------------------------------------------

--
-- 表的结构 `ecm_groupbuy_log`
--

DROP TABLE IF EXISTS `ecm_groupbuy_log`;
CREATE TABLE IF NOT EXISTS `ecm_groupbuy_log` (
  `group_id` int(10) unsigned NOT NULL default '0',
  `user_id` int(10) unsigned NOT NULL default '0',
  `user_name` varchar(60) NOT NULL default '',
  `quantity` smallint(5) unsigned NOT NULL default '0',
  `spec_quantity` text NOT NULL,
  `linkman` varchar(60) NOT NULL default '',
  `tel` varchar(60) NOT NULL default '',
  `order_id` int(10) unsigned NOT NULL default '0',
  `add_time` int(10) unsigned NOT NULL default '0',
  PRIMARY KEY  (`group_id`,`user_id`)
) ENGINE=MyISAM DEFAULT CHARSET=utf8;

-- --------------------------------------------------------

--
-- 表的结构 `ecm_mail_queue`
--

DROP TABLE IF EXISTS `ecm_mail_queue`;
CREATE TABLE IF NOT EXISTS `ecm_mail_queue` (
  `queue_id` int(11) unsigned NOT NULL auto_increment,
  `mail_to` varchar(150) NOT NULL default '',
  `mail_encoding` varchar(50) NOT NULL default '',
  `mail_subject` varchar(255) NOT NULL default '',
  `mail_body` text NOT NULL,
  `priority` tinyint(1) unsigned NOT NULL default '2',
  `err_num` tinyint(1) unsigned NOT NULL default '0',
  `add_time` int(11) NOT NULL default '0',
  `lock_expiry` int(11) NOT NULL default '0',
  PRIMARY KEY  (`queue_id`)
) ENGINE=MyISAM  DEFAULT CHARSET=utf8 AUTO_INCREMENT=50 ;

--
-- 转存表中的数据 `ecm_mail_queue`
--

INSERT INTO `ecm_mail_queue` (`queue_id`, `mail_to`, `mail_encoding`, `mail_subject`, `mail_body`, `priority`, `err_num`, `add_time`, `lock_expiry`) VALUES
(46, '505590314@qq.com', 'utf-8', '开通店铺通知', '您的店铺已开通', 1, 4, 1412750247, 1412823056),
(47, '505590314@qq.com', 'utf-8', '删除店铺通知', '您的店铺已被删除', 1, 3, 1412817855, 1412823056),
(48, '1595856266@qq.com', 'utf-8', '开通店铺通知', '您的店铺已开通', 1, 2, 1412817900, 1412823056),
(49, '437993835@qq.com', 'utf-8', '开通店铺通知', '您的店铺已开通', 1, 1, 1412823024, 1412823056);

-- --------------------------------------------------------

--
-- 表的结构 `ecm_mall_attr`
--

DROP TABLE IF EXISTS `ecm_mall_attr`;
CREATE TABLE IF NOT EXISTS `ecm_mall_attr` (
  `mattr_id` int(11) unsigned NOT NULL auto_increment,
  `goods_id` int(11) unsigned NOT NULL,
  `attr_id_1` int(11) unsigned NOT NULL,
  `attr_id_2` int(11) unsigned NOT NULL,
  `color_rgb` int(11) NOT NULL,
  `price` decimal(10,2) NOT NULL default '0.00',
  `stock` int(11) unsigned NOT NULL,
  `sku` varchar(60) NOT NULL,
  `val` varchar(200) NOT NULL,
  PRIMARY KEY  (`mattr_id`)
) ENGINE=MyISAM  DEFAULT CHARSET=utf8 AUTO_INCREMENT=1107 ;

--
-- 转存表中的数据 `ecm_mall_attr`
--

INSERT INTO `ecm_mall_attr` (`mattr_id`, `goods_id`, `attr_id_1`, `attr_id_2`, `color_rgb`, `price`, `stock`, `sku`, `val`) VALUES
(1, 20, 1, 6, 0, 0.00, 33, 'dwfew1122112', 'dwdew'),
(2, 20, 2, 13, 0, 0.00, 31, 'sasq12232131', 'dwqdew'),
(3, 22, 1, 6, 0, 0.00, 0, '', ''),
(4, 22, 1, 7, 0, 0.00, 0, '', ''),
(5, 22, 1, 8, 0, 0.00, 0, '', ''),
(6, 22, 1, 9, 0, 0.00, 0, '', ''),
(7, 22, 1, 10, 0, 0.00, 0, '', ''),
(8, 22, 1, 11, 0, 0.00, 0, '', ''),
(9, 22, 1, 12, 0, 0.00, 0, '', ''),
(10, 35, 1, 6, 0, 0.00, 0, '', ''),
(11, 35, 1, 7, 0, 0.00, 0, '', ''),
(12, 35, 1, 8, 0, 0.00, 0, '', ''),
(13, 35, 1, 9, 0, 0.00, 0, '', ''),
(14, 35, 1, 10, 0, 0.00, 0, '', ''),
(15, 35, 1, 11, 0, 0.00, 0, '', ''),
(16, 35, 1, 12, 0, 0.00, 0, '', ''),
(17, 35, 1, 6, 0, 0.00, 0, '', ''),
(18, 35, 1, 7, 0, 0.00, 0, '', ''),
(19, 35, 1, 8, 0, 0.00, 0, '', ''),
(20, 35, 1, 9, 0, 0.00, 0, '', ''),
(21, 35, 1, 10, 0, 0.00, 0, '', ''),
(22, 35, 1, 11, 0, 0.00, 0, '', ''),
(23, 35, 1, 12, 0, 0.00, 0, '', ''),
(24, 35, 1, 6, 0, 0.00, 0, '', ''),
(25, 35, 1, 7, 0, 0.00, 0, '', ''),
(26, 35, 1, 8, 0, 0.00, 0, '', ''),
(27, 35, 1, 9, 0, 0.00, 0, '', ''),
(28, 35, 1, 10, 0, 0.00, 0, '', ''),
(29, 35, 1, 11, 0, 0.00, 0, '', ''),
(30, 35, 1, 12, 0, 0.00, 0, '', ''),
(31, 36, 5, 52, 0, 0.00, 0, '', ''),
(32, 36, 5, 52, 0, 0.00, 0, '', ''),
(33, 20, 1, 6, 0, 0.00, 0, '', ''),
(34, 20, 2, 13, 0, 0.00, 0, '', ''),
(35, 20, 5, 52, 0, 0.00, 0, '', ''),
(36, 20, 1, 6, 0, 0.00, 0, '', ''),
(37, 20, 2, 13, 0, 0.00, 0, '', ''),
(38, 20, 1, 6, 0, 0.00, 0, '', ''),
(39, 20, 2, 13, 0, 0.00, 0, '', ''),
(40, 19, 5, 52, 0, 0.00, 0, '', ''),
(41, 18, 5, 52, 0, 0.00, 0, '', ''),
(42, 17, 56, 62, 0, 0.00, 0, '', ''),
(43, 16, 5, 52, 0, 0.00, 0, '', ''),
(44, 15, 5, 52, 0, 0.00, 0, '', ''),
(45, 14, 5, 52, 0, 0.00, 0, '', ''),
(46, 13, 4, 36, 0, 0.00, 0, '', ''),
(47, 12, 4, 36, 0, 0.00, 0, '', ''),
(48, 11, 2, 13, 0, 0.00, 0, '', ''),
(49, 11, 2, 14, 0, 0.00, 0, '', ''),
(50, 11, 2, 15, 0, 0.00, 0, '', ''),
(51, 11, 2, 16, 0, 0.00, 0, '', ''),
(52, 11, 2, 17, 0, 0.00, 0, '', ''),
(53, 10, 4, 36, 0, 0.00, 0, '', ''),
(54, 1, 4, 36, 0, 0.00, 0, '', ''),
(55, 7, 4, 36, 0, 0.00, 0, '', ''),
(56, 6, 4, 36, 0, 0.00, 0, '', ''),
(57, 5, 4, 36, 0, 0.00, 0, '', ''),
(58, 3, 4, 36, 0, 0.00, 0, '', ''),
(59, 2, 4, 36, 0, 0.00, 0, '', ''),
(60, 38, 5, 52, 0, 0.00, 0, '', ''),
(61, 38, 5, 52, 0, 0.00, 0, '', ''),
(62, 39, 1, 6, 0, 0.00, 0, '', ''),
(63, 39, 1, 7, 0, 0.00, 0, '', ''),
(64, 39, 1, 8, 0, 0.00, 0, '', ''),
(65, 39, 1, 9, 0, 0.00, 0, '', ''),
(66, 39, 1, 10, 0, 0.00, 0, '', ''),
(67, 39, 1, 12, 0, 0.00, 0, '', ''),
(68, 40, 4, 36, 0, 0.00, 0, '', ''),
(69, 40, 4, 36, 0, 0.00, 0, '', ''),
(70, 41, 5, 52, 0, 0.00, 0, '', ''),
(71, 41, 5, 52, 0, 0.00, 0, '', ''),
(72, 42, 5, 52, 0, 0.00, 0, '', ''),
(73, 43, 4, 36, 0, 0.00, 0, '', ''),
(74, 44, 5, 53, 0, 0.00, 0, '', ''),
(75, 45, 5, 53, 0, 0.00, 0, '', ''),
(76, 46, 5, 53, 0, 0.00, 0, '', ''),
(77, 47, 5, 52, 0, 0.00, 0, '', ''),
(78, 48, 4, 36, 0, 0.00, 0, '', ''),
(79, 49, 4, 36, 0, 0.00, 0, '', ''),
(80, 32, 4, 36, 0, 0.00, 0, '', ''),
(81, 50, 2, 17, 0, 0.00, 0, '', ''),
(82, 50, 2, 16, 0, 0.00, 0, '', ''),
(83, 50, 2, 15, 0, 0.00, 0, '', ''),
(84, 50, 2, 14, 0, 0.00, 0, '', ''),
(85, 50, 2, 13, 0, 0.00, 0, '', ''),
(86, 51, 1, 6, 0, 0.00, 0, '', ''),
(87, 51, 1, 7, 0, 0.00, 0, '', ''),
(88, 51, 1, 8, 0, 0.00, 0, '', ''),
(89, 51, 1, 9, 0, 0.00, 0, '', ''),
(90, 51, 1, 10, 0, 0.00, 0, '', ''),
(91, 51, 1, 11, 0, 0.00, 0, '', ''),
(92, 51, 1, 12, 0, 0.00, 0, '', ''),
(93, 52, 1, 6, 0, 0.00, 0, '', ''),
(94, 52, 1, 7, 0, 0.00, 0, '', ''),
(95, 52, 1, 8, 0, 0.00, 0, '', ''),
(96, 52, 1, 9, 0, 0.00, 0, '', ''),
(97, 52, 1, 10, 0, 0.00, 0, '', ''),
(98, 52, 1, 11, 0, 0.00, 0, '', ''),
(99, 52, 1, 12, 0, 0.00, 0, '', ''),
(100, 53, 1, 6, 0, 0.00, 0, '', ''),
(101, 53, 1, 7, 0, 0.00, 0, '', ''),
(102, 53, 1, 8, 0, 0.00, 0, '', ''),
(103, 53, 1, 9, 0, 0.00, 0, '', ''),
(104, 53, 1, 10, 0, 0.00, 0, '', ''),
(105, 53, 1, 11, 0, 0.00, 0, '', ''),
(106, 53, 1, 12, 0, 0.00, 0, '', ''),
(107, 54, 4, 39, 0, 0.00, 0, '', ''),
(108, 54, 4, 38, 0, 0.00, 0, '', ''),
(109, 54, 4, 37, 0, 0.00, 0, '', ''),
(110, 54, 4, 36, 0, 0.00, 0, '', ''),
(111, 54, 4, 35, 0, 0.00, 0, '', ''),
(112, 55, 4, 35, 0, 0.00, 0, '', ''),
(113, 56, 4, 36, 0, 0.00, 0, '', ''),
(114, 57, 4, 36, 0, 0.00, 0, '', ''),
(115, 58, 4, 36, 0, 0.00, 0, '', ''),
(116, 59, 4, 36, 0, 0.00, 0, '', ''),
(117, 60, 4, 36, 0, 0.00, 0, '', ''),
(131, 72, 4, 36, 0, 0.00, 0, '', ''),
(119, 62, 4, 36, 0, 0.00, 0, '', ''),
(120, 63, 4, 36, 0, 0.00, 0, '', ''),
(121, 63, 4, 36, 0, 0.00, 0, '', ''),
(122, 65, 4, 35, 0, 0.00, 0, '', ''),
(123, 66, 4, 36, 0, 0.00, 0, '', ''),
(130, 71, 4, 36, 0, 0.00, 0, '', ''),
(129, 70, 4, 36, 0, 0.00, 0, '', ''),
(128, 66, 4, 36, 0, 0.00, 0, '', ''),
(127, 65, 4, 35, 0, 0.00, 0, '', ''),
(132, 73, 4, 36, 0, 0.00, 0, '', ''),
(133, 74, 4, 36, 0, 0.00, 0, '', ''),
(134, 75, 4, 36, 0, 0.00, 0, '', ''),
(135, 76, 4, 36, 0, 0.00, 0, '', ''),
(136, 77, 4, 36, 0, 0.00, 0, '', ''),
(137, 78, 4, 36, 0, 0.00, 0, '', ''),
(138, 79, 4, 36, 0, 0.00, 0, '', ''),
(139, 80, 4, 36, 0, 0.00, 0, '', ''),
(140, 81, 4, 36, 0, 0.00, 0, '', ''),
(141, 82, 4, 36, 0, 0.00, 0, '', ''),
(142, 83, 4, 36, 0, 0.00, 0, '', ''),
(143, 84, 4, 36, 0, 0.00, 0, '', ''),
(144, 85, 4, 36, 0, 0.00, 0, '', ''),
(145, 86, 4, 36, 0, 0.00, 0, '', ''),
(146, 87, 4, 36, 0, 0.00, 0, '', ''),
(147, 88, 4, 36, 0, 0.00, 0, '', ''),
(148, 89, 4, 36, 0, 0.00, 0, '', ''),
(149, 90, 4, 36, 0, 0.00, 0, '', ''),
(150, 91, 4, 36, 0, 0.00, 0, '', ''),
(151, 92, 4, 36, 0, 0.00, 0, '', ''),
(152, 93, 4, 36, 0, 0.00, 0, '', ''),
(153, 94, 4, 36, 0, 0.00, 0, '', ''),
(154, 95, 4, 36, 0, 0.00, 0, '', ''),
(155, 96, 4, 36, 0, 0.00, 0, '', ''),
(156, 97, 4, 35, 0, 0.00, 0, '', ''),
(157, 98, 4, 36, 0, 0.00, 0, '', ''),
(158, 99, 4, 36, 0, 0.00, 0, '', ''),
(159, 100, 4, 36, 0, 0.00, 0, '', ''),
(160, 101, 4, 36, 0, 0.00, 0, '', ''),
(161, 102, 4, 36, 0, 0.00, 0, '', ''),
(162, 103, 4, 36, 0, 0.00, 0, '', ''),
(163, 104, 4, 36, 0, 0.00, 0, '', ''),
(164, 105, 4, 36, 0, 0.00, 0, '', ''),
(165, 106, 4, 36, 0, 0.00, 0, '', ''),
(166, 107, 4, 36, 0, 0.00, 0, '', ''),
(167, 108, 4, 36, 0, 0.00, 0, '', ''),
(168, 109, 4, 36, 0, 0.00, 0, '', ''),
(169, 110, 4, 36, 0, 0.00, 0, '', ''),
(170, 111, 4, 36, 0, 0.00, 0, '', ''),
(171, 112, 5, 52, 0, 0.00, 0, '', ''),
(172, 113, 4, 36, 0, 0.00, 0, '', ''),
(173, 114, 4, 36, 0, 0.00, 0, '', ''),
(174, 115, 4, 36, 0, 0.00, 0, '', ''),
(175, 116, 4, 36, 0, 0.00, 0, '', ''),
(176, 117, 4, 36, 0, 0.00, 0, '', ''),
(177, 118, 4, 36, 0, 0.00, 0, '', ''),
(178, 119, 4, 36, 0, 0.00, 0, '', ''),
(179, 120, 56, 58, 0, 0.00, 0, '', ''),
(180, 121, 56, 61, 0, 0.00, 0, '', ''),
(181, 122, 56, 59, 0, 0.00, 0, '', ''),
(182, 123, 56, 58, 0, 0.00, 0, '', ''),
(183, 123, 1, 8, 0, 0.00, 0, '', ''),
(184, 123, 2, 16, 0, 0.00, 0, '', ''),
(185, 123, 4, 37, 0, 0.00, 0, '', ''),
(186, 71, 4, 36, 0, 0.00, 0, '', ''),
(187, 53, 1, 6, 0, 0.00, 0, '', ''),
(188, 53, 1, 7, 0, 0.00, 0, '', ''),
(189, 53, 1, 8, 0, 0.00, 0, '', ''),
(190, 53, 1, 9, 0, 0.00, 0, '', ''),
(191, 53, 1, 10, 0, 0.00, 0, '', ''),
(192, 53, 1, 11, 0, 0.00, 0, '', ''),
(193, 53, 1, 12, 0, 0.00, 0, '', ''),
(194, 53, 4, 36, 0, 0.00, 0, '', ''),
(195, 53, 1, 8, 0, 0.00, 0, '', ''),
(196, 53, 4, 36, 0, 0.00, 0, '', ''),
(197, 53, 56, 58, 0, 0.00, 0, '', ''),
(198, 57, 4, 36, 0, 0.00, 0, '', ''),
(199, 57, 4, 36, 0, 0.00, 0, '', ''),
(200, 57, 4, 36, 0, 0.00, 0, '', ''),
(201, 54, 4, 39, 0, 0.00, 0, '', ''),
(202, 54, 4, 38, 0, 0.00, 0, '', ''),
(203, 54, 4, 37, 0, 0.00, 0, '', ''),
(204, 54, 4, 36, 0, 0.00, 0, '', ''),
(205, 54, 4, 35, 0, 0.00, 0, '', ''),
(206, 54, 4, 39, 0, 0.00, 0, '', ''),
(207, 54, 4, 38, 0, 0.00, 0, '', ''),
(208, 54, 4, 37, 0, 0.00, 0, '', ''),
(209, 54, 4, 36, 0, 0.00, 0, '', ''),
(210, 54, 4, 35, 0, 0.00, 0, '', ''),
(211, 54, 4, 39, 0, 0.00, 0, '', ''),
(212, 54, 4, 38, 0, 0.00, 0, '', ''),
(213, 54, 4, 37, 0, 0.00, 0, '', ''),
(214, 54, 4, 36, 0, 0.00, 0, '', ''),
(215, 54, 4, 35, 0, 0.00, 0, '', ''),
(216, 124, 56, 59, 0, 0.00, 0, '', ''),
(217, 124, 56, 60, 0, 0.00, 0, '', ''),
(218, 124, 1, 8, 0, 0.00, 0, '', ''),
(219, 124, 1, 7, 0, 0.00, 0, '', ''),
(220, 125, 56, 57, 0, 0.00, 0, '', ''),
(221, 125, 56, 57, 0, 0.00, 0, '', ''),
(222, 126, 56, 57, 0, 0.00, 0, '', ''),
(223, 126, 56, 57, 0, 0.00, 0, '', ''),
(224, 93, 4, 36, 0, 0.00, 0, '', ''),
(225, 127, 56, 57, 0, 0.00, 0, '', ''),
(226, 128, 56, 57, 0, 0.00, 0, '', ''),
(227, 129, 56, 57, 0, 0.00, 0, '', ''),
(228, 129, 56, 57, 0, 0.00, 0, '', ''),
(230, 131, 56, 57, 0, 0.00, 0, '', ''),
(231, 133, 56, 57, 0, 0.00, 0, '', ''),
(232, 127, 56, 57, 0, 0.00, 0, '', ''),
(233, 128, 56, 57, 0, 0.00, 0, '', ''),
(234, 131, 56, 57, 0, 0.00, 0, '', ''),
(235, 136, 56, 57, 0, 0.00, 0, '', ''),
(236, 136, 56, 57, 0, 0.00, 0, '', ''),
(239, 140, 56, 57, 0, 0.00, 0, '', ''),
(240, 141, 56, 57, 0, 0.00, 0, '', ''),
(241, 142, 56, 58, 0, 0.00, 0, '', ''),
(242, 142, 4, 36, 0, 0.00, 0, '', ''),
(243, 142, 2, 14, 0, 0.00, 0, '', ''),
(244, 142, 2, 15, 0, 0.00, 0, '', ''),
(245, 142, 5, 51, 0, 0.00, 0, '', ''),
(246, 124, 56, 59, 0, 0.00, 0, '', ''),
(247, 124, 56, 60, 0, 0.00, 0, '', ''),
(248, 124, 1, 8, 0, 0.00, 0, '', ''),
(249, 124, 1, 7, 0, 0.00, 0, '', ''),
(250, 123, 56, 58, 0, 0.00, 0, '', ''),
(251, 123, 1, 8, 0, 0.00, 0, '', ''),
(252, 123, 2, 16, 0, 0.00, 0, '', ''),
(253, 123, 4, 37, 0, 0.00, 0, '', ''),
(254, 124, 56, 59, 0, 0.00, 0, '', ''),
(255, 124, 56, 60, 0, 0.00, 0, '', ''),
(256, 124, 1, 8, 0, 0.00, 0, '', ''),
(257, 124, 1, 7, 0, 0.00, 0, '', ''),
(258, 124, 56, 59, 0, 0.00, 0, '', ''),
(259, 124, 56, 60, 0, 0.00, 0, '', ''),
(260, 124, 1, 8, 0, 0.00, 0, '', ''),
(261, 124, 1, 7, 0, 0.00, 0, '', ''),
(262, 124, 56, 59, 0, 0.00, 0, '', ''),
(263, 124, 56, 60, 0, 0.00, 0, '', ''),
(264, 124, 1, 8, 0, 0.00, 0, '', ''),
(265, 124, 1, 7, 0, 0.00, 0, '', ''),
(266, 124, 56, 59, 0, 0.00, 0, '', ''),
(267, 124, 56, 60, 0, 0.00, 0, '', ''),
(268, 124, 1, 8, 0, 0.00, 0, '', ''),
(269, 124, 1, 7, 0, 0.00, 0, '', ''),
(270, 124, 56, 59, 0, 0.00, 0, '', ''),
(271, 124, 56, 60, 0, 0.00, 0, '', ''),
(272, 124, 1, 8, 0, 0.00, 0, '', ''),
(273, 124, 1, 7, 0, 0.00, 0, '', ''),
(274, 124, 56, 59, 0, 0.00, 0, '', ''),
(275, 124, 56, 60, 0, 0.00, 0, '', ''),
(276, 124, 1, 8, 0, 0.00, 0, '', ''),
(277, 124, 1, 7, 0, 0.00, 0, '', ''),
(278, 124, 56, 59, 0, 0.00, 0, '', ''),
(279, 124, 56, 60, 0, 0.00, 0, '', ''),
(280, 124, 1, 8, 0, 0.00, 0, '', ''),
(281, 124, 1, 7, 0, 0.00, 0, '', ''),
(282, 124, 56, 59, 0, 0.00, 0, '', ''),
(283, 124, 56, 60, 0, 0.00, 0, '', ''),
(284, 124, 1, 8, 0, 0.00, 0, '', ''),
(285, 124, 1, 7, 0, 0.00, 0, '', ''),
(286, 124, 56, 59, 0, 0.00, 0, '', ''),
(287, 124, 56, 60, 0, 0.00, 0, '', ''),
(288, 124, 1, 8, 0, 0.00, 0, '', ''),
(289, 124, 1, 7, 0, 0.00, 0, '', ''),
(290, 124, 56, 59, 0, 0.00, 0, '', ''),
(291, 124, 56, 60, 0, 0.00, 0, '', ''),
(292, 124, 1, 8, 0, 0.00, 0, '', ''),
(293, 124, 1, 7, 0, 0.00, 0, '', ''),
(294, 124, 56, 59, 0, 0.00, 0, '', ''),
(295, 124, 56, 60, 0, 0.00, 0, '', ''),
(296, 124, 1, 8, 0, 0.00, 0, '', ''),
(297, 124, 1, 7, 0, 0.00, 0, '', ''),
(298, 124, 56, 59, 0, 0.00, 0, '', ''),
(299, 124, 56, 60, 0, 0.00, 0, '', ''),
(300, 124, 1, 8, 0, 0.00, 0, '', ''),
(301, 124, 1, 7, 0, 0.00, 0, '', ''),
(302, 124, 56, 59, 0, 0.00, 0, '', ''),
(303, 124, 56, 60, 0, 0.00, 0, '', ''),
(304, 124, 1, 8, 0, 0.00, 0, '', ''),
(305, 124, 1, 7, 0, 0.00, 0, '', ''),
(306, 124, 56, 59, 0, 0.00, 0, '', ''),
(307, 124, 56, 60, 0, 0.00, 0, '', ''),
(308, 124, 1, 8, 0, 0.00, 0, '', ''),
(309, 124, 1, 7, 0, 0.00, 0, '', ''),
(310, 143, 56, 57, 0, 0.00, 0, '', ''),
(311, 144, 56, 57, 0, 0.00, 0, '', ''),
(312, 145, 56, 57, 0, 0.00, 0, '', ''),
(313, 148, 56, 57, 0, 0.00, 0, '', ''),
(314, 149, 5, 51, 0, 0.00, 0, '', ''),
(315, 151, 5, 51, 0, 0.00, 0, '', ''),
(316, 152, 5, 51, 0, 0.00, 0, '', ''),
(317, 124, 56, 59, 0, 0.00, 0, '', ''),
(318, 124, 56, 60, 0, 0.00, 0, '', ''),
(319, 124, 1, 8, 0, 0.00, 0, '', ''),
(320, 124, 1, 7, 0, 0.00, 0, '', ''),
(321, 124, 56, 59, 0, 0.00, 0, '', ''),
(322, 124, 56, 60, 0, 0.00, 0, '', ''),
(323, 124, 1, 8, 0, 0.00, 0, '', ''),
(324, 124, 1, 7, 0, 0.00, 0, '', ''),
(325, 124, 56, 59, 0, 0.00, 0, '', ''),
(326, 124, 56, 60, 0, 0.00, 0, '', ''),
(327, 124, 1, 8, 0, 0.00, 0, '', ''),
(328, 124, 1, 7, 0, 0.00, 0, '', ''),
(329, 124, 56, 59, 0, 0.00, 0, '', ''),
(330, 124, 56, 60, 0, 0.00, 0, '', ''),
(331, 124, 1, 8, 0, 0.00, 0, '', ''),
(332, 124, 1, 7, 0, 0.00, 0, '', ''),
(333, 124, 56, 59, 0, 0.00, 0, '', ''),
(334, 124, 56, 60, 0, 0.00, 0, '', ''),
(335, 124, 1, 8, 0, 0.00, 0, '', ''),
(336, 124, 1, 7, 0, 0.00, 0, '', ''),
(337, 124, 56, 59, 0, 0.00, 0, '', ''),
(338, 124, 56, 60, 0, 0.00, 0, '', ''),
(339, 124, 1, 8, 0, 0.00, 0, '', ''),
(340, 124, 1, 7, 0, 0.00, 0, '', ''),
(341, 124, 56, 59, 0, 0.00, 0, '', ''),
(342, 124, 56, 60, 0, 0.00, 0, '', ''),
(343, 124, 1, 8, 0, 0.00, 0, '', ''),
(344, 124, 1, 7, 0, 0.00, 0, '', ''),
(345, 124, 56, 59, 0, 0.00, 0, '', ''),
(346, 124, 56, 60, 0, 0.00, 0, '', ''),
(347, 124, 1, 8, 0, 0.00, 0, '', ''),
(348, 124, 1, 7, 0, 0.00, 0, '', ''),
(349, 124, 56, 59, 0, 0.00, 0, '', ''),
(350, 124, 56, 60, 0, 0.00, 0, '', ''),
(351, 124, 1, 8, 0, 0.00, 0, '', ''),
(352, 124, 1, 7, 0, 0.00, 0, '', ''),
(353, 124, 56, 59, 0, 0.00, 0, '', ''),
(354, 124, 56, 60, 0, 0.00, 0, '', ''),
(355, 124, 1, 8, 0, 0.00, 0, '', ''),
(356, 124, 1, 7, 0, 0.00, 0, '', ''),
(357, 124, 56, 59, 0, 0.00, 0, '', ''),
(358, 124, 56, 60, 0, 0.00, 0, '', ''),
(359, 124, 1, 8, 0, 0.00, 0, '', ''),
(360, 124, 1, 7, 0, 0.00, 0, '', ''),
(361, 124, 56, 59, 0, 0.00, 0, '', ''),
(362, 124, 56, 60, 0, 0.00, 0, '', ''),
(363, 124, 1, 8, 0, 0.00, 0, '', ''),
(364, 124, 1, 7, 0, 0.00, 0, '', ''),
(365, 124, 56, 59, 0, 0.00, 0, '', ''),
(366, 124, 56, 60, 0, 0.00, 0, '', ''),
(367, 124, 1, 8, 0, 0.00, 0, '', ''),
(368, 124, 1, 7, 0, 0.00, 0, '', ''),
(369, 124, 56, 59, 0, 0.00, 0, '', ''),
(370, 124, 56, 60, 0, 0.00, 0, '', ''),
(371, 124, 1, 8, 0, 0.00, 0, '', ''),
(372, 124, 1, 7, 0, 0.00, 0, '', ''),
(373, 124, 56, 59, 0, 0.00, 0, '', ''),
(374, 124, 56, 60, 0, 0.00, 0, '', ''),
(375, 124, 1, 8, 0, 0.00, 0, '', ''),
(376, 124, 1, 7, 0, 0.00, 0, '', ''),
(377, 124, 56, 59, 0, 0.00, 0, '', ''),
(378, 124, 56, 60, 0, 0.00, 0, '', ''),
(379, 124, 1, 8, 0, 0.00, 0, '', ''),
(380, 124, 1, 7, 0, 0.00, 0, '', ''),
(381, 153, 56, 61, 0, 0.00, 0, '', ''),
(382, 153, 56, 58, 0, 0.00, 0, '', ''),
(383, 153, 56, 59, 0, 0.00, 0, '', ''),
(384, 153, 56, 60, 0, 0.00, 0, '', ''),
(385, 153, 1, 8, 0, 0.00, 0, '', ''),
(386, 153, 1, 10, 0, 0.00, 0, '', ''),
(387, 153, 56, 61, 0, 0.00, 0, '', ''),
(388, 153, 56, 58, 0, 0.00, 0, '', ''),
(389, 153, 56, 59, 0, 0.00, 0, '', ''),
(390, 153, 56, 60, 0, 0.00, 0, '', ''),
(391, 153, 1, 8, 0, 0.00, 0, '', ''),
(392, 153, 1, 10, 0, 0.00, 0, '', ''),
(393, 153, 56, 61, 0, 0.00, 0, '', ''),
(394, 153, 56, 58, 0, 0.00, 0, '', ''),
(395, 153, 56, 59, 0, 0.00, 0, '', ''),
(396, 153, 56, 60, 0, 0.00, 0, '', ''),
(397, 153, 1, 8, 0, 0.00, 0, '', ''),
(398, 153, 1, 10, 0, 0.00, 0, '', ''),
(399, 153, 56, 61, 0, 0.00, 0, '', ''),
(400, 153, 56, 58, 0, 0.00, 0, '', ''),
(401, 153, 56, 59, 0, 0.00, 0, '', ''),
(402, 153, 56, 60, 0, 0.00, 0, '', ''),
(403, 153, 1, 8, 0, 0.00, 0, '', ''),
(404, 153, 1, 10, 0, 0.00, 0, '', ''),
(405, 153, 56, 61, 0, 0.00, 0, '', ''),
(406, 153, 56, 58, 0, 0.00, 0, '', ''),
(407, 153, 56, 59, 0, 0.00, 0, '', ''),
(408, 153, 56, 60, 0, 0.00, 0, '', ''),
(409, 153, 1, 8, 0, 0.00, 0, '', ''),
(410, 153, 1, 10, 0, 0.00, 0, '', ''),
(411, 153, 56, 61, 0, 0.00, 0, '', ''),
(412, 153, 56, 58, 0, 0.00, 0, '', ''),
(413, 153, 56, 59, 0, 0.00, 0, '', ''),
(414, 153, 56, 60, 0, 0.00, 0, '', ''),
(415, 153, 1, 8, 0, 0.00, 0, '', ''),
(416, 153, 1, 10, 0, 0.00, 0, '', ''),
(417, 153, 56, 61, 0, 0.00, 0, '', ''),
(418, 153, 56, 58, 0, 0.00, 0, '', ''),
(419, 153, 56, 59, 0, 0.00, 0, '', ''),
(420, 153, 56, 60, 0, 0.00, 0, '', ''),
(421, 153, 1, 8, 0, 0.00, 0, '', ''),
(422, 153, 1, 10, 0, 0.00, 0, '', ''),
(423, 153, 56, 61, 0, 0.00, 0, '', ''),
(424, 153, 56, 58, 0, 0.00, 0, '', ''),
(425, 153, 56, 59, 0, 0.00, 0, '', ''),
(426, 153, 56, 60, 0, 0.00, 0, '', ''),
(427, 153, 1, 8, 0, 0.00, 0, '', ''),
(428, 153, 1, 10, 0, 0.00, 0, '', ''),
(429, 153, 56, 61, 0, 0.00, 0, '', ''),
(430, 153, 56, 58, 0, 0.00, 0, '', ''),
(431, 153, 56, 59, 0, 0.00, 0, '', ''),
(432, 153, 56, 60, 0, 0.00, 0, '', ''),
(433, 153, 1, 8, 0, 0.00, 0, '', ''),
(434, 153, 1, 10, 0, 0.00, 0, '', ''),
(435, 153, 56, 61, 0, 0.00, 0, '', ''),
(436, 153, 56, 58, 0, 0.00, 0, '', ''),
(437, 153, 56, 59, 0, 0.00, 0, '', ''),
(438, 153, 56, 60, 0, 0.00, 0, '', ''),
(439, 153, 1, 8, 0, 0.00, 0, '', ''),
(440, 153, 1, 10, 0, 0.00, 0, '', ''),
(441, 153, 56, 61, 0, 0.00, 0, '', ''),
(442, 153, 56, 58, 0, 0.00, 0, '', ''),
(443, 153, 56, 59, 0, 0.00, 0, '', ''),
(444, 153, 56, 60, 0, 0.00, 0, '', ''),
(445, 153, 1, 8, 0, 0.00, 0, '', ''),
(446, 153, 1, 10, 0, 0.00, 0, '', ''),
(447, 153, 56, 61, 0, 0.00, 0, '', ''),
(448, 153, 56, 58, 0, 0.00, 0, '', ''),
(449, 153, 56, 59, 0, 0.00, 0, '', ''),
(450, 153, 56, 60, 0, 0.00, 0, '', ''),
(451, 153, 1, 8, 0, 0.00, 0, '', ''),
(452, 153, 1, 10, 0, 0.00, 0, '', ''),
(453, 153, 56, 61, 0, 0.00, 0, '', ''),
(454, 153, 56, 58, 0, 0.00, 0, '', ''),
(455, 153, 56, 59, 0, 0.00, 0, '', ''),
(456, 153, 56, 60, 0, 0.00, 0, '', ''),
(457, 153, 1, 8, 0, 0.00, 0, '', ''),
(458, 153, 1, 10, 0, 0.00, 0, '', ''),
(459, 153, 56, 61, 0, 0.00, 0, '', ''),
(460, 153, 56, 58, 0, 0.00, 0, '', ''),
(461, 153, 56, 59, 0, 0.00, 0, '', ''),
(462, 153, 56, 60, 0, 0.00, 0, '', ''),
(463, 153, 1, 8, 0, 0.00, 0, '', ''),
(464, 153, 1, 10, 0, 0.00, 0, '', ''),
(465, 153, 56, 61, 0, 0.00, 0, '', ''),
(466, 153, 56, 58, 0, 0.00, 0, '', ''),
(467, 153, 56, 59, 0, 0.00, 0, '', ''),
(468, 153, 56, 60, 0, 0.00, 0, '', ''),
(469, 153, 1, 8, 0, 0.00, 0, '', ''),
(470, 153, 1, 10, 0, 0.00, 0, '', ''),
(471, 153, 56, 61, 0, 0.00, 0, '', ''),
(472, 153, 56, 58, 0, 0.00, 0, '', ''),
(473, 153, 56, 59, 0, 0.00, 0, '', ''),
(474, 153, 56, 60, 0, 0.00, 0, '', ''),
(475, 153, 1, 8, 0, 0.00, 0, '', ''),
(476, 153, 1, 10, 0, 0.00, 0, '', ''),
(477, 152, 5, 51, 0, 0.00, 0, '', ''),
(478, 153, 56, 61, 0, 0.00, 0, '', ''),
(479, 153, 56, 58, 0, 0.00, 0, '', ''),
(480, 153, 56, 59, 0, 0.00, 0, '', ''),
(481, 153, 56, 60, 0, 0.00, 0, '', ''),
(482, 153, 1, 8, 0, 0.00, 0, '', ''),
(483, 153, 1, 10, 0, 0.00, 0, '', ''),
(484, 153, 56, 61, 0, 0.00, 0, '', ''),
(485, 153, 56, 58, 0, 0.00, 0, '', ''),
(486, 153, 56, 59, 0, 0.00, 0, '', ''),
(487, 153, 56, 60, 0, 0.00, 0, '', ''),
(488, 153, 1, 8, 0, 0.00, 0, '', ''),
(489, 153, 1, 10, 0, 0.00, 0, '', ''),
(490, 153, 56, 61, 0, 0.00, 0, '', ''),
(491, 153, 56, 58, 0, 0.00, 0, '', ''),
(492, 153, 56, 59, 0, 0.00, 0, '', ''),
(493, 153, 56, 60, 0, 0.00, 0, '', ''),
(494, 153, 1, 8, 0, 0.00, 0, '', ''),
(495, 153, 1, 10, 0, 0.00, 0, '', ''),
(496, 153, 56, 61, 0, 0.00, 0, '', ''),
(497, 153, 56, 58, 0, 0.00, 0, '', ''),
(498, 153, 56, 59, 0, 0.00, 0, '', ''),
(499, 153, 56, 60, 0, 0.00, 0, '', ''),
(500, 153, 1, 8, 0, 0.00, 0, '', ''),
(501, 153, 1, 10, 0, 0.00, 0, '', ''),
(502, 153, 56, 61, 0, 0.00, 0, '', ''),
(503, 153, 56, 58, 0, 0.00, 0, '', ''),
(504, 153, 56, 59, 0, 0.00, 0, '', ''),
(505, 153, 56, 60, 0, 0.00, 0, '', ''),
(506, 153, 1, 8, 0, 0.00, 0, '', ''),
(507, 153, 1, 10, 0, 0.00, 0, '', ''),
(508, 153, 56, 61, 0, 0.00, 0, '', ''),
(509, 153, 56, 58, 0, 0.00, 0, '', ''),
(510, 153, 56, 59, 0, 0.00, 0, '', ''),
(511, 153, 56, 60, 0, 0.00, 0, '', ''),
(512, 153, 1, 8, 0, 0.00, 0, '', ''),
(513, 153, 1, 10, 0, 0.00, 0, '', ''),
(514, 153, 56, 61, 0, 0.00, 0, '', ''),
(515, 153, 56, 58, 0, 0.00, 0, '', ''),
(516, 153, 56, 59, 0, 0.00, 0, '', ''),
(517, 153, 56, 60, 0, 0.00, 0, '', ''),
(518, 153, 1, 8, 0, 0.00, 0, '', ''),
(519, 153, 1, 10, 0, 0.00, 0, '', ''),
(520, 153, 56, 61, 0, 0.00, 0, '', ''),
(521, 153, 56, 58, 0, 0.00, 0, '', ''),
(522, 153, 56, 59, 0, 0.00, 0, '', ''),
(523, 153, 56, 60, 0, 0.00, 0, '', ''),
(524, 153, 1, 8, 0, 0.00, 0, '', ''),
(525, 153, 1, 10, 0, 0.00, 0, '', ''),
(526, 153, 56, 61, 0, 0.00, 0, '', ''),
(527, 153, 56, 58, 0, 0.00, 0, '', ''),
(528, 153, 56, 59, 0, 0.00, 0, '', ''),
(529, 153, 56, 60, 0, 0.00, 0, '', ''),
(530, 153, 1, 8, 0, 0.00, 0, '', ''),
(531, 153, 1, 10, 0, 0.00, 0, '', ''),
(532, 153, 56, 61, 0, 0.00, 0, '', ''),
(533, 153, 56, 58, 0, 0.00, 0, '', ''),
(534, 153, 56, 59, 0, 0.00, 0, '', ''),
(535, 153, 56, 60, 0, 0.00, 0, '', ''),
(536, 153, 1, 8, 0, 0.00, 0, '', ''),
(537, 153, 1, 10, 0, 0.00, 0, '', ''),
(538, 153, 56, 61, 0, 0.00, 0, '', ''),
(539, 153, 56, 58, 0, 0.00, 0, '', ''),
(540, 153, 56, 59, 0, 0.00, 0, '', ''),
(541, 153, 56, 60, 0, 0.00, 0, '', ''),
(542, 153, 1, 8, 0, 0.00, 0, '', ''),
(543, 153, 1, 10, 0, 0.00, 0, '', ''),
(544, 153, 56, 61, 0, 0.00, 0, '', ''),
(545, 153, 56, 58, 0, 0.00, 0, '', ''),
(546, 153, 56, 59, 0, 0.00, 0, '', ''),
(547, 153, 56, 60, 0, 0.00, 0, '', ''),
(548, 153, 1, 8, 0, 0.00, 0, '', ''),
(549, 153, 1, 10, 0, 0.00, 0, '', ''),
(550, 153, 56, 61, 0, 0.00, 0, '', ''),
(551, 153, 56, 58, 0, 0.00, 0, '', ''),
(552, 153, 56, 59, 0, 0.00, 0, '', ''),
(553, 153, 56, 60, 0, 0.00, 0, '', ''),
(554, 153, 1, 8, 0, 0.00, 0, '', ''),
(555, 153, 1, 10, 0, 0.00, 0, '', ''),
(556, 153, 56, 61, 0, 0.00, 0, '', ''),
(557, 153, 56, 58, 0, 0.00, 0, '', ''),
(558, 153, 56, 59, 0, 0.00, 0, '', ''),
(559, 153, 56, 60, 0, 0.00, 0, '', ''),
(560, 153, 1, 8, 0, 0.00, 0, '', ''),
(561, 153, 1, 10, 0, 0.00, 0, '', ''),
(562, 153, 56, 61, 0, 0.00, 0, '', ''),
(563, 153, 56, 58, 0, 0.00, 0, '', ''),
(564, 153, 56, 59, 0, 0.00, 0, '', ''),
(565, 153, 56, 60, 0, 0.00, 0, '', ''),
(566, 153, 1, 8, 0, 0.00, 0, '', ''),
(567, 153, 1, 10, 0, 0.00, 0, '', ''),
(568, 153, 56, 61, 0, 0.00, 0, '', ''),
(569, 153, 56, 58, 0, 0.00, 0, '', ''),
(570, 153, 56, 59, 0, 0.00, 0, '', ''),
(571, 153, 56, 60, 0, 0.00, 0, '', ''),
(572, 153, 1, 8, 0, 0.00, 0, '', ''),
(573, 153, 1, 10, 0, 0.00, 0, '', ''),
(574, 142, 56, 58, 0, 0.00, 0, '', ''),
(575, 142, 4, 36, 0, 0.00, 0, '', ''),
(576, 142, 2, 14, 0, 0.00, 0, '', ''),
(577, 142, 2, 15, 0, 0.00, 0, '', ''),
(578, 142, 5, 51, 0, 0.00, 0, '', ''),
(579, 151, 5, 51, 0, 0.00, 0, '', ''),
(580, 142, 56, 58, 0, 0.00, 0, '', ''),
(581, 142, 4, 36, 0, 0.00, 0, '', ''),
(582, 142, 2, 14, 0, 0.00, 0, '', ''),
(583, 142, 2, 15, 0, 0.00, 0, '', ''),
(584, 142, 5, 51, 0, 0.00, 0, '', ''),
(585, 142, 56, 58, 0, 0.00, 0, '', ''),
(586, 142, 4, 36, 0, 0.00, 0, '', ''),
(587, 142, 2, 14, 0, 0.00, 0, '', ''),
(588, 142, 2, 15, 0, 0.00, 0, '', ''),
(589, 142, 5, 51, 0, 0.00, 0, '', ''),
(767, 215, 56, 61, 0, 0.00, 0, '', ''),
(766, 215, 1, 73, 0, 0.00, 0, '', ''),
(765, 215, 1, 73, 0, 0.00, 0, '', ''),
(764, 215, 56, 61, 0, 0.00, 0, '', ''),
(763, 214, 1, 73, 0, 0.00, 0, '', ''),
(762, 214, 56, 62, 0, 0.00, 0, '', ''),
(761, 213, 56, 61, 0, 0.00, 0, '', ''),
(760, 213, 1, 73, 0, 0.00, 0, '', ''),
(759, 213, 1, 73, 0, 0.00, 0, '', ''),
(758, 213, 56, 61, 0, 0.00, 0, '', ''),
(757, 213, 56, 61, 0, 0.00, 0, '', ''),
(756, 213, 1, 73, 0, 0.00, 0, '', ''),
(755, 213, 1, 73, 0, 0.00, 0, '', ''),
(754, 213, 56, 61, 0, 0.00, 0, '', ''),
(753, 212, 1, 73, 0, 0.00, 0, '', ''),
(752, 212, 56, 62, 0, 0.00, 0, '', ''),
(625, 164, 1, 8, 0, 0.00, 0, '', ''),
(607, 159, 56, 59, 0, 0.00, 0, '', ''),
(608, 159, 56, 61, 0, 0.00, 0, '', ''),
(609, 159, 56, 59, 0, 0.00, 0, '', ''),
(610, 159, 56, 61, 0, 0.00, 0, '', ''),
(611, 159, 56, 59, 0, 0.00, 0, '', ''),
(612, 159, 56, 61, 0, 0.00, 0, '', ''),
(613, 159, 56, 59, 0, 0.00, 0, '', ''),
(614, 159, 56, 61, 0, 0.00, 0, '', ''),
(615, 160, 2, 13, 0, 0.00, 0, '', ''),
(616, 160, 2, 13, 0, 0.00, 0, '', ''),
(617, 160, 2, 14, 0, 0.00, 0, '', ''),
(618, 161, 2, 14, 0, 0.00, 0, '', ''),
(619, 161, 2, 13, 0, 0.00, 0, '', ''),
(620, 162, 2, 14, 0, 0.00, 0, '', ''),
(621, 162, 2, 13, 0, 0.00, 0, '', ''),
(622, 163, 2, 14, 0, 0.00, 0, '', ''),
(623, 163, 2, 13, 0, 0.00, 0, '', ''),
(624, 163, 2, 15, 0, 0.00, 0, '', ''),
(626, 165, 1, 8, 0, 0.00, 0, '', ''),
(627, 166, 4, 35, 0, 0.00, 0, '', ''),
(628, 166, 4, 36, 0, 0.00, 0, '', ''),
(629, 166, 4, 37, 0, 0.00, 0, '', ''),
(653, 182, 1, 6, 0, 0.00, 0, '', ''),
(652, 182, 1, 8, 0, 0.00, 0, '', ''),
(651, 181, 1, 8, 0, 0.00, 0, '', ''),
(650, 179, 1, 8, 0, 0.00, 0, '', ''),
(649, 179, 1, 6, 0, 0.00, 0, '', ''),
(648, 178, 1, 8, 0, 0.00, 0, '', ''),
(647, 178, 1, 6, 0, 0.00, 0, '', ''),
(646, 176, 1, 6, 0, 0.00, 0, '', ''),
(645, 176, 1, 8, 0, 0.00, 0, '', ''),
(644, 175, 1, 8, 0, 0.00, 0, '', ''),
(643, 175, 69, 70, 0, 0.00, 0, '', ''),
(642, 175, 69, 70, 0, 0.00, 0, '', ''),
(654, 197, 1, 7, 0, 0.00, 0, '', ''),
(655, 197, 1, 6, 0, 0.00, 0, '', ''),
(656, 197, 1, 8, 0, 0.00, 0, '', ''),
(657, 197, 1, 9, 0, 0.00, 0, '', ''),
(658, 197, 1, 11, 0, 0.00, 0, '', ''),
(659, 197, 1, 12, 0, 0.00, 0, '', ''),
(660, 197, 1, 73, 0, 0.00, 0, '', ''),
(661, 198, 1, 6, 0, 0.00, 0, '', ''),
(662, 198, 1, 7, 0, 0.00, 0, '', ''),
(663, 198, 1, 8, 0, 0.00, 0, '', ''),
(664, 198, 1, 10, 0, 0.00, 0, '', ''),
(665, 198, 1, 11, 0, 0.00, 0, '', ''),
(666, 198, 1, 12, 0, 0.00, 0, '', ''),
(667, 198, 1, 73, 0, 0.00, 0, '', ''),
(668, 199, 1, 7, 0, 0.00, 0, '', ''),
(669, 199, 1, 8, 0, 0.00, 0, '', ''),
(670, 199, 1, 11, 0, 0.00, 0, '', ''),
(671, 199, 1, 12, 0, 0.00, 0, '', ''),
(672, 199, 1, 73, 0, 0.00, 0, '', ''),
(673, 199, 1, 10, 0, 0.00, 0, '', ''),
(674, 199, 1, 9, 0, 0.00, 0, '', ''),
(675, 199, 1, 6, 0, 0.00, 0, '', ''),
(676, 200, 1, 6, 0, 0.00, 0, '', ''),
(677, 200, 1, 7, 0, 0.00, 0, '', ''),
(678, 200, 1, 8, 0, 0.00, 0, '', ''),
(679, 200, 1, 9, 0, 0.00, 0, '', ''),
(680, 200, 1, 10, 0, 0.00, 0, '', ''),
(681, 200, 1, 11, 0, 0.00, 0, '', ''),
(682, 200, 1, 12, 0, 0.00, 0, '', ''),
(683, 200, 1, 73, 0, 0.00, 0, '', ''),
(684, 201, 1, 6, 0, 0.00, 0, '', ''),
(685, 201, 1, 7, 0, 0.00, 0, '', ''),
(686, 201, 1, 8, 0, 0.00, 0, '', ''),
(687, 201, 1, 9, 0, 0.00, 0, '', ''),
(688, 201, 1, 10, 0, 0.00, 0, '', ''),
(689, 201, 1, 11, 0, 0.00, 0, '', ''),
(690, 201, 1, 12, 0, 0.00, 0, '', ''),
(691, 201, 1, 73, 0, 0.00, 0, '', ''),
(692, 202, 1, 6, 0, 0.00, 0, '', ''),
(693, 202, 1, 7, 0, 0.00, 0, '', ''),
(694, 202, 1, 8, 0, 0.00, 0, '', ''),
(695, 202, 1, 11, 0, 0.00, 0, '', ''),
(696, 202, 1, 12, 0, 0.00, 0, '', ''),
(697, 202, 1, 10, 0, 0.00, 0, '', ''),
(698, 202, 1, 9, 0, 0.00, 0, '', ''),
(699, 203, 1, 6, 0, 0.00, 0, '', ''),
(700, 203, 1, 7, 0, 0.00, 0, '', ''),
(701, 203, 1, 8, 0, 0.00, 0, '', ''),
(702, 203, 1, 9, 0, 0.00, 0, '', ''),
(703, 203, 1, 10, 0, 0.00, 0, '', ''),
(704, 203, 1, 12, 0, 0.00, 0, '', ''),
(705, 203, 1, 73, 0, 0.00, 0, '', ''),
(706, 203, 1, 11, 0, 0.00, 0, '', ''),
(707, 204, 1, 6, 0, 0.00, 0, '', ''),
(708, 204, 1, 7, 0, 0.00, 0, '', ''),
(709, 204, 1, 8, 0, 0.00, 0, '', ''),
(710, 204, 1, 9, 0, 0.00, 0, '', ''),
(711, 204, 1, 12, 0, 0.00, 0, '', ''),
(712, 204, 1, 73, 0, 0.00, 0, '', ''),
(713, 204, 1, 11, 0, 0.00, 0, '', ''),
(714, 204, 1, 10, 0, 0.00, 0, '', ''),
(715, 205, 1, 7, 0, 0.00, 0, '', ''),
(716, 205, 1, 6, 0, 0.00, 0, '', ''),
(717, 205, 1, 8, 0, 0.00, 0, '', ''),
(718, 205, 1, 9, 0, 0.00, 0, '', ''),
(719, 205, 1, 10, 0, 0.00, 0, '', ''),
(720, 205, 1, 11, 0, 0.00, 0, '', ''),
(721, 205, 1, 12, 0, 0.00, 0, '', ''),
(722, 205, 1, 73, 0, 0.00, 0, '', ''),
(723, 206, 1, 6, 0, 0.00, 0, '', ''),
(724, 206, 1, 7, 0, 0.00, 0, '', ''),
(725, 206, 1, 8, 0, 0.00, 0, '', ''),
(726, 206, 1, 9, 0, 0.00, 0, '', ''),
(727, 206, 1, 10, 0, 0.00, 0, '', ''),
(728, 206, 1, 11, 0, 0.00, 0, '', ''),
(729, 206, 1, 12, 0, 0.00, 0, '', ''),
(730, 206, 1, 73, 0, 0.00, 0, '', ''),
(731, 207, 1, 6, 0, 0.00, 0, '', ''),
(732, 207, 1, 7, 0, 0.00, 0, '', ''),
(733, 207, 1, 8, 0, 0.00, 0, '', ''),
(734, 207, 1, 9, 0, 0.00, 0, '', ''),
(735, 207, 1, 10, 0, 0.00, 0, '', ''),
(736, 207, 1, 12, 0, 0.00, 0, '', ''),
(737, 207, 1, 73, 0, 0.00, 0, '', ''),
(738, 207, 1, 11, 0, 0.00, 0, '', ''),
(739, 208, 1, 6, 0, 0.00, 0, '', ''),
(740, 208, 1, 7, 0, 0.00, 0, '', ''),
(741, 208, 1, 8, 0, 0.00, 0, '', ''),
(742, 208, 1, 9, 0, 0.00, 0, '', ''),
(743, 208, 1, 10, 0, 0.00, 0, '', ''),
(744, 208, 1, 12, 0, 0.00, 0, '', ''),
(745, 208, 1, 73, 0, 0.00, 0, '', ''),
(746, 208, 1, 11, 0, 0.00, 0, '', ''),
(747, 209, 1, 8, 0, 0.00, 0, '', ''),
(748, 209, 1, 9, 0, 0.00, 0, '', ''),
(749, 209, 56, 62, 0, 0.00, 0, '', ''),
(750, 210, 56, 62, 0, 0.00, 0, '', ''),
(751, 211, 56, 62, 0, 0.00, 0, '', ''),
(768, 216, 56, 61, 0, 0.00, 0, '', ''),
(769, 216, 1, 73, 0, 0.00, 0, '', ''),
(770, 217, 56, 62, 0, 0.00, 0, '', ''),
(771, 217, 1, 6, 0, 0.00, 0, '', ''),
(772, 217, 1, 8, 0, 0.00, 0, '', ''),
(773, 218, 56, 62, 0, 0.00, 0, '', ''),
(774, 218, 1, 73, 0, 0.00, 0, '', ''),
(775, 219, 56, 62, 0, 0.00, 0, '', ''),
(776, 219, 1, 73, 0, 0.00, 0, '', ''),
(777, 220, 56, 59, 0, 0.00, 0, '', ''),
(778, 164, 56, 62, 0, 0.00, 0, '', ''),
(779, 164, 1, 12, 0, 0.00, 0, '', ''),
(780, 165, 1, 8, 0, 0.00, 0, '', ''),
(781, 221, 56, 59, 0, 0.00, 0, '', ''),
(782, 221, 5, 52, 0, 0.00, 0, '', ''),
(783, 221, 56, 59, 0, 0.00, 0, '', ''),
(784, 221, 5, 52, 0, 0.00, 0, '', ''),
(798, 224, 56, 57, 0, 0.00, 0, '', ''),
(786, 223, 56, 57, 0, 0.00, 0, '', ''),
(787, 223, 56, 59, 0, 0.00, 0, '', ''),
(788, 223, 56, 60, 0, 0.00, 0, '', ''),
(789, 223, 56, 61, 0, 0.00, 0, '', ''),
(790, 223, 56, 62, 0, 0.00, 0, '', ''),
(791, 223, 1, 6, 0, 0.00, 0, '', ''),
(792, 223, 1, 7, 0, 0.00, 0, '', ''),
(793, 223, 1, 8, 0, 0.00, 0, '', ''),
(794, 223, 1, 9, 0, 0.00, 0, '', ''),
(795, 223, 1, 11, 0, 0.00, 0, '', ''),
(796, 223, 1, 12, 0, 0.00, 0, '', ''),
(797, 223, 1, 73, 0, 0.00, 0, '', ''),
(799, 224, 1, 6, 0, 0.00, 0, '', ''),
(800, 224, 1, 7, 0, 0.00, 0, '', ''),
(801, 224, 1, 8, 0, 0.00, 0, '', ''),
(802, 224, 1, 9, 0, 0.00, 0, '', ''),
(803, 224, 1, 10, 0, 0.00, 0, '', ''),
(804, 224, 1, 11, 0, 0.00, 0, '', ''),
(805, 224, 1, 12, 0, 0.00, 0, '', ''),
(806, 224, 1, 73, 0, 0.00, 0, '', ''),
(807, 225, 56, 57, 0, 0.00, 0, '', ''),
(808, 225, 1, 6, 0, 0.00, 0, '', ''),
(809, 225, 1, 7, 0, 0.00, 0, '', ''),
(810, 225, 1, 9, 0, 0.00, 0, '', ''),
(811, 225, 1, 8, 0, 0.00, 0, '', ''),
(812, 225, 1, 10, 0, 0.00, 0, '', ''),
(813, 225, 1, 11, 0, 0.00, 0, '', ''),
(814, 225, 1, 12, 0, 0.00, 0, '', ''),
(815, 225, 1, 73, 0, 0.00, 0, '', ''),
(816, 226, 1, 6, 0, 0.00, 0, '', ''),
(817, 226, 1, 7, 0, 0.00, 0, '', ''),
(818, 226, 1, 11, 0, 0.00, 0, '', ''),
(819, 226, 1, 73, 0, 0.00, 0, '', ''),
(820, 226, 1, 12, 0, 0.00, 0, '', ''),
(821, 226, 1, 10, 0, 0.00, 0, '', ''),
(822, 226, 1, 9, 0, 0.00, 0, '', ''),
(823, 226, 1, 8, 0, 0.00, 0, '', ''),
(824, 226, 56, 57, 0, 0.00, 0, '', ''),
(825, 137, 1, 6, 0, 0.00, 0, '', ''),
(826, 137, 1, 8, 0, 0.00, 0, '', ''),
(827, 137, 1, 9, 0, 0.00, 0, '', ''),
(828, 137, 1, 10, 0, 0.00, 0, '', ''),
(829, 137, 1, 11, 0, 0.00, 0, '', ''),
(830, 137, 1, 12, 0, 0.00, 0, '', ''),
(831, 137, 1, 73, 0, 0.00, 0, '', ''),
(832, 136, 56, 57, 0, 0.00, 0, '', ''),
(833, 136, 56, 57, 0, 0.00, 0, '', ''),
(834, 126, 56, 57, 0, 0.00, 0, '', ''),
(835, 126, 56, 57, 0, 0.00, 0, '', ''),
(836, 126, 1, 6, 0, 0.00, 0, '', ''),
(837, 126, 1, 7, 0, 0.00, 0, '', ''),
(838, 126, 1, 8, 0, 0.00, 0, '', ''),
(839, 126, 1, 9, 0, 0.00, 0, '', ''),
(840, 126, 1, 10, 0, 0.00, 0, '', ''),
(841, 126, 1, 11, 0, 0.00, 0, '', ''),
(842, 126, 1, 12, 0, 0.00, 0, '', ''),
(843, 126, 1, 73, 0, 0.00, 0, '', ''),
(844, 125, 56, 57, 0, 0.00, 0, '', ''),
(845, 125, 56, 57, 0, 0.00, 0, '', ''),
(846, 93, 4, 36, 0, 0.00, 0, '', ''),
(847, 93, 4, 36, 0, 0.00, 0, '', ''),
(848, 92, 4, 36, 0, 0.00, 0, '', ''),
(849, 91, 4, 36, 0, 0.00, 0, '', ''),
(850, 90, 4, 36, 0, 0.00, 0, '', ''),
(851, 89, 4, 36, 0, 0.00, 0, '', ''),
(852, 88, 4, 36, 0, 0.00, 0, '', ''),
(853, 65, 4, 35, 0, 0.00, 0, '', ''),
(854, 65, 4, 35, 0, 0.00, 0, '', ''),
(855, 87, 4, 36, 0, 0.00, 0, '', ''),
(856, 86, 4, 36, 0, 0.00, 0, '', ''),
(857, 85, 4, 36, 0, 0.00, 0, '', ''),
(858, 84, 4, 36, 0, 0.00, 0, '', ''),
(859, 83, 4, 36, 0, 0.00, 0, '', ''),
(860, 82, 4, 36, 0, 0.00, 0, '', ''),
(861, 81, 4, 36, 0, 0.00, 0, '', ''),
(862, 80, 4, 36, 0, 0.00, 0, '', ''),
(863, 79, 4, 36, 0, 0.00, 0, '', ''),
(864, 78, 4, 36, 0, 0.00, 0, '', ''),
(865, 77, 4, 36, 0, 0.00, 0, '', ''),
(866, 76, 4, 36, 0, 0.00, 0, '', ''),
(867, 70, 4, 36, 0, 0.00, 0, '', ''),
(868, 72, 4, 36, 0, 0.00, 0, '', ''),
(869, 75, 4, 36, 0, 0.00, 0, '', ''),
(870, 74, 4, 36, 0, 0.00, 0, '', ''),
(871, 73, 4, 36, 0, 0.00, 0, '', ''),
(872, 228, 56, 58, 0, 0.00, 0, '', ''),
(873, 228, 56, 59, 0, 0.00, 0, '', ''),
(874, 228, 56, 60, 0, 0.00, 0, '', ''),
(875, 228, 56, 61, 0, 0.00, 0, '', ''),
(876, 228, 56, 62, 0, 0.00, 0, '', ''),
(877, 228, 56, 57, 0, 0.00, 0, '', ''),
(878, 228, 1, 6, 0, 0.00, 0, '', ''),
(879, 228, 1, 8, 0, 0.00, 0, '', ''),
(880, 228, 1, 7, 0, 0.00, 0, '', ''),
(881, 228, 1, 9, 0, 0.00, 0, '', ''),
(882, 228, 1, 10, 0, 0.00, 0, '', ''),
(883, 228, 1, 11, 0, 0.00, 0, '', ''),
(884, 228, 1, 12, 0, 0.00, 0, '', ''),
(885, 228, 1, 73, 0, 0.00, 0, '', ''),
(886, 229, 56, 58, 0, 0.00, 0, '', ''),
(887, 229, 56, 60, 0, 0.00, 0, '', ''),
(888, 229, 56, 61, 0, 0.00, 0, '', ''),
(889, 229, 56, 62, 0, 0.00, 0, '', ''),
(890, 229, 56, 59, 0, 0.00, 0, '', ''),
(891, 229, 56, 57, 0, 0.00, 0, '', ''),
(892, 229, 1, 6, 0, 0.00, 0, '', ''),
(893, 229, 1, 7, 0, 0.00, 0, '', ''),
(894, 229, 1, 9, 0, 0.00, 0, '', ''),
(895, 229, 1, 10, 0, 0.00, 0, '', ''),
(896, 229, 1, 11, 0, 0.00, 0, '', ''),
(897, 229, 1, 12, 0, 0.00, 0, '', ''),
(898, 229, 1, 73, 0, 0.00, 0, '', ''),
(899, 229, 1, 8, 0, 0.00, 0, '', ''),
(900, 230, 56, 58, 0, 0.00, 0, '', ''),
(901, 230, 56, 59, 0, 0.00, 0, '', ''),
(902, 230, 56, 60, 0, 0.00, 0, '', ''),
(903, 230, 56, 61, 0, 0.00, 0, '', ''),
(904, 230, 56, 62, 0, 0.00, 0, '', ''),
(905, 230, 56, 57, 0, 0.00, 0, '', ''),
(906, 230, 1, 73, 0, 0.00, 0, '', ''),
(907, 231, 56, 57, 0, 0.00, 0, '', ''),
(908, 231, 56, 58, 0, 0.00, 0, '', ''),
(909, 231, 56, 59, 0, 0.00, 0, '', ''),
(910, 231, 56, 60, 0, 0.00, 0, '', ''),
(911, 231, 56, 61, 0, 0.00, 0, '', ''),
(912, 231, 56, 62, 0, 0.00, 0, '', ''),
(913, 231, 1, 6, 0, 0.00, 0, '', ''),
(914, 231, 1, 7, 0, 0.00, 0, '', ''),
(915, 231, 1, 8, 0, 0.00, 0, '', ''),
(916, 231, 1, 9, 0, 0.00, 0, '', ''),
(917, 231, 1, 10, 0, 0.00, 0, '', ''),
(918, 231, 1, 12, 0, 0.00, 0, '', ''),
(919, 231, 1, 11, 0, 0.00, 0, '', ''),
(920, 231, 1, 73, 0, 0.00, 0, '', ''),
(921, 232, 56, 57, 0, 0.00, 0, '', ''),
(922, 232, 56, 58, 0, 0.00, 0, '', ''),
(923, 232, 56, 60, 0, 0.00, 0, '', ''),
(924, 232, 56, 61, 0, 0.00, 0, '', ''),
(925, 232, 56, 62, 0, 0.00, 0, '', ''),
(926, 232, 1, 6, 0, 0.00, 0, '', ''),
(927, 232, 1, 8, 0, 0.00, 0, '', ''),
(928, 232, 1, 9, 0, 0.00, 0, '', ''),
(929, 232, 1, 10, 0, 0.00, 0, '', ''),
(930, 232, 1, 73, 0, 0.00, 0, '', ''),
(931, 232, 1, 12, 0, 0.00, 0, '', ''),
(932, 232, 1, 11, 0, 0.00, 0, '', ''),
(933, 232, 1, 7, 0, 0.00, 0, '', ''),
(934, 233, 56, 57, 0, 0.00, 0, '', ''),
(935, 233, 56, 58, 0, 0.00, 0, '', ''),
(936, 233, 56, 59, 0, 0.00, 0, '', ''),
(937, 233, 56, 60, 0, 0.00, 0, '', ''),
(938, 233, 56, 61, 0, 0.00, 0, '', ''),
(939, 233, 56, 62, 0, 0.00, 0, '', ''),
(940, 233, 1, 6, 0, 0.00, 0, '', ''),
(941, 233, 1, 7, 0, 0.00, 0, '', ''),
(942, 233, 1, 9, 0, 0.00, 0, '', ''),
(943, 233, 1, 10, 0, 0.00, 0, '', ''),
(944, 233, 1, 11, 0, 0.00, 0, '', ''),
(945, 233, 1, 12, 0, 0.00, 0, '', ''),
(946, 233, 1, 73, 0, 0.00, 0, '', ''),
(947, 233, 1, 8, 0, 0.00, 0, '', ''),
(948, 234, 56, 58, 0, 0.00, 0, '', ''),
(949, 234, 56, 59, 0, 0.00, 0, '', ''),
(950, 234, 56, 60, 0, 0.00, 0, '', ''),
(951, 234, 56, 61, 0, 0.00, 0, '', ''),
(952, 234, 56, 62, 0, 0.00, 0, '', ''),
(953, 234, 56, 57, 0, 0.00, 0, '', ''),
(954, 234, 1, 8, 0, 0.00, 0, '', ''),
(955, 234, 1, 12, 0, 0.00, 0, '', ''),
(956, 234, 1, 11, 0, 0.00, 0, '', ''),
(957, 234, 1, 10, 0, 0.00, 0, '', ''),
(958, 234, 1, 9, 0, 0.00, 0, '', ''),
(959, 234, 1, 7, 0, 0.00, 0, '', ''),
(960, 234, 1, 6, 0, 0.00, 0, '', ''),
(961, 234, 1, 73, 0, 0.00, 0, '', ''),
(962, 235, 56, 57, 0, 0.00, 0, '', ''),
(963, 235, 56, 58, 0, 0.00, 0, '', ''),
(964, 235, 56, 59, 0, 0.00, 0, '', ''),
(965, 235, 56, 61, 0, 0.00, 0, '', ''),
(966, 235, 56, 62, 0, 0.00, 0, '', ''),
(967, 235, 56, 60, 0, 0.00, 0, '', ''),
(968, 235, 1, 6, 0, 0.00, 0, '', ''),
(969, 235, 1, 8, 0, 0.00, 0, '', ''),
(970, 235, 1, 9, 0, 0.00, 0, '', ''),
(971, 235, 1, 10, 0, 0.00, 0, '', ''),
(972, 235, 1, 12, 0, 0.00, 0, '', ''),
(973, 235, 1, 73, 0, 0.00, 0, '', ''),
(974, 235, 1, 11, 0, 0.00, 0, '', ''),
(975, 235, 1, 7, 0, 0.00, 0, '', ''),
(976, 239, 56, 57, 0, 0.00, 0, '', ''),
(977, 239, 56, 58, 0, 0.00, 0, '', ''),
(978, 239, 56, 59, 0, 0.00, 0, '', ''),
(979, 239, 1, 7, 0, 0.00, 0, '', ''),
(980, 239, 1, 6, 0, 0.00, 0, '', ''),
(981, 239, 1, 8, 0, 0.00, 0, '', ''),
(982, 239, 1, 9, 0, 0.00, 0, '', ''),
(983, 239, 1, 10, 0, 0.00, 0, '', ''),
(984, 239, 1, 12, 0, 0.00, 0, '', ''),
(985, 239, 1, 73, 0, 0.00, 0, '', ''),
(986, 239, 1, 11, 0, 0.00, 0, '', ''),
(987, 240, 56, 57, 0, 0.00, 0, '', ''),
(988, 240, 56, 58, 0, 0.00, 0, '', ''),
(989, 240, 56, 59, 0, 0.00, 0, '', ''),
(990, 240, 1, 6, 0, 0.00, 0, '', ''),
(991, 240, 1, 7, 0, 0.00, 0, '', ''),
(992, 240, 1, 8, 0, 0.00, 0, '', ''),
(993, 240, 1, 9, 0, 0.00, 0, '', ''),
(994, 240, 1, 10, 0, 0.00, 0, '', ''),
(995, 240, 1, 11, 0, 0.00, 0, '', ''),
(996, 240, 1, 12, 0, 0.00, 0, '', ''),
(997, 240, 1, 73, 0, 0.00, 0, '', ''),
(998, 241, 56, 57, 0, 0.00, 0, '', ''),
(999, 241, 56, 58, 0, 0.00, 0, '', ''),
(1000, 241, 56, 59, 0, 0.00, 0, '', ''),
(1001, 241, 56, 60, 0, 0.00, 0, '', ''),
(1002, 241, 56, 62, 0, 0.00, 0, '', ''),
(1003, 241, 56, 61, 0, 0.00, 0, '', ''),
(1004, 241, 1, 8, 0, 0.00, 0, '', ''),
(1005, 241, 1, 10, 0, 0.00, 0, '', ''),
(1006, 241, 1, 9, 0, 0.00, 0, '', ''),
(1007, 242, 56, 62, 0, 0.00, 0, '', ''),
(1008, 242, 1, 8, 0, 0.00, 0, '', ''),
(1009, 242, 1, 9, 0, 0.00, 0, '', ''),
(1010, 242, 1, 10, 0, 0.00, 0, '', ''),
(1011, 243, 56, 62, 0, 0.00, 0, '', ''),
(1012, 243, 1, 8, 0, 0.00, 0, '', ''),
(1013, 243, 1, 9, 0, 0.00, 0, '', ''),
(1014, 243, 1, 10, 0, 0.00, 0, '', ''),
(1015, 244, 56, 57, 0, 0.00, 0, '', ''),
(1016, 244, 56, 58, 0, 0.00, 0, '', ''),
(1017, 244, 56, 59, 0, 0.00, 0, '', ''),
(1018, 244, 56, 60, 0, 0.00, 0, '', ''),
(1019, 244, 56, 61, 0, 0.00, 0, '', ''),
(1020, 244, 56, 62, 0, 0.00, 0, '', ''),
(1021, 244, 1, 6, 0, 0.00, 0, '', ''),
(1022, 244, 1, 7, 0, 0.00, 0, '', ''),
(1023, 244, 1, 9, 0, 0.00, 0, '', ''),
(1024, 244, 1, 10, 0, 0.00, 0, '', ''),
(1025, 244, 1, 11, 0, 0.00, 0, '', ''),
(1026, 244, 1, 73, 0, 0.00, 0, '', ''),
(1027, 244, 1, 12, 0, 0.00, 0, '', ''),
(1028, 244, 1, 8, 0, 0.00, 0, '', ''),
(1029, 245, 56, 58, 0, 0.00, 0, '', ''),
(1030, 245, 56, 60, 0, 0.00, 0, '', ''),
(1031, 245, 56, 61, 0, 0.00, 0, '', ''),
(1032, 245, 56, 62, 0, 0.00, 0, '', ''),
(1033, 245, 56, 57, 0, 0.00, 0, '', ''),
(1034, 245, 1, 6, 0, 0.00, 0, '', ''),
(1035, 245, 1, 7, 0, 0.00, 0, '', ''),
(1036, 245, 1, 9, 0, 0.00, 0, '', ''),
(1037, 245, 1, 8, 0, 0.00, 0, '', ''),
(1038, 245, 1, 10, 0, 0.00, 0, '', ''),
(1039, 245, 1, 11, 0, 0.00, 0, '', ''),
(1040, 245, 1, 73, 0, 0.00, 0, '', ''),
(1041, 245, 1, 12, 0, 0.00, 0, '', ''),
(1042, 246, 56, 58, 0, 0.00, 0, '', ''),
(1043, 246, 56, 59, 0, 0.00, 0, '', ''),
(1044, 246, 56, 60, 0, 0.00, 0, '', ''),
(1045, 246, 56, 61, 0, 0.00, 0, '', ''),
(1046, 246, 56, 62, 0, 0.00, 0, '', ''),
(1047, 246, 1, 6, 0, 0.00, 0, '', ''),
(1048, 247, 56, 57, 0, 0.00, 0, '', ''),
(1049, 247, 56, 58, 0, 0.00, 0, '', ''),
(1050, 247, 56, 59, 0, 0.00, 0, '', ''),
(1051, 247, 56, 60, 0, 0.00, 0, '', ''),
(1052, 247, 56, 61, 0, 0.00, 0, '', ''),
(1053, 247, 56, 62, 0, 0.00, 0, '', ''),
(1054, 247, 1, 6, 0, 0.00, 0, '', ''),
(1055, 248, 56, 58, 0, 0.00, 0, '', ''),
(1056, 248, 56, 59, 0, 0.00, 0, '', ''),
(1057, 248, 56, 60, 0, 0.00, 0, '', ''),
(1058, 248, 56, 61, 0, 0.00, 0, '', ''),
(1059, 248, 56, 62, 0, 0.00, 0, '', ''),
(1060, 248, 1, 6, 0, 0.00, 0, '', ''),
(1061, 248, 1, 7, 0, 0.00, 0, '', ''),
(1062, 248, 1, 8, 0, 0.00, 0, '', ''),
(1063, 248, 1, 9, 0, 0.00, 0, '', ''),
(1064, 248, 1, 10, 0, 0.00, 0, '', ''),
(1065, 248, 1, 11, 0, 0.00, 0, '', ''),
(1066, 248, 1, 12, 0, 0.00, 0, '', ''),
(1067, 248, 1, 73, 0, 0.00, 0, '', ''),
(1068, 249, 56, 58, 0, 0.00, 0, '', ''),
(1069, 249, 56, 59, 0, 0.00, 0, '', ''),
(1070, 249, 56, 60, 0, 0.00, 0, '', ''),
(1071, 249, 56, 61, 0, 0.00, 0, '', ''),
(1072, 249, 56, 62, 0, 0.00, 0, '', ''),
(1073, 249, 1, 7, 0, 0.00, 0, '', ''),
(1074, 249, 1, 9, 0, 0.00, 0, '', ''),
(1075, 249, 1, 10, 0, 0.00, 0, '', ''),
(1076, 249, 1, 11, 0, 0.00, 0, '', ''),
(1077, 249, 1, 12, 0, 0.00, 0, '', ''),
(1078, 249, 1, 73, 0, 0.00, 0, '', ''),
(1079, 249, 1, 6, 0, 0.00, 0, '', ''),
(1080, 249, 1, 8, 0, 0.00, 0, '', ''),
(1081, 238, 56, 58, 0, 0.00, 0, '', ''),
(1082, 238, 56, 59, 0, 0.00, 0, '', ''),
(1083, 238, 56, 60, 0, 0.00, 0, '', ''),
(1084, 238, 56, 61, 0, 0.00, 0, '', ''),
(1085, 238, 56, 62, 0, 0.00, 0, '', ''),
(1086, 238, 1, 7, 0, 0.00, 0, '', ''),
(1087, 238, 1, 6, 0, 0.00, 0, '', ''),
(1088, 238, 1, 8, 0, 0.00, 0, '', ''),
(1089, 238, 1, 9, 0, 0.00, 0, '', ''),
(1090, 238, 1, 10, 0, 0.00, 0, '', ''),
(1091, 238, 1, 12, 0, 0.00, 0, '', ''),
(1092, 238, 1, 73, 0, 0.00, 0, '', ''),
(1093, 238, 1, 11, 0, 0.00, 0, '', ''),
(1094, 237, 56, 58, 0, 0.00, 0, '', ''),
(1095, 237, 56, 59, 0, 0.00, 0, '', ''),
(1096, 237, 56, 60, 0, 0.00, 0, '', ''),
(1097, 237, 56, 61, 0, 0.00, 0, '', ''),
(1098, 237, 56, 62, 0, 0.00, 0, '', ''),
(1099, 237, 1, 6, 0, 0.00, 0, '', ''),
(1100, 237, 1, 7, 0, 0.00, 0, '', ''),
(1101, 237, 1, 8, 0, 0.00, 0, '', ''),
(1102, 237, 1, 9, 0, 0.00, 0, '', ''),
(1103, 237, 1, 11, 0, 0.00, 0, '', ''),
(1104, 237, 1, 10, 0, 0.00, 0, '', ''),
(1105, 237, 1, 12, 0, 0.00, 0, '', ''),
(1106, 237, 1, 73, 0, 0.00, 0, '', '');

-- --------------------------------------------------------

--
-- 表的结构 `ecm_member`
--

DROP TABLE IF EXISTS `ecm_member`;
CREATE TABLE IF NOT EXISTS `ecm_member` (
  `user_id` int(10) unsigned NOT NULL auto_increment,
  `user_name` varchar(60) NOT NULL default '',
  `email` varchar(60) NOT NULL default '',
  `password` varchar(32) NOT NULL default '',
  `real_name` varchar(60) default NULL,
  `gender` tinyint(3) unsigned NOT NULL default '0',
  `birthday` date default NULL,
  `phone_tel` varchar(60) default NULL,
  `phone_mob` varchar(60) default NULL,
  `im_qq` varchar(60) default NULL,
  `im_msn` varchar(60) default NULL,
  `im_skype` varchar(60) default NULL,
  `im_yahoo` varchar(60) default NULL,
  `im_aliww` varchar(60) default NULL,
  `reg_time` int(10) unsigned default '0',
  `last_login` int(10) unsigned default NULL,
  `last_ip` varchar(15) default NULL,
  `logins` int(10) unsigned NOT NULL default '0',
  `ugrade` tinyint(3) unsigned NOT NULL default '0',
  `portrait` varchar(255) default NULL,
  `outer_id` int(10) unsigned NOT NULL default '0',
  `activation` varchar(60) default NULL,
  `feed_config` text NOT NULL,
  PRIMARY KEY  (`user_id`),
  KEY `user_name` (`user_name`),
  KEY `email` (`email`),
  KEY `outer_id` (`outer_id`)
) ENGINE=MyISAM  DEFAULT CHARSET=utf8 AUTO_INCREMENT=62 ;

--
-- 转存表中的数据 `ecm_member`
--

INSERT INTO `ecm_member` (`user_id`, `user_name`, `email`, `password`, `real_name`, `gender`, `birthday`, `phone_tel`, `phone_mob`, `im_qq`, `im_msn`, `im_skype`, `im_yahoo`, `im_aliww`, `reg_time`, `last_login`, `last_ip`, `logins`, `ugrade`, `portrait`, `outer_id`, `activation`, `feed_config`) VALUES
(1, 'admin', 'admin@admin.com', '21232f297a57a5a743894a0e4a801fc3', NULL, 0, NULL, NULL, NULL, NULL, NULL, NULL, NULL, NULL, 1402309201, 1412822890, '171.13.152.125', 345, 0, NULL, 0, NULL, ''),
(2, 'seller', 'seller@ecmall.com', 'e10adc3949ba59abbe56e057f20f883e', '超级卖家', 0, NULL, NULL, NULL, '', '', NULL, NULL, NULL, 1402312731, 1411975180, '115.50.96.160', 148, 0, '', 0, NULL, ''),
(3, 'buyer', 'buyer@ecmall.com', 'e10adc3949ba59abbe56e057f20f883e', '超级买家', 0, NULL, NULL, NULL, NULL, NULL, NULL, NULL, NULL, 1402312731, 1411006460, '171.13.153.109', 3, 0, NULL, 0, NULL, ''),
(4, 'shop1', 'shop1@shop.com', 'e10adc3949ba59abbe56e057f20f883e', '', 0, NULL, NULL, NULL, '', '', NULL, NULL, NULL, 1404566424, 1412733249, '1.199.116.67', 11, 0, '', 0, NULL, ''),
(5, 'sadwdfe', 'fwer@ef.fe', 'e10adc3949ba59abbe56e057f20f883e', '', 0, NULL, NULL, NULL, '', '', NULL, NULL, NULL, 1404811426, 1407950653, '123.7.52.55', 6, 0, '', 0, NULL, ''),
(6, '测试店铺1', 'test1@qq.com', '42b72f913c3201fc62660d512f5ac746', NULL, 0, NULL, NULL, NULL, NULL, NULL, NULL, NULL, NULL, 1405023339, 1405023339, '120.213.2.12', 1, 0, NULL, 0, NULL, ''),
(7, '测试店铺2', 'test2@qq.com', '48b83a2a920f7284c9f0e1bf03012b68', NULL, 0, NULL, NULL, NULL, NULL, NULL, NULL, NULL, NULL, 1405023469, 1405023469, '120.213.2.12', 1, 0, NULL, 0, NULL, ''),
(8, '测试店铺3', 'test3@qq.com', 'e12234d4575a12bfd61d61294f32b086', NULL, 0, NULL, NULL, NULL, NULL, NULL, NULL, NULL, NULL, 1405023568, 1405023568, '120.213.2.12', 1, 0, NULL, 0, NULL, ''),
(11, 'wcd', '774241885@qq.com', 'b1c97bc915838ae0280aee85f645eeb1', NULL, 0, NULL, NULL, NULL, NULL, NULL, NULL, NULL, NULL, 1406245363, 1406245363, '123.7.52.55', 1, 0, NULL, 0, NULL, ''),
(20, 'ccd', '774241885@qq.com', 'e10adc3949ba59abbe56e057f20f883e', NULL, 0, NULL, NULL, NULL, NULL, NULL, NULL, NULL, NULL, 1407369322, 1407369722, '123.7.52.55', 2, 0, NULL, 0, NULL, ''),
(10, 'wanglili', 'ar_wangli@163.com', 'e10adc3949ba59abbe56e057f20f883e', '', 0, NULL, NULL, NULL, '', '', NULL, NULL, NULL, 1406245054, 1408075789, '171.13.95.99', 3, 0, '', 0, NULL, ''),
(12, 'fewfewfkl', 'dwe@oewko.cn', '0838ecfb969d782bae32f24d02057e26', NULL, 0, NULL, NULL, NULL, NULL, NULL, NULL, NULL, NULL, 1406245691, 1406245691, '123.5.190.62', 1, 0, NULL, 0, NULL, ''),
(13, 'fewfew', 'eeg@grer.de', '3d186804534370c3c817db0563f0e461', NULL, 0, NULL, NULL, NULL, NULL, NULL, NULL, NULL, NULL, 1406249732, 1406249732, '123.5.190.62', 1, 0, NULL, 0, NULL, ''),
(36, 'xiaohandou', '648140115@qq.com', 'e10adc3949ba59abbe56e057f20f883e', NULL, 0, NULL, NULL, NULL, NULL, NULL, NULL, NULL, NULL, 1410281340, 1412660592, '1.195.63.83', 4, 0, NULL, 0, NULL, ''),
(15, 'scfded', 'adwq@we.re', '3d186804534370c3c817db0563f0e461', NULL, 0, NULL, NULL, NULL, NULL, NULL, NULL, NULL, NULL, 1406251132, 1406251132, '123.5.190.62', 1, 0, NULL, 0, NULL, ''),
(16, 'few', 'wedw@grt.vf', '3d186804534370c3c817db0563f0e461', NULL, 0, NULL, NULL, NULL, NULL, NULL, NULL, NULL, NULL, 1406251703, 1406251703, '123.5.190.62', 1, 0, NULL, 0, NULL, ''),
(18, 'luomanuoer', '2696807550@qq.com', 'e10adc3949ba59abbe56e057f20f883e', '', 0, NULL, NULL, NULL, '2696807550', '', NULL, NULL, NULL, 1406914760, 1412749990, '1.195.63.83', 21, 0, '', 0, NULL, ''),
(17, 'ceshishop1', 'ceshishop1@21.com', '725c4a3e6db484678d0dafc9bd5e51b8', NULL, 0, NULL, NULL, NULL, NULL, NULL, NULL, NULL, NULL, 1406495329, 1406495329, '115.63.137.68', 1, 0, NULL, 0, NULL, ''),
(35, 'sanlingzhonggong', 'hd3518300@126.com', 'e10adc3949ba59abbe56e057f20f883e', '时艳翠', 0, NULL, NULL, NULL, '644144491', '', NULL, NULL, NULL, 1409702463, 1409702463, '1.199.102.210', 1, 0, '', 0, NULL, ''),
(19, 'sophia0911', '1319790769@qq.com', '7ef62edb213a8925c5031ebf91659694', NULL, 0, NULL, NULL, NULL, NULL, NULL, NULL, NULL, NULL, 1407091595, 1407091595, '1.196.48.40', 1, 0, NULL, 0, NULL, ''),
(23, 'miaojf', '1319965457@qq.com', 'e10adc3949ba59abbe56e057f20f883e', '', 0, NULL, NULL, NULL, '131965457', '', NULL, NULL, NULL, 1408162483, 1411539116, '1.196.50.184', 8, 0, '', 0, NULL, ''),
(38, 'gelanbulang', '441201804@qq.com', 'e10adc3949ba59abbe56e057f20f883e', NULL, 0, NULL, NULL, NULL, NULL, NULL, NULL, NULL, NULL, 1410391194, 1411892160, '1.195.61.245', 3, 0, NULL, 0, NULL, ''),
(26, 'cai781230', 'cai781230@sina.com', '27e76a36f6f435fd577e0d014d2e2b3d', NULL, 0, NULL, NULL, NULL, NULL, NULL, NULL, NULL, NULL, 1408301426, 1408301876, '171.13.154.124', 2, 0, NULL, 0, NULL, ''),
(34, 'shangpinbensemumen', '398296733@qq.com', 'e10adc3949ba59abbe56e057f20f883e', '王爱峡', 2, '0000-00-00', NULL, NULL, '398296733', '', NULL, NULL, NULL, 1409505877, 1411720795, '1.198.95.134', 5, 0, NULL, 0, NULL, ''),
(27, '新乡市诺贝尔瓷砖', '3012039414@qq.com', '25f9e794323b453885f5181f1b624d0b', NULL, 0, NULL, NULL, NULL, NULL, NULL, NULL, NULL, NULL, 1408302240, 1410858842, '123.7.52.55', 17, 0, NULL, 0, NULL, ''),
(29, 'sankesong', '625881041@qq.com', 'e10adc3949ba59abbe56e057f20f883e', '', 0, NULL, NULL, NULL, '625881041', '', NULL, NULL, NULL, 1408658253, 1408658600, '1.199.116.149', 2, 0, 'data/files/mall/portrait/1/29.jpg', 0, NULL, ''),
(30, 'jiaxinhai', '460830404@qq.com', 'e10adc3949ba59abbe56e057f20f883e', NULL, 0, NULL, NULL, NULL, NULL, NULL, NULL, NULL, NULL, 1408916953, 1408917779, '171.13.95.234', 2, 0, NULL, 0, NULL, ''),
(33, 'xxwulian', 'xxwulian@126.com', 'e10adc3949ba59abbe56e057f20f883e', '', 0, NULL, NULL, NULL, '', '', NULL, NULL, NULL, 1409187463, 1411031800, '171.13.93.43', 22, 0, '', 0, NULL, ''),
(37, 'ann1319790769', '1319790769@qq.com', 'e10adc3949ba59abbe56e057f20f883e', '', 2, NULL, NULL, NULL, '', '', NULL, NULL, NULL, 1410301722, 1410390720, '1.196.55.68', 3, 0, '', 0, NULL, ''),
(40, 'wangshihanaini', '2635803939@qq.com', 'e36fea6a09c1a7062cec46f50e868948', NULL, 0, NULL, NULL, NULL, NULL, NULL, NULL, NULL, NULL, 1411349675, 1411349675, '171.14.35.233', 1, 0, NULL, 0, NULL, ''),
(39, 'yunge2014', '2422250299@qq.com', 'e10adc3949ba59abbe56e057f20f883e', NULL, 0, NULL, NULL, NULL, NULL, NULL, NULL, NULL, NULL, 1410929139, 1412142625, '1.198.93.40', 2, 0, NULL, 0, NULL, ''),
(45, 'kaduoliyasuoju', '1710733361@qq.com', 'e10adc3949ba59abbe56e057f20f883e', '白俊英', 2, '1973-03-21', NULL, NULL, '1710733361', '', NULL, NULL, NULL, 1411609114, 1412658033, '1.195.63.83', 3, 0, NULL, 0, NULL, ''),
(42, 'xinxiangyuhai', '2228970859@qq.com', 'e10adc3949ba59abbe56e057f20f883e', NULL, 0, NULL, NULL, NULL, NULL, NULL, NULL, NULL, NULL, 1411459181, 1411607533, '1.196.55.37', 4, 0, NULL, 0, NULL, ''),
(41, 'baolidinuan', '1595856266@qq.com', 'a1874ab463b7ccd1799af7fd59abafbe', NULL, 0, NULL, NULL, NULL, NULL, NULL, NULL, NULL, NULL, 1411442492, 1412818759, '1.196.48.72', 6, 0, NULL, 0, NULL, ''),
(43, 'kdly', '1710733361@qq.com', 'e10adc3949ba59abbe56e057f20f883e', NULL, 0, NULL, NULL, NULL, NULL, NULL, NULL, NULL, NULL, 1411459486, 1411459486, '115.62.123.220', 1, 0, NULL, 0, NULL, ''),
(44, 'zhuofuguojijinmen', '449096608@qq.com', 'e10adc3949ba59abbe56e057f20f883e', NULL, 0, NULL, NULL, NULL, NULL, NULL, NULL, NULL, NULL, 1411606411, 1412143120, '1.198.93.40', 11, 0, NULL, 0, NULL, ''),
(46, 'leishizhaoming', '13373755789@qq.com', 'e10adc3949ba59abbe56e057f20f883e', NULL, 0, NULL, NULL, NULL, NULL, NULL, NULL, NULL, NULL, 1411629779, 1411720616, '1.198.95.134', 2, 0, NULL, 0, NULL, ''),
(47, 'zhongyuweiyu', '505590314@qq.com', 'e10adc3949ba59abbe56e057f20f883e', '', 2, NULL, NULL, NULL, '', '', NULL, NULL, NULL, 1411640887, 1412657642, '1.195.63.83', 4, 0, '', 0, NULL, ''),
(48, 'sufeiya', '1319790769@qq.com', 'e10adc3949ba59abbe56e057f20f883e', NULL, 0, NULL, NULL, NULL, NULL, NULL, NULL, NULL, NULL, 1411641434, 1411891404, '1.195.61.245', 2, 0, NULL, 0, NULL, ''),
(49, 'aoyindiban', '505590314@qq.com', 'e10adc3949ba59abbe56e057f20f883e', '', 0, '0000-00-00', NULL, NULL, '', '', NULL, NULL, NULL, 1411642130, 1412656504, '1.195.63.83', 5, 0, NULL, 0, NULL, ''),
(50, 'yuanjuzhuangshi', '1171191921@qq.com', 'e10adc3949ba59abbe56e057f20f883e', '', 0, '0000-00-00', NULL, NULL, '', '', NULL, NULL, NULL, 1411698124, 1412131761, '1.198.93.40', 4, 0, 'data/files/mall/portrait/1/50.jpg', 0, NULL, ''),
(52, 'wanpigou', 'wanpigou@163.com', 'e10adc3949ba59abbe56e057f20f883e', NULL, 0, NULL, NULL, NULL, NULL, NULL, NULL, NULL, NULL, 1411892442, 1412654829, '1.195.63.83', 2, 0, NULL, 0, NULL, ''),
(53, 'lanshimenye', 'lanshimc@foxmail.com', 'e10adc3949ba59abbe56e057f20f883e', NULL, 0, NULL, NULL, NULL, NULL, NULL, NULL, NULL, NULL, 1411893032, 1412653144, '1.195.63.83', 2, 0, NULL, 0, NULL, ''),
(60, 'zhongyumy', '505590314@qq.com', 'e10adc3949ba59abbe56e057f20f883e', NULL, 0, NULL, NULL, NULL, NULL, NULL, NULL, NULL, NULL, 1412750116, 1412750116, '1.195.63.83', 1, 0, NULL, 0, NULL, ''),
(54, 'nuobeiercizhuan', '3012039414@qq.com', 'e10adc3949ba59abbe56e057f20f883e', NULL, 0, NULL, NULL, NULL, NULL, NULL, NULL, NULL, NULL, 1412055146, 1412735656, '1.195.63.83', 2, 0, NULL, 0, NULL, ''),
(55, 'hanhenuantong', '290294885@qq.com', 'e10adc3949ba59abbe56e057f20f883e', NULL, 0, NULL, NULL, NULL, NULL, NULL, NULL, NULL, NULL, 1412058003, 1412058003, '1.199.103.74', 1, 0, NULL, 0, NULL, ''),
(56, '吴玲玲', '1428825922@qq.com', '308a3a35615fe08b7b019a4d836a49b9', NULL, 0, NULL, NULL, NULL, NULL, NULL, NULL, NULL, NULL, 1412132339, 1412132339, '1.198.93.40', 1, 0, NULL, 0, NULL, ''),
(57, '吴玲儿', '1428825922@qq.com', 'e10adc3949ba59abbe56e057f20f883e', '', 0, NULL, NULL, NULL, '', '', NULL, NULL, NULL, 1412132390, 1412132390, '1.198.93.40', 1, 0, '', 0, NULL, ''),
(58, '吴玲500', '1428825922@qq.com', '308a3a35615fe08b7b019a4d836a49b9', NULL, 0, NULL, NULL, NULL, NULL, NULL, NULL, NULL, NULL, 1412132506, 1412732689, '1.195.63.83', 2, 0, NULL, 0, NULL, ''),
(59, 'rifengdinuan', '691166925@qq.com', 'e10adc3949ba59abbe56e057f20f883e', NULL, 0, NULL, NULL, NULL, NULL, NULL, NULL, NULL, NULL, 1412732439, 1412732439, '1.195.63.83', 1, 0, NULL, 0, NULL, ''),
(61, 'mulinsenmumen', '437993835@qq.com', 'e10adc3949ba59abbe56e057f20f883e', NULL, 0, NULL, NULL, NULL, NULL, NULL, NULL, NULL, NULL, 1412822921, 1412822921, '171.13.152.125', 1, 0, NULL, 0, NULL, '');

-- --------------------------------------------------------

--
-- 表的结构 `ecm_message`
--

DROP TABLE IF EXISTS `ecm_message`;
CREATE TABLE IF NOT EXISTS `ecm_message` (
  `msg_id` int(10) unsigned NOT NULL auto_increment,
  `from_id` int(10) unsigned NOT NULL default '0',
  `to_id` int(10) unsigned NOT NULL default '0',
  `title` varchar(100) NOT NULL default '',
  `content` text NOT NULL,
  `add_time` int(10) unsigned NOT NULL default '0',
  `last_update` int(10) unsigned NOT NULL default '0',
  `new` tinyint(3) unsigned NOT NULL default '0',
  `parent_id` int(10) unsigned NOT NULL default '0',
  `status` tinyint(3) unsigned NOT NULL default '0',
  PRIMARY KEY  (`msg_id`),
  KEY `from_id` (`from_id`),
  KEY `to_id` (`to_id`),
  KEY `parent_id` (`parent_id`)
) ENGINE=MyISAM  DEFAULT CHARSET=utf8 AUTO_INCREMENT=48 ;

--
-- 转存表中的数据 `ecm_message`
--

INSERT INTO `ecm_message` (`msg_id`, `from_id`, `to_id`, `title`, `content`, `add_time`, `last_update`, `new`, `parent_id`, `status`) VALUES
(1, 0, 2, '', '请尽快到“已结束的团购”完成该团购活动，以便买家可以完成交易，如结束后5天未确认完成，该活动将被自动取消,查看[url=http://rmall.net/index.php?app=seller_groupbuy&state=end]已结束的团购[/url]', 1404130816, 1404130816, 1, 0, 3),
(2, 0, 1, '', '团购活动结束5天后卖家未确认完成，活动自动取消，[url=http://rmall.net/index.php?app=groupbuy&amp;id=1]查看详情[/url]', 1404551376, 1404551376, 1, 0, 3),
(3, 0, 2, '', '请尽快到“已结束的团购”完成该团购活动，以便买家可以完成交易，如结束后5天未确认完成，该活动将被自动取消,查看[url=http://esoujcw.com.free.wqit.net/index.php?app=seller_groupbuy&state=end]已结束的团购[/url]', 1406364751, 1406364751, 1, 0, 3),
(14, 0, 23, '', '您的店铺已开通', 1408471416, 1408471416, 1, 0, 3),
(5, 0, 1, '', '团购活动结束5天后卖家未确认完成，活动自动取消，[url=http://rmall.net/index.php?app=groupbuy&amp;id=2]查看详情[/url]', 1406794179, 1406794179, 1, 0, 3),
(6, 0, 18, '', '您好,您申请秒杀的商品("罗玛诺尔全抛釉系列LM8021")已经通过审核', 1407456528, 1407456528, 1, 0, 3),
(7, 0, 2, '', '您好,您申请秒杀的商品("春款韩版卡其休闲上衣")已经通过审核', 1407456649, 1407456649, 1, 0, 3),
(13, 0, 27, '', '您的店铺已开通', 1408465670, 1408465670, 1, 0, 3),
(9, 0, 18, '', '请尽快到“已结束的团购”完成该团购活动，以便买家可以完成交易，如结束后5天未确认完成，该活动将被自动取消,查看[url=http://esoujcw.com.free.wqit.net/index.php?app=seller_groupbuy&state=end]已结束的团购[/url]', 1407581252, 1407581252, 1, 0, 3),
(10, 0, 2, '', '您好,您申请秒杀的商品("秒杀商品")已经通过审核', 1407794896, 1407794896, 1, 0, 3),
(11, 0, 2, '', '您好,您申请秒杀的商品("美式全铜吊灯餐厅灯欧式纯铜拼花灯饰个性棋牌室灯节能环保书房灯")已经通过审核', 1407795218, 1407795218, 1, 0, 3),
(12, 0, 1, '', '团购活动结束5天后卖家未确认完成，活动自动取消，[url=http://rmall.net/index.php?app=groupbuy&amp;id=3]查看详情[/url]', 1408003809, 1408003809, 1, 0, 3),
(16, 0, 29, '', '您的店铺已开通', 1408658627, 1408658627, 1, 0, 3),
(20, 0, 29, '', '恭喜，您的店铺已开通，赶快来用户中心发布商品吧。', 1408659103, 1408659103, 1, 0, 3),
(18, 0, 29, '', '您的店铺已开通', 1408658933, 1408658933, 1, 0, 3),
(19, 0, 29, '', '您的店铺已开通', 1408658971, 1408658971, 1, 0, 3),
(21, 0, 30, '', '恭喜，您的店铺已开通，赶快来用户中心发布商品吧。', 1408918190, 1408918190, 1, 0, 3),
(22, 0, 33, '', '您的店铺已开通', 1409332098, 1409332098, 1, 0, 3),
(23, 0, 33, '', '您的店铺已开通', 1409332164, 1409332164, 1, 0, 3),
(27, 0, 36, '', '您的店铺已开通', 1410281544, 1410281544, 1, 0, 3),
(25, 0, 34, '', '恭喜，您的店铺已开通，赶快来用户中心发布商品吧。', 1409507357, 1409507357, 1, 0, 3),
(26, 0, 35, '', '您的店铺已开通', 1409703316, 1409703316, 1, 0, 3),
(28, 0, 37, '', '恭喜，您的店铺已开通，赶快来用户中心发布商品吧。', 1410390642, 1410390642, 1, 0, 3),
(29, 0, 38, '', '您的店铺已开通', 1410391583, 1410391583, 1, 0, 3),
(30, 0, 39, '', '您的店铺已开通', 1410929340, 1410929340, 1, 0, 3),
(31, 0, 2, '', '管理员删除了您的商品：喜皮风格牛仔短裤\r\n原因是：是是谁', 1410943273, 1410943273, 1, 0, 3),
(32, 0, 42, '', '您的店铺已开通', 1411459599, 1411459599, 1, 0, 3),
(33, 0, 44, '', '您的店铺已开通', 1411607156, 1411607156, 1, 0, 3),
(34, 0, 45, '', '您的店铺已开通', 1411610182, 1411610182, 1, 0, 3),
(35, 0, 46, '', '您的店铺已开通', 1411631516, 1411631516, 1, 0, 3),
(36, 0, 49, '', '您的店铺已开通', 1411642418, 1411642418, 1, 0, 3),
(37, 0, 48, '', '您的店铺已开通', 1411642461, 1411642461, 1, 0, 3),
(38, 0, 47, '', '您的店铺已开通', 1411642502, 1411642502, 1, 0, 3),
(39, 0, 50, '', '您的店铺已开通', 1411698645, 1411698645, 1, 0, 3),
(40, 0, 52, '', '您的店铺已开通', 1411892598, 1411892598, 1, 0, 3),
(41, 0, 53, '', '您的店铺已开通', 1411893156, 1411893156, 1, 0, 3),
(42, 0, 37, '', '您的店铺已被删除', 1411992786, 1411992786, 1, 0, 3),
(43, 0, 54, '', '您的店铺已开通', 1412056383, 1412056383, 1, 0, 3),
(44, 0, 60, '', '您的店铺已开通', 1412750247, 1412750247, 1, 0, 3),
(45, 0, 60, '', '您的店铺已被删除', 1412817855, 1412817855, 1, 0, 3),
(46, 0, 41, '', '您的店铺已开通', 1412817900, 1412817900, 1, 0, 3),
(47, 0, 61, '', '您的店铺已开通', 1412823024, 1412823024, 1, 0, 3);

-- --------------------------------------------------------

--
-- 表的结构 `ecm_module`
--

DROP TABLE IF EXISTS `ecm_module`;
CREATE TABLE IF NOT EXISTS `ecm_module` (
  `module_id` varchar(30) NOT NULL default '',
  `module_name` varchar(100) NOT NULL default '',
  `module_version` varchar(5) NOT NULL default '',
  `module_desc` text NOT NULL,
  `module_config` text NOT NULL,
  `enabled` tinyint(1) NOT NULL default '0',
  PRIMARY KEY  (`module_id`)
) ENGINE=MyISAM DEFAULT CHARSET=utf8;

--
-- 转存表中的数据 `ecm_module`
--

INSERT INTO `ecm_module` (`module_id`, `module_name`, `module_version`, `module_desc`, `module_config`, `enabled`) VALUES
('datacall', '数据调用', '1.0', '可以在商城以外调用商城的数据', '', 1),
('seckill', '秒杀促销', '1.0', '可让各店家设置秒杀商品来促销盈利', '', 1);

-- --------------------------------------------------------

--
-- 表的结构 `ecm_navigation`
--

DROP TABLE IF EXISTS `ecm_navigation`;
CREATE TABLE IF NOT EXISTS `ecm_navigation` (
  `nav_id` int(10) unsigned NOT NULL auto_increment,
  `type` varchar(10) NOT NULL default '',
  `title` varchar(60) NOT NULL default '',
  `link` varchar(255) NOT NULL default '',
  `sort_order` tinyint(3) unsigned NOT NULL default '255',
  `open_new` tinyint(3) unsigned NOT NULL default '0',
  PRIMARY KEY  (`nav_id`)
) ENGINE=MyISAM  DEFAULT CHARSET=utf8 AUTO_INCREMENT=10 ;

--
-- 转存表中的数据 `ecm_navigation`
--

INSERT INTO `ecm_navigation` (`nav_id`, `type`, `title`, `link`, `sort_order`, `open_new`) VALUES
(1, 'middle', '建材展示', '/index.php?app=cateindex&cate_id=1', 255, 0),
(2, 'middle', '品牌展示', '/index.php?app=brand', 255, 0),
(3, 'middle', '限时抢购', '/index.php?app=seckillgoods', 255, 0),
(4, 'middle', '促销活动', '/index.php?app=discountgoods', 255, 0),
(5, 'middle', '商城咨讯', '/index.php?app=article', 255, 0),
(6, 'middle', '招商加盟', '/index.php?app=article&act=view&article_id=53', 255, 0),
(7, 'middle', '经销商展区', '/index.php?app=search&act=store', 255, 0),
(8, 'footer', '装修效果图', '/', 255, 1),
(9, 'footer', '家具图片', '/', 255, 1);

-- --------------------------------------------------------

--
-- 表的结构 `ecm_order`
--

DROP TABLE IF EXISTS `ecm_order`;
CREATE TABLE IF NOT EXISTS `ecm_order` (
  `order_id` int(10) unsigned NOT NULL auto_increment,
  `order_sn` varchar(20) NOT NULL default '',
  `type` varchar(10) NOT NULL default 'material',
  `extension` varchar(10) NOT NULL default '',
  `seller_id` int(10) unsigned NOT NULL default '0',
  `seller_name` varchar(100) default NULL,
  `buyer_id` int(10) unsigned NOT NULL default '0',
  `buyer_name` varchar(100) default NULL,
  `buyer_email` varchar(60) NOT NULL default '',
  `status` tinyint(3) unsigned NOT NULL default '0',
  `add_time` int(10) unsigned NOT NULL default '0',
  `payment_id` int(10) unsigned default NULL,
  `payment_name` varchar(100) default NULL,
  `payment_code` varchar(20) NOT NULL default '',
  `out_trade_sn` varchar(20) NOT NULL default '',
  `pay_time` int(10) unsigned default NULL,
  `pay_message` varchar(255) NOT NULL default '',
  `ship_time` int(10) unsigned default NULL,
  `invoice_no` varchar(255) default NULL,
  `finished_time` int(10) unsigned NOT NULL default '0',
  `goods_amount` decimal(10,2) unsigned NOT NULL default '0.00',
  `discount` decimal(10,2) unsigned NOT NULL default '0.00',
  `order_amount` decimal(10,2) unsigned NOT NULL default '0.00',
  `evaluation_status` tinyint(1) unsigned NOT NULL default '0',
  `evaluation_time` int(10) unsigned NOT NULL default '0',
  `anonymous` tinyint(3) unsigned NOT NULL default '0',
  `postscript` varchar(255) NOT NULL default '',
  `pay_alter` tinyint(1) unsigned NOT NULL default '0',
  PRIMARY KEY  (`order_id`),
  KEY `order_sn` (`order_sn`,`seller_id`),
  KEY `seller_name` (`seller_name`),
  KEY `buyer_name` (`buyer_name`),
  KEY `add_time` (`add_time`)
) ENGINE=MyISAM  DEFAULT CHARSET=utf8 AUTO_INCREMENT=15 ;

--
-- 转存表中的数据 `ecm_order`
--

INSERT INTO `ecm_order` (`order_id`, `order_sn`, `type`, `extension`, `seller_id`, `seller_name`, `buyer_id`, `buyer_name`, `buyer_email`, `status`, `add_time`, `payment_id`, `payment_name`, `payment_code`, `out_trade_sn`, `pay_time`, `pay_message`, `ship_time`, `invoice_no`, `finished_time`, `goods_amount`, `discount`, `order_amount`, `evaluation_status`, `evaluation_time`, `anonymous`, `postscript`, `pay_alter`) VALUES
(1, '0921861930', 'material', 'normal', 2, '演示店铺', 3, 'buyer', 'buyer@ecmall.com', 0, 1249611845, 2, '银行汇款', 'bank', '', NULL, '已付款100元', NULL, NULL, 0, 170.00, 0.00, 175.00, 0, 0, 0, '', 0),
(2, '0921820055', 'material', 'normal', 2, '演示店铺', 3, 'buyer', 'buyer@ecmall.com', 40, 1249611887, 1, '货到付款', 'cod', '', 1249612115, '', 1249612111, '33333333', 1249612115, 170.00, 0.00, 180.00, 1, 1249612248, 0, '请尽快发货', 0),
(3, '0921801993', 'material', 'normal', 2, '演示店铺', 3, 'buyer', 'buyer@ecmall.com', 40, 1249611902, 2, '银行汇款', 'bank', '', 1249612096, '我已汇款', 1249612102, 'cccc3333', 1249612221, 170.00, 0.00, 190.00, 1, 1249612230, 0, '', 0),
(4, '0921847484', 'material', 'normal', 2, '演示店铺', 3, 'buyer', 'buyer@ecmall.com', 40, 1249611932, 2, '银行汇款', 'bank', '', 1249612086, '已付款', 1249612092, 'dddd2222', 1249612205, 129.00, 0.00, 134.00, 1, 1249612217, 0, '', 0),
(5, '0921838115', 'material', 'normal', 2, '演示店铺', 3, 'buyer', 'buyer@ecmall.com', 40, 1249611951, 1, '货到付款', 'cod', '', 1249612081, '', 1249612077, 'dddd2222', 1249612081, 170.00, 0.00, 180.00, 1, 1249612201, 0, '', 0),
(6, '0921877812', 'material', 'normal', 2, '演示店铺', 3, 'buyer', 'buyer@ecmall.com', 40, 1249611968, 2, '银行汇款', 'bank', '', 1249612054, '已付款', 1249612058, 'aaaaa', 1249612171, 169.00, 0.00, 174.00, 1, 1249612188, 0, '', 0),
(7, '0921848095', 'material', 'normal', 2, '演示店铺', 3, 'buyer', 'buyer@ecmall.com', 40, 1249611987, 1, '货到付款', 'cod', '', 1249612050, '', 1249612042, 'abcd1234', 1249612050, 89.00, 0.00, 99.00, 1, 1249612167, 0, '', 0),
(8, '0921855800', 'material', 'normal', 2, '演示店铺', 3, 'buyer', 'buyer@ecmall.com', 40, 1249611999, 2, '银行汇款', 'bank', '', 1249612021, '已付款', 1249612031, 'abcd1234', 1249612132, 188.00, 0.00, 208.00, 1, 1249612152, 0, '', 0),
(9, '1419665072', 'material', 'normal', 2, '灯具大世界', 3, 'buyer', 'buyer@ecmall.com', 0, 1405453104, NULL, NULL, '', '', NULL, '', NULL, NULL, 0, 537.00, 0.00, 552.00, 0, 0, 0, '', 0),
(10, '1421615634', 'material', 'normal', 18, '意大利罗玛诺尔国际陶瓷', 5, 'sadwdfe', 'fwer@ef.fe', 11, 1407180309, 3, '邮局汇款', 'post', '', NULL, 'xcvxc', NULL, NULL, 0, 14070.00, 0.00, 14095.00, 0, 0, 0, '', 0),
(11, '1423862338', 'material', 'normal', 18, '意大利罗玛诺尔国际陶瓷', 4, 'shop1', 'shop1@shop.com', 11, 1409076793, 3, '邮局汇款', 'post', '', NULL, '6210984980008545131', NULL, NULL, 0, 210.00, 0.00, 235.00, 0, 0, 0, '', 0),
(12, '1423855327', 'material', 'normal', 4, 'shop1', 2, 'seller', 'seller@ecmall.com', 0, 1409077480, 4, '邮局汇款', 'post', '', NULL, '', NULL, NULL, 0, 199.00, 0.00, 209.00, 0, 0, 0, '', 0),
(14, '1426448724', 'material', 'normal', 38, '格兰布朗', 40, 'wangshihanaini', '2635803939@qq.com', 11, 1411349766, NULL, NULL, '', '', NULL, '', NULL, NULL, 0, 1.00, 0.00, 2.00, 0, 0, 0, '', 0);

-- --------------------------------------------------------

--
-- 表的结构 `ecm_order_extm`
--

DROP TABLE IF EXISTS `ecm_order_extm`;
CREATE TABLE IF NOT EXISTS `ecm_order_extm` (
  `order_id` int(10) unsigned NOT NULL default '0',
  `consignee` varchar(60) NOT NULL default '',
  `region_id` int(10) unsigned default NULL,
  `region_name` varchar(255) default NULL,
  `address` varchar(255) default NULL,
  `zipcode` varchar(20) default NULL,
  `phone_tel` varchar(60) default NULL,
  `phone_mob` varchar(60) default NULL,
  `shipping_id` int(10) unsigned default NULL,
  `shipping_name` varchar(100) default NULL,
  `shipping_fee` decimal(10,2) NOT NULL default '0.00',
  PRIMARY KEY  (`order_id`),
  KEY `consignee` (`consignee`)
) ENGINE=MyISAM DEFAULT CHARSET=utf8;

--
-- 转存表中的数据 `ecm_order_extm`
--

INSERT INTO `ecm_order_extm` (`order_id`, `consignee`, `region_id`, `region_name`, `address`, `zipcode`, `phone_tel`, `phone_mob`, `shipping_id`, `shipping_name`, `shipping_fee`) VALUES
(1, '超级卖家', 43, '中国	上海市	徐汇区', '长江路15号', '200088', '021-88886666', '13366669999', 1, '平邮', 5.00),
(2, '超级卖家', 43, '中国	上海市	徐汇区', '长江路15号', '200088', '021-88886666', '13366669999', 2, '快递', 10.00),
(3, '超级卖家', 43, '中国	上海市	徐汇区', '长江路15号', '200088', '021-88886666', '13366669999', 3, 'EMS', 20.00),
(4, '超级卖家', 43, '中国	上海市	徐汇区', '长江路15号', '200088', '021-88886666', '13366669999', 1, '平邮', 5.00),
(5, '超级卖家', 43, '中国	上海市	徐汇区', '长江路15号', '200088', '021-88886666', '13366669999', 2, '快递', 10.00),
(6, '超级卖家', 43, '中国	上海市	徐汇区', '长江路15号', '200088', '021-88886666', '13366669999', 1, '平邮', 5.00),
(7, '超级卖家', 43, '中国	上海市	徐汇区', '长江路15号', '200088', '021-88886666', '13366669999', 2, '快递', 10.00),
(8, '超级卖家', 43, '中国	上海市	徐汇区', '长江路15号', '200088', '021-88886666', '13366669999', 3, 'EMS', 20.00),
(9, '超级卖家', 43, '中国	上海市	徐汇区', '长江路15号', '200088', '021-88886666', '13366669999', 1, '平邮', 15.00),
(10, '超级卖家', 122, '中国	山西省	阳泉市', '详细地址', '4154545', '021-88886666', '13366669999', 4, '顺丰快递', 25.00),
(11, '王某某', 276, '中国	河南省	新乡市', '新乡市金谷时代广场2614室', '453000', '13462388108', '', 4, '顺丰快递', 25.00),
(12, '王丽丽', 276, '中国	河南省	新乡市', '劳动南路', '453000', '15837358307', '15837358307', 5, '顺丰快递', 10.00),
(14, '王某某', 276, '中国	河南省	新乡市', '新乡市金穗大道与新飞大道东北角好易家建材商城D02铺', '453000', '13462388108', '', 15, '货到付款', 1.00);

-- --------------------------------------------------------

--
-- 表的结构 `ecm_order_goods`
--

DROP TABLE IF EXISTS `ecm_order_goods`;
CREATE TABLE IF NOT EXISTS `ecm_order_goods` (
  `rec_id` int(10) unsigned NOT NULL auto_increment,
  `order_id` int(10) unsigned NOT NULL default '0',
  `goods_id` int(10) unsigned NOT NULL default '0',
  `goods_name` varchar(255) NOT NULL default '',
  `spec_id` int(10) unsigned NOT NULL default '0',
  `specification` varchar(255) default NULL,
  `price` decimal(10,2) unsigned NOT NULL default '0.00',
  `quantity` int(10) unsigned NOT NULL default '1',
  `goods_image` varchar(255) default NULL,
  `evaluation` tinyint(1) unsigned NOT NULL default '0',
  `comment` varchar(255) NOT NULL default '',
  `credit_value` tinyint(1) NOT NULL default '0',
  `is_valid` tinyint(1) unsigned NOT NULL default '1',
  PRIMARY KEY  (`rec_id`),
  KEY `order_id` (`order_id`,`goods_id`)
) ENGINE=MyISAM  DEFAULT CHARSET=utf8 AUTO_INCREMENT=15 ;

--
-- 转存表中的数据 `ecm_order_goods`
--

INSERT INTO `ecm_order_goods` (`rec_id`, `order_id`, `goods_id`, `goods_name`, `spec_id`, `specification`, `price`, `quantity`, `goods_image`, `evaluation`, `comment`, `credit_value`, `is_valid`) VALUES
(1, 1, 6, '包邮韩版经典长袖雪纺下摆针织连衣裙', 15, '', 170.00, 1, 'data/files/store_2/goods_95/small_200908060841358079.jpg', 0, '', 0, 1),
(2, 2, 18, '春针织淑女连衣裙女装', 47, '', 170.00, 1, 'data/files/store_2/goods_195/small_200908060936352784.jpg', 3, '板型很好，做工不错', 1, 1),
(3, 3, 19, '罗衣OL气质真丝雪纺百褶裙针织背心裙', 48, '', 170.00, 1, 'data/files/store_2/goods_109/small_200908060938292631.jpg', 3, '发货很快，我很满意', 1, 1),
(4, 4, 20, '小脚牛仔铅笔裤', 52, '颜色:白色 尺码:X', 129.00, 1, 'data/files/store_2/goods_143/small_200908060942233830.jpg', 3, '穿起来那叫一个好看', 1, 1),
(5, 5, 21, '09春季新款简约大方高雅修身针织连衣裙983配腰带', 56, '', 170.00, 1, 'data/files/store_2/goods_25/small_200908060950258122.jpg', 3, '做工很不错', 1, 1),
(6, 6, 24, '阿迪达斯花式运动鞋', 59, '颜色:花色 尺码:36', 169.00, 1, 'data/files/store_2/goods_20/small_200908060957002218.jpg', 3, '穿着太舒服了，发货也快', 1, 1),
(7, 7, 26, '喜皮风格牛仔短裤', 67, '', 89.00, 1, 'data/files/store_2/goods_47/small_200908061000474424.jpg', 2, '没有想象中的好', 0, 1),
(8, 8, 28, '欧美精贵密码七分袖名媛洋装款水钻圆领绸缎小外套', 73, '', 188.00, 1, 'data/files/store_2/goods_115/small_200908061005154170.jpg', 3, '穿上很好看，价格也实在', 1, 1),
(9, 9, 13, '秀族09新款韩版淑女七分袖针织雪纺连衣裙', 35, '', 179.00, 3, 'data/files/store_2/goods_24/small_200908060920245196.jpg', 0, '', 0, 1),
(10, 10, 90, '罗玛诺尔全抛釉系列LM8122', 158, '', 210.00, 67, 'data/files/store_18/goods_162/small_201408040939225315.jpg', 0, '', 0, 1),
(11, 11, 88, '罗玛诺尔全抛釉系列LM8115', 156, '', 210.00, 1, 'data/files/store_18/goods_99/small_201408040934592687.jpg', 0, '', 0, 1),
(12, 12, 64, '德力西照明LED集成吊顶厨卫灯LED灯具 LED集成吊顶灯', 132, '颜色:LED冷光超薄集成吊顶10W 尺码:300*300 300*600', 199.00, 1, 'data/files/store_4/goods_23/small_201408021520237670.jpg', 0, '', 0, 1),
(14, 14, 204, '20-521 Ticking Stripe格兰布朗壁纸', 279, '', 1.00, 1, 'data/files/store_38/goods_194/small_201409170346344902.jpg', 0, '', 0, 1);

-- --------------------------------------------------------

--
-- 表的结构 `ecm_order_log`
--

DROP TABLE IF EXISTS `ecm_order_log`;
CREATE TABLE IF NOT EXISTS `ecm_order_log` (
  `log_id` int(10) unsigned NOT NULL auto_increment,
  `order_id` int(10) unsigned NOT NULL default '0',
  `operator` varchar(60) NOT NULL default '',
  `order_status` varchar(60) NOT NULL default '',
  `changed_status` varchar(60) NOT NULL default '',
  `remark` varchar(255) default NULL,
  `log_time` int(10) unsigned NOT NULL default '0',
  PRIMARY KEY  (`log_id`),
  KEY `order_id` (`order_id`)
) ENGINE=MyISAM  DEFAULT CHARSET=utf8 AUTO_INCREMENT=27 ;

--
-- 转存表中的数据 `ecm_order_log`
--

INSERT INTO `ecm_order_log` (`log_id`, `order_id`, `operator`, `order_status`, `changed_status`, `remark`, `log_time`) VALUES
(1, 8, 'seller', '待付款', '待发货', '', 1249612021),
(2, 8, 'seller', '待发货', '已发货', '', 1249612031),
(3, 7, 'seller', '已提交', '待发货', '', 1249612038),
(4, 7, 'seller', '待发货', '已发货', '', 1249612042),
(5, 7, 'seller', '已发货', '已完成', '', 1249612050),
(6, 6, 'seller', '待付款', '待发货', '', 1249612054),
(7, 6, 'seller', '待发货', '已发货', '', 1249612058),
(8, 5, 'seller', '已提交', '待发货', '', 1249612069),
(9, 5, 'seller', '待发货', '已发货', '', 1249612077),
(10, 5, 'seller', '已发货', '已完成', '', 1249612081),
(11, 4, 'seller', '待付款', '待发货', '', 1249612086),
(12, 4, 'seller', '待发货', '已发货', '', 1249612092),
(13, 3, 'seller', '待付款', '待发货', '', 1249612096),
(14, 3, 'seller', '待发货', '已发货', '', 1249612102),
(15, 2, 'seller', '已提交', '待发货', '', 1249612106),
(16, 2, 'seller', '待发货', '已发货', '', 1249612111),
(17, 2, 'seller', '已发货', '已完成', '', 1249612115),
(18, 1, 'seller', '待付款', '已取消', '不是有效的订单', 1249612121),
(19, 8, 'buyer', '已发货', '已完成', '买家确认收货', 1249612132),
(20, 6, 'buyer', '已发货', '已完成', '买家确认收货', 1249612171),
(21, 4, 'buyer', '已发货', '已完成', '买家确认收货', 1249612205),
(22, 3, 'buyer', '已发货', '已完成', '买家确认收货', 1249612221),
(23, 12, 'seller', '待付款', '已取消', '改选其他商品', 1409078608),
(26, 9, 'seller', '待付款', '已取消', '无法备齐货物', 1411006476);

-- --------------------------------------------------------

--
-- 表的结构 `ecm_pageview`
--

DROP TABLE IF EXISTS `ecm_pageview`;
CREATE TABLE IF NOT EXISTS `ecm_pageview` (
  `rec_id` int(10) unsigned NOT NULL auto_increment,
  `store_id` int(10) unsigned NOT NULL default '0',
  `view_date` date NOT NULL default '0000-00-00',
  `view_times` int(10) unsigned NOT NULL default '1',
  PRIMARY KEY  (`rec_id`),
  UNIQUE KEY `storedate` (`store_id`,`view_date`)
) ENGINE=MyISAM DEFAULT CHARSET=utf8 AUTO_INCREMENT=1 ;

-- --------------------------------------------------------

--
-- 表的结构 `ecm_partner`
--

DROP TABLE IF EXISTS `ecm_partner`;
CREATE TABLE IF NOT EXISTS `ecm_partner` (
  `partner_id` int(10) unsigned NOT NULL auto_increment,
  `store_id` int(10) unsigned NOT NULL default '0',
  `title` varchar(100) NOT NULL default '',
  `link` varchar(255) NOT NULL default '',
  `logo` varchar(255) default NULL,
  `sort_order` tinyint(3) unsigned NOT NULL default '255',
  PRIMARY KEY  (`partner_id`),
  KEY `store_id` (`store_id`)
) ENGINE=MyISAM  DEFAULT CHARSET=utf8 AUTO_INCREMENT=7 ;

--
-- 转存表中的数据 `ecm_partner`
--

INSERT INTO `ecm_partner` (`partner_id`, `store_id`, `title`, `link`, `logo`, `sort_order`) VALUES
(2, 2, 'ECMall', 'http://ecmall.shopex.cn', NULL, 1),
(3, 2, 'ECShop', 'http://www.ecshop.com', NULL, 2),
(4, 0, '上海商派', 'http://www.shopex.cn', 'data/files/mall/partner/4.png', 1),
(5, 0, '支付宝', 'http://www.alipay.com', 'data/files/mall/partner/5.gif', 2),
(6, 0, '财付通', 'http://www.tenpay.com', 'data/files/mall/partner/6.PNG', 3);

-- --------------------------------------------------------

--
-- 表的结构 `ecm_payment`
--

DROP TABLE IF EXISTS `ecm_payment`;
CREATE TABLE IF NOT EXISTS `ecm_payment` (
  `payment_id` int(10) unsigned NOT NULL auto_increment,
  `store_id` int(10) unsigned NOT NULL default '0',
  `payment_code` varchar(20) NOT NULL default '',
  `payment_name` varchar(100) NOT NULL default '',
  `payment_desc` varchar(255) default NULL,
  `config` text,
  `is_online` tinyint(3) unsigned NOT NULL default '1',
  `enabled` tinyint(3) unsigned NOT NULL default '1',
  `sort_order` tinyint(3) unsigned NOT NULL default '255',
  PRIMARY KEY  (`payment_id`),
  KEY `store_id` (`store_id`),
  KEY `payment_code` (`payment_code`)
) ENGINE=MyISAM  DEFAULT CHARSET=utf8 AUTO_INCREMENT=24 ;

--
-- 转存表中的数据 `ecm_payment`
--

INSERT INTO `ecm_payment` (`payment_id`, `store_id`, `payment_code`, `payment_name`, `payment_desc`, `config`, `is_online`, `enabled`, `sort_order`) VALUES
(1, 2, 'cod', '货到付款', '送货上门，看货后付款', '', 0, 1, 2),
(2, 2, 'bank', '银行汇款', '中国工商银行 955880001118282828 张老板\r\n中国农业银行 138292992992929292 张老板', '', 0, 1, 1),
(3, 18, 'post', '邮局汇款', '', '', 0, 1, 0),
(4, 4, 'post', '邮局汇款', '', '', 0, 1, 0),
(5, 27, 'post', '邮局汇款', '', '', 0, 1, 0),
(9, 23, 'cod', '货到付款', '', '', 0, 1, 0),
(10, 36, 'cod', '货到付款', '', '', 0, 1, 0),
(23, 54, 'cod', '货到付款', '', '', 0, 1, 0),
(7, 33, 'cod', '货到付款', '可货到付款，也可店内结账', '', 0, 1, 0),
(8, 35, 'cod', '货到付款', '', '', 0, 1, 0),
(12, 38, 'cod', '货到付款', '', '', 0, 1, 0),
(13, 39, 'cod', '货到付款', '', '', 0, 1, 0),
(14, 42, 'cod', '货到付款', '', '', 0, 1, 0),
(15, 44, 'cod', '货到付款', '', '', 0, 1, 0),
(16, 46, 'cod', '货到付款', '', '', 0, 1, 0),
(17, 47, 'cod', '货到付款', '', '', 0, 1, 0),
(18, 34, 'cod', '货到付款', '', '', 0, 1, 0),
(19, 49, 'cod', '货到付款', '', '', 0, 1, 0),
(20, 48, 'cod', '货到付款', '', '', 0, 1, 0),
(21, 52, 'cod', '货到付款', '', '', 0, 1, 0),
(22, 53, 'cod', '货到付款', '', '', 0, 1, 0);

-- --------------------------------------------------------

--
-- 表的结构 `ecm_privilege`
--

DROP TABLE IF EXISTS `ecm_privilege`;
CREATE TABLE IF NOT EXISTS `ecm_privilege` (
  `priv_code` varchar(20) NOT NULL default '',
  `priv_name` varchar(60) NOT NULL default '',
  `parent_code` varchar(20) default NULL,
  `owner` varchar(10) NOT NULL default 'mall',
  PRIMARY KEY  (`priv_code`)
) ENGINE=MyISAM DEFAULT CHARSET=utf8;

-- --------------------------------------------------------

--
-- 表的结构 `ecm_recommend`
--

DROP TABLE IF EXISTS `ecm_recommend`;
CREATE TABLE IF NOT EXISTS `ecm_recommend` (
  `recom_id` int(10) unsigned NOT NULL auto_increment,
  `recom_name` varchar(100) NOT NULL default '',
  `store_id` int(10) unsigned NOT NULL default '0',
  `recom_pic_size` varchar(100) NOT NULL default '202,240',
  PRIMARY KEY  (`recom_id`),
  KEY `store_id` (`store_id`)
) ENGINE=MyISAM  DEFAULT CHARSET=utf8 AUTO_INCREMENT=27 ;

--
-- 转存表中的数据 `ecm_recommend`
--

INSERT INTO `ecm_recommend` (`recom_id`, `recom_name`, `store_id`, `recom_pic_size`) VALUES
(24, '首页栏目推荐', 0, '290,192'),
(23, '首页推荐', 0, '202,240'),
(11, '精品推荐', 0, '202,240'),
(16, '新品首发', 0, '202,240'),
(17, '销售冠军', 0, '202,240'),
(18, '本月推荐', 0, '202,240'),
(19, '广告商品推荐', 0, '202,240'),
(20, '促销活动', 0, '202,240'),
(21, '本月品牌推荐', 0, '202,240'),
(22, '品牌推荐', 0, '202,240'),
(26, '每周推荐', 0, '');

-- --------------------------------------------------------

--
-- 表的结构 `ecm_recommended_goods`
--

DROP TABLE IF EXISTS `ecm_recommended_goods`;
CREATE TABLE IF NOT EXISTS `ecm_recommended_goods` (
  `recom_id` int(10) unsigned NOT NULL default '0',
  `goods_id` int(10) unsigned NOT NULL default '0',
  `sort_order` tinyint(3) unsigned NOT NULL default '255',
  `recommend_pic` varchar(200) NOT NULL,
  PRIMARY KEY  (`recom_id`,`goods_id`)
) ENGINE=MyISAM DEFAULT CHARSET=utf8;

--
-- 转存表中的数据 `ecm_recommended_goods`
--

INSERT INTO `ecm_recommended_goods` (`recom_id`, `goods_id`, `sort_order`, `recommend_pic`) VALUES
(23, 4, 7, 'data/files/mall/recompic/53d5b0afc11b5.jpg'),
(23, 5, 6, 'data/files/mall/recompic/53d5b0a5786be.jpg'),
(23, 7, 5, 'data/files/mall/recompic/53d5b09deadb9.jpg'),
(23, 8, 4, 'data/files/mall/recompic/53d5b095972ea.jpg'),
(23, 9, 3, 'data/files/mall/recompic/53d5b082562b4.jpg'),
(23, 15, 2, 'data/files/mall/recompic/53e1a0ebef3ca.jpg'),
(23, 16, 7, 'data/files/mall/recompic/53d3630cf33d4.jpg'),
(23, 17, 1, 'data/files/mall/recompic/53d362ce61d57.jpg'),
(23, 20, 4, 'data/files/mall/recompic/53d362f3c54b8.jpg'),
(23, 48, 6, 'data/files/mall/recompic/53d363066175f.jpg'),
(23, 28, 5, 'data/files/mall/recompic/53d362fcd0426.jpg'),
(23, 30, 3, 'data/files/mall/recompic/53d362e7a250e.jpg'),
(11, 17, 255, 'data/files/mall/recompic/53d32642c8d77.jpg'),
(11, 18, 255, 'data/files/mall/recompic/53d32649690e0.jpg'),
(20, 220, 255, 'data/files/mall/recompic/5422397a56ae3.jpg'),
(11, 27, 255, 'data/files/mall/recompic/53d3265b9ebed.jpg'),
(11, 28, 255, 'data/files/mall/recompic/53d32664e3ea7.jpg'),
(11, 29, 255, 'data/files/mall/recompic/53d3267cc8ff7.jpg'),
(11, 30, 255, 'data/files/mall/recompic/53d3268233b1c.jpg'),
(16, 29, 255, 'data/files/mall/recompic/53d31ccb6dcb8.jpg'),
(16, 28, 255, 'data/files/mall/recompic/53d31cd1412fd.jpg'),
(16, 27, 255, 'data/files/mall/recompic/53d31600c114d.jpg'),
(16, 18, 255, 'data/files/mall/recompic/53d315fac8c66.jpg'),
(16, 152, 255, ''),
(16, 16, 255, 'data/files/mall/recompic/53d315f271c36.jpg'),
(16, 15, 255, 'data/files/mall/recompic/53d315ebef1a9.jpg'),
(16, 14, 255, 'data/files/mall/recompic/53d315e16fe04.jpg'),
(23, 161, 255, 'data/files/mall/recompic/541fd7f6d62e0.jpg'),
(24, 161, 255, 'data/files/mall/recompic/541fd95e65a03.jpg'),
(16, 1, 255, 'data/files/mall/recompic/53d315d39ee9e.jpg'),
(23, 62, 1, 'data/files/mall/recompic/53dc8b780f9c1.jpg'),
(17, 28, 255, 'data/files/mall/recompic/53b78c3273503.jpg'),
(17, 27, 255, 'data/files/mall/recompic/53b78c3273503.jpg'),
(23, 98, 5, 'data/files/mall/recompic/53e1875fadeb7.jpg'),
(17, 25, 255, 'data/files/mall/recompic/53b78c3273503.jpg'),
(17, 24, 255, 'data/files/mall/recompic/53b78c3273503.jpg'),
(23, 97, 3, 'data/files/mall/recompic/53e1872ad7edd.jpg'),
(17, 22, 255, 'data/files/mall/recompic/53b78c3273503.jpg'),
(17, 21, 255, 'data/files/mall/recompic/53b78c3273503.jpg'),
(17, 20, 255, 'data/files/mall/recompic/53b78c3273503.jpg'),
(18, 29, 255, 'data/files/mall/recompic/53b78c3273503.jpg'),
(18, 28, 255, 'data/files/mall/recompic/53b78c3273503.jpg'),
(18, 27, 255, 'data/files/mall/recompic/53b78c3273503.jpg'),
(23, 63, 1, 'data/files/mall/recompic/53e1861adc0f7.jpg'),
(18, 25, 255, 'data/files/mall/recompic/53b78c3273503.jpg'),
(18, 24, 255, 'data/files/mall/recompic/53b78c3273503.jpg'),
(24, 64, 1, 'data/files/mall/recompic/53dc9209bdee9.jpg'),
(18, 22, 255, 'data/files/mall/recompic/53b78c3273503.jpg'),
(18, 21, 255, 'data/files/mall/recompic/53b78c3273503.jpg'),
(18, 20, 255, 'data/files/mall/recompic/53b78c3273503.jpg'),
(18, 19, 255, 'data/files/mall/recompic/53b78c3273503.jpg'),
(18, 18, 255, 'data/files/mall/recompic/53b78c3273503.jpg'),
(18, 17, 255, 'data/files/mall/recompic/53b78c3273503.jpg'),
(18, 16, 255, 'data/files/mall/recompic/53b78c3273503.jpg'),
(18, 15, 255, 'data/files/mall/recompic/53b78c3273503.jpg'),
(18, 14, 255, 'data/files/mall/recompic/53b78c3273503.jpg'),
(18, 13, 255, 'data/files/mall/recompic/53b78c3273503.jpg'),
(18, 12, 255, 'data/files/mall/recompic/53b78c3273503.jpg'),
(18, 11, 255, 'data/files/mall/recompic/53b78c3273503.jpg'),
(18, 10, 255, 'data/files/mall/recompic/53b78c3273503.jpg'),
(19, 29, 255, 'data/files/mall/recompic/53b78c3273503.jpg'),
(19, 28, 255, 'data/files/mall/recompic/53b78c3273503.jpg'),
(19, 27, 255, 'data/files/mall/recompic/53b78c3273503.jpg'),
(24, 102, 1, 'data/files/mall/recompic/53e0aaff93561.jpg'),
(19, 25, 255, 'data/files/mall/recompic/53b78c3273503.jpg'),
(19, 24, 255, 'data/files/mall/recompic/53b78c3273503.jpg'),
(23, 101, 4, 'data/files/mall/recompic/53e1873c0d91b.jpg'),
(19, 22, 255, 'data/files/mall/recompic/53b78c3273503.jpg'),
(19, 21, 255, 'data/files/mall/recompic/53b78c3273503.jpg'),
(19, 20, 255, 'data/files/mall/recompic/53b78c3273503.jpg'),
(19, 19, 255, 'data/files/mall/recompic/53b78c3273503.jpg'),
(19, 18, 255, 'data/files/mall/recompic/53b78c3273503.jpg'),
(19, 17, 255, 'data/files/mall/recompic/53b78c3273503.jpg'),
(19, 16, 255, 'data/files/mall/recompic/53b78c3273503.jpg'),
(19, 15, 255, 'data/files/mall/recompic/53b78c3273503.jpg'),
(19, 14, 255, 'data/files/mall/recompic/53b78c3273503.jpg'),
(19, 13, 255, 'data/files/mall/recompic/53b78c3273503.jpg'),
(19, 12, 255, 'data/files/mall/recompic/53b78c3273503.jpg'),
(19, 11, 255, 'data/files/mall/recompic/53b78c3273503.jpg'),
(19, 10, 255, 'data/files/mall/recompic/53b78c3273503.jpg'),
(23, 108, 2, 'data/files/mall/recompic/53e18ba4de2bf.jpg'),
(23, 107, 4, 'data/files/mall/recompic/53e0913a9b2da.jpg'),
(23, 106, 6, 'data/files/mall/recompic/53e090a0431d7.jpg'),
(24, 116, 2, 'data/files/mall/recompic/53e19f20dbb65.jpg'),
(23, 114, 2, 'data/files/mall/recompic/53e18b0175034.jpg'),
(24, 115, 1, 'data/files/mall/recompic/53e18b1d7166d.jpg'),
(23, 110, 3, 'data/files/mall/recompic/53e0912d0dacf.jpg'),
(11, 51, 255, 'data/files/mall/recompic/53d3268f8f711.jpg'),
(20, 22, 255, 'data/files/mall/recompic/53b78c3273503.jpg'),
(20, 21, 255, 'data/files/mall/recompic/53b78c3273503.jpg'),
(20, 20, 255, 'data/files/mall/recompic/53ba54268054a.png'),
(20, 19, 255, 'data/files/mall/recompic/53b78c3273503.jpg'),
(20, 18, 255, 'data/files/mall/recompic/53b78c3273503.jpg'),
(20, 17, 255, 'data/files/mall/recompic/53ba53d34b072.png'),
(23, 121, 6, 'data/files/mall/recompic/53e1ecab65dee.jpg'),
(23, 120, 5, 'data/files/mall/recompic/53e1ec9abf852.jpg'),
(23, 119, 4, 'data/files/mall/recompic/53e1ec7c9020b.jpg'),
(23, 118, 3, 'data/files/mall/recompic/53e1ec62c9d09.jpg'),
(24, 117, 2, 'data/files/mall/recompic/53e19f2b9b2de.jpg'),
(23, 122, 7, 'data/files/mall/recompic/53e1ecb693788.jpg'),
(23, 109, 2, 'data/files/mall/recompic/53e09024dfcdc.jpg'),
(21, 30, 255, 'data/files/mall/recompic/53b78c3273503.jpg'),
(21, 29, 255, 'data/files/mall/recompic/53b78c3273503.jpg'),
(21, 28, 255, 'data/files/mall/recompic/53b78c3273503.jpg'),
(21, 27, 255, 'data/files/mall/recompic/53b78c3273503.jpg'),
(23, 100, 2, 'data/files/mall/recompic/53e187177c4f5.jpg'),
(21, 25, 255, 'data/files/mall/recompic/53b78c3273503.jpg'),
(21, 24, 255, 'data/files/mall/recompic/53b78c3273503.jpg'),
(23, 99, 6, 'data/files/mall/recompic/53e1875152c4f.jpg'),
(21, 22, 255, 'data/files/mall/recompic/53b78c3273503.jpg'),
(21, 21, 255, 'data/files/mall/recompic/53b78c3273503.jpg'),
(21, 20, 255, 'data/files/mall/recompic/53b78c3273503.jpg'),
(21, 19, 255, 'data/files/mall/recompic/53b78c3273503.jpg'),
(21, 18, 255, 'data/files/mall/recompic/53b78c3273503.jpg'),
(21, 17, 255, 'data/files/mall/recompic/53b78c3273503.jpg'),
(21, 16, 255, 'data/files/mall/recompic/53b78c3273503.jpg'),
(21, 15, 255, 'data/files/mall/recompic/53b78c3273503.jpg'),
(21, 14, 255, 'data/files/mall/recompic/53b78c3273503.jpg'),
(21, 13, 255, 'data/files/mall/recompic/53b78c3273503.jpg'),
(21, 12, 255, 'data/files/mall/recompic/53b78c3273503.jpg'),
(21, 11, 255, 'data/files/mall/recompic/53b78c3273503.jpg'),
(21, 10, 255, 'data/files/mall/recompic/53b78c3273503.jpg'),
(21, 9, 255, 'data/files/mall/recompic/53b78c3273503.jpg'),
(21, 8, 255, 'data/files/mall/recompic/53b78c3273503.jpg'),
(21, 7, 255, 'data/files/mall/recompic/53b78c3273503.jpg'),
(21, 6, 255, 'data/files/mall/recompic/53b78c3273503.jpg'),
(21, 5, 255, 'data/files/mall/recompic/53b78c3273503.jpg'),
(21, 4, 255, 'data/files/mall/recompic/53b78c3273503.jpg'),
(21, 3, 255, 'data/files/mall/recompic/53b78c3273503.jpg'),
(21, 2, 255, 'data/files/mall/recompic/53b78c3273503.jpg'),
(21, 1, 255, 'data/files/mall/recompic/53b78c3273503.jpg'),
(22, 30, 255, 'data/files/mall/recompic/53b78c3273503.jpg'),
(22, 29, 255, 'data/files/mall/recompic/53b78c3273503.jpg'),
(22, 28, 255, 'data/files/mall/recompic/53b78c3273503.jpg'),
(22, 27, 255, 'data/files/mall/recompic/53b78c3273503.jpg'),
(24, 96, 2, 'data/files/mall/recompic/53e0aa10209c7.jpg'),
(22, 25, 255, 'data/files/mall/recompic/53b78c3273503.jpg'),
(22, 24, 255, 'data/files/mall/recompic/53b78c3273503.jpg'),
(24, 103, 2, 'data/files/mall/recompic/53e1a025d1361.jpg'),
(22, 22, 255, 'data/files/mall/recompic/53b78c3273503.jpg'),
(22, 21, 255, 'data/files/mall/recompic/53b78c3273503.jpg'),
(22, 20, 255, 'data/files/mall/recompic/53b78c3273503.jpg'),
(22, 19, 255, 'data/files/mall/recompic/53ba4fbeb25ce.png'),
(22, 18, 255, 'data/files/mall/recompic/53b78c3273503.jpg'),
(22, 17, 255, 'data/files/mall/recompic/53b78c3273503.jpg'),
(22, 16, 255, 'data/files/mall/recompic/53b78c3273503.jpg'),
(22, 15, 255, 'data/files/mall/recompic/53b78c3273503.jpg'),
(22, 14, 255, 'data/files/mall/recompic/53b78c3273503.jpg'),
(22, 13, 255, 'data/files/mall/recompic/53b78c3273503.jpg'),
(22, 12, 255, 'data/files/mall/recompic/53b78c3273503.jpg'),
(22, 11, 255, 'data/files/mall/recompic/53b78c3273503.jpg'),
(22, 10, 255, 'data/files/mall/recompic/53b78c3273503.jpg'),
(22, 9, 255, 'data/files/mall/recompic/53b78c3273503.jpg'),
(22, 8, 255, 'data/files/mall/recompic/53b78c3273503.jpg'),
(22, 7, 255, 'data/files/mall/recompic/53b78c3273503.jpg'),
(22, 6, 255, 'data/files/mall/recompic/53b78c3273503.jpg'),
(22, 5, 255, 'data/files/mall/recompic/53b78c3273503.jpg'),
(22, 4, 255, 'data/files/mall/recompic/53b78c3273503.jpg'),
(22, 3, 255, 'data/files/mall/recompic/53b78c3273503.jpg'),
(22, 2, 255, 'data/files/mall/recompic/53b78c3273503.jpg'),
(24, 49, 3, 'data/files/mall/recompic/53d5b023d09bd.jpg'),
(23, 112, 5, 'data/files/mall/recompic/53e090bc93ee8.jpg'),
(23, 111, 7, 'data/files/mall/recompic/53e0908b24b77.jpg'),
(24, 40, 1, 'data/files/mall/recompic/53d375ce58e0f.jpg'),
(24, 19, 1, 'data/files/mall/recompic/53d3634696bc1.jpg'),
(24, 18, 3, 'data/files/mall/recompic/53d3635da9e9c.jpg'),
(23, 217, 255, 'data/files/mall/recompic/542157f584555.jpg'),
(24, 2, 3, 'data/files/mall/recompic/53d5b01ba786d.jpg'),
(24, 1, 1, 'data/files/mall/recompic/53d5b00d8010d.jpg'),
(23, 163, 255, ''),
(23, 162, 255, ''),
(23, 32, 2, 'data/files/mall/recompic/53e1a0e634132.jpg'),
(23, 34, 1, 'data/files/mall/recompic/53d5b06ce381d.jpg'),
(23, 104, 1, 'data/files/mall/recompic/53e18af8b9707.jpg'),
(24, 113, 1, 'data/files/mall/recompic/53e08fbb9ed0a.jpg'),
(24, 105, 2, 'data/files/mall/recompic/53e1a021317dc.jpg'),
(11, 32, 255, 'data/files/mall/recompic/53d3268869280.jpg'),
(26, 35, 255, ''),
(26, 36, 255, 'data/files/mall/recompic/53ca22e1bd313.jpg'),
(26, 20, 255, 'data/files/mall/recompic/53ca226eb5b44.jpg'),
(23, 47, 1, 'data/files/mall/recompic/53d3750a746a9.jpg'),
(23, 46, 2, 'data/files/mall/recompic/53d375029ee8d.jpg'),
(23, 45, 3, 'data/files/mall/recompic/53d37520b211a.jpg'),
(23, 44, 4, 'data/files/mall/recompic/53d3754934087.jpg'),
(23, 43, 5, 'data/files/mall/recompic/53d37554b2576.jpg'),
(23, 42, 6, 'data/files/mall/recompic/53d3755dc8278.jpg'),
(24, 39, 2, 'data/files/mall/recompic/53d375d54e6fd.jpg'),
(23, 41, 7, 'data/files/mall/recompic/53d3756c81126.jpg'),
(24, 217, 255, 'data/files/mall/recompic/542157384e9d3.jpg'),
(23, 216, 255, ''),
(18, 220, 255, ''),
(18, 221, 255, ''),
(20, 249, 255, ''),
(20, 248, 255, 'data/files/mall/recompic/542b683f55695.jpg'),
(20, 247, 255, 'data/files/mall/recompic/542b6871d6312.JPG'),
(20, 246, 255, 'data/files/mall/recompic/542b687782b68.JPG'),
(20, 245, 255, ''),
(20, 244, 255, ''),
(20, 243, 255, 'data/files/mall/recompic/542b68a14bc6b.jpg'),
(20, 242, 255, ''),
(20, 241, 255, ''),
(20, 240, 255, '');

-- --------------------------------------------------------

--
-- 表的结构 `ecm_region`
--

DROP TABLE IF EXISTS `ecm_region`;
CREATE TABLE IF NOT EXISTS `ecm_region` (
  `region_id` int(10) unsigned NOT NULL auto_increment,
  `region_name` varchar(100) NOT NULL default '',
  `parent_id` int(10) unsigned NOT NULL default '0',
  `sort_order` tinyint(3) unsigned NOT NULL default '255',
  PRIMARY KEY  (`region_id`),
  KEY `parent_id` (`parent_id`)
) ENGINE=MyISAM  DEFAULT CHARSET=utf8 AUTO_INCREMENT=477 ;

--
-- 转存表中的数据 `ecm_region`
--

INSERT INTO `ecm_region` (`region_id`, `region_name`, `parent_id`, `sort_order`) VALUES
(2, '中国', 0, 255),
(3, '北京市', 2, 255),
(4, '东城', 3, 255),
(5, '西城', 3, 255),
(6, '崇文', 3, 255),
(7, '宣武', 3, 255),
(8, '朝阳', 3, 255),
(9, '海淀', 3, 255),
(10, '丰台', 3, 255),
(11, '石景山', 3, 255),
(12, '门头沟', 3, 255),
(13, '房山', 3, 255),
(14, '通州', 3, 255),
(15, '顺义', 3, 255),
(16, '大兴', 3, 255),
(17, '昌平', 3, 255),
(18, '平谷', 3, 255),
(19, '怀柔', 3, 255),
(20, '延庆', 3, 255),
(21, '密云', 3, 255),
(22, '天津市', 2, 255),
(23, '和平区', 22, 255),
(24, '河东区', 22, 255),
(25, '河西区', 22, 255),
(26, '南开区', 22, 255),
(27, '河北区', 22, 255),
(28, '红桥区', 22, 255),
(29, '塘沽区', 22, 255),
(30, '汉沽区', 22, 255),
(31, '大港区', 22, 255),
(32, '西青区', 22, 255),
(33, '东丽区', 22, 255),
(34, '津南区', 22, 255),
(35, '北辰区', 22, 255),
(36, '武清区', 22, 255),
(37, '宝坻区', 22, 255),
(38, '静海县', 22, 255),
(39, '宁河县', 22, 255),
(40, '蓟县', 22, 255),
(41, '上海市', 2, 255),
(42, '浦东新区', 41, 255),
(43, '徐汇区', 41, 255),
(44, '长宁区', 41, 255),
(45, '普陀区', 41, 255),
(46, '闸北区', 41, 255),
(47, '虹口区', 41, 255),
(48, '杨浦区', 41, 255),
(49, '黄浦区', 41, 255),
(50, '卢湾区', 41, 255),
(51, '静安区', 41, 255),
(52, '宝山区', 41, 255),
(53, '闵行区', 41, 255),
(54, '嘉定区', 41, 255),
(55, '金山区', 41, 255),
(56, '松江区', 41, 255),
(57, '青浦区', 41, 255),
(58, '崇明县', 41, 255),
(59, '奉贤区', 41, 255),
(60, '南汇区', 41, 255),
(61, '重庆市', 2, 255),
(62, '渝中', 61, 255),
(63, '大渡口', 61, 255),
(64, '江北', 61, 255),
(65, '沙坪坝', 61, 255),
(66, '九龙坡', 61, 255),
(67, '南岸', 61, 255),
(68, '北碚', 61, 255),
(69, '渝北', 61, 255),
(70, '巴南', 61, 255),
(71, '北部新区', 61, 255),
(72, '经开区', 61, 255),
(73, '万盛', 61, 255),
(74, '双桥', 61, 255),
(75, '綦江', 61, 255),
(76, '潼南', 61, 255),
(77, '铜梁', 61, 255),
(78, '大足', 61, 255),
(79, '荣昌', 61, 255),
(80, '璧山', 61, 255),
(81, '江津', 61, 255),
(82, '合川', 61, 255),
(83, '永川', 61, 255),
(84, '南川', 61, 255),
(85, '万州', 61, 255),
(86, '涪陵', 61, 255),
(87, '黔江', 61, 255),
(88, '长寿', 61, 255),
(89, '梁平', 61, 255),
(90, '城口', 61, 255),
(91, '丰都', 61, 255),
(92, '垫江', 61, 255),
(93, '武隆', 61, 255),
(94, '忠县', 61, 255),
(95, '开县', 61, 255),
(96, '云阳', 61, 255),
(97, '奉节', 61, 255),
(98, '巫山', 61, 255),
(99, '巫溪', 61, 255),
(100, '石柱', 61, 255),
(101, '秀山', 61, 255),
(102, '酉阳', 61, 255),
(103, '彭水', 61, 255),
(104, '河北省', 2, 255),
(105, '石家庄', 104, 255),
(106, '衡水', 104, 255),
(107, '唐山', 104, 255),
(108, '秦皇岛', 104, 255),
(109, '张家口', 104, 255),
(110, '承德', 104, 255),
(111, '邯郸', 104, 255),
(112, '沧州', 104, 255),
(113, '邢台', 104, 255),
(114, '保定', 104, 255),
(115, '廊坊', 104, 255),
(116, '山西省', 2, 255),
(117, '太原市', 116, 255),
(118, '大同市', 116, 255),
(119, '朔州市', 116, 255),
(120, '忻州市', 116, 255),
(121, '长治市', 116, 255),
(122, '阳泉市', 116, 255),
(123, '晋中市', 116, 255),
(124, '吕梁市', 116, 255),
(125, '晋城市', 116, 255),
(126, '临汾市', 116, 255),
(127, '运城市', 116, 255),
(128, '辽宁省', 2, 255),
(129, '沈阳', 128, 255),
(130, '大连', 128, 255),
(131, '鞍山', 128, 255),
(132, '抚顺', 128, 255),
(133, '本溪', 128, 255),
(134, '丹东', 128, 255),
(135, '锦州', 128, 255),
(136, '营口', 128, 255),
(137, '阜新', 128, 255),
(138, '辽阳', 128, 255),
(139, '铁岭', 128, 255),
(140, '朝阳', 128, 255),
(141, '盘锦', 128, 255),
(142, '葫芦岛', 128, 255),
(143, '吉林省', 2, 255),
(144, '长春市', 143, 255),
(145, '吉林市', 143, 255),
(146, '四平市', 143, 255),
(147, '辽源市', 143, 255),
(148, '通化市', 143, 255),
(149, '白山市', 143, 255),
(150, '松原市', 143, 255),
(151, '白城市', 143, 255),
(152, '延边州', 143, 255),
(153, '黑龙江省', 2, 255),
(154, '哈尔滨', 153, 255),
(155, '齐齐哈尔', 153, 255),
(156, '牡丹江', 153, 255),
(157, '佳木斯', 153, 255),
(158, '大庆', 153, 255),
(159, '鸡西', 153, 255),
(160, '伊春', 153, 255),
(161, '双鸭山', 153, 255),
(162, '七台河', 153, 255),
(163, '鹤岗', 153, 255),
(164, '黑河', 153, 255),
(165, '绥化', 153, 255),
(166, '大兴安岭', 153, 255),
(167, '内蒙古自治区', 2, 255),
(168, '呼和浩特市', 167, 255),
(169, '包头市', 167, 255),
(170, '乌海市', 167, 255),
(171, '赤峰市', 167, 255),
(172, '通辽市', 167, 255),
(173, '鄂尔多斯市', 167, 255),
(174, '呼伦贝尔市', 167, 255),
(175, '巴彦淖尔市', 167, 255),
(176, '乌兰察布市', 167, 255),
(177, '锡林郭勒盟', 167, 255),
(178, '兴安盟', 167, 255),
(179, '阿拉善盟', 167, 255),
(180, '江苏省', 2, 255),
(181, '南京', 180, 255),
(182, '苏州', 180, 255),
(183, '无锡', 180, 255),
(184, '常州', 180, 255),
(185, '扬州', 180, 255),
(186, '南通', 180, 255),
(187, '镇江', 180, 255),
(188, '泰州', 180, 255),
(189, '淮安', 180, 255),
(190, '徐州', 180, 255),
(191, '盐城', 180, 255),
(192, '宿迁', 180, 255),
(193, '连云港', 180, 255),
(194, '浙江省', 2, 255),
(195, '杭州', 194, 255),
(196, '宁波', 194, 255),
(197, '温州', 194, 255),
(198, '嘉兴', 194, 255),
(199, '湖州', 194, 255),
(200, '绍兴', 194, 255),
(201, '金华', 194, 255),
(202, '衢州', 194, 255),
(203, '舟山', 194, 255),
(204, '台州', 194, 255),
(205, '丽水', 194, 255),
(206, '安徽省', 2, 255),
(207, '淮北市', 206, 255),
(208, '合肥市', 206, 255),
(209, '六安市', 206, 255),
(210, '亳州市', 206, 255),
(211, '宿州市', 206, 255),
(212, '阜阳市', 206, 255),
(213, '蚌埠市', 206, 255),
(214, '淮南市', 206, 255),
(215, '滁州市', 206, 255),
(216, '巢湖市', 206, 255),
(217, '芜湖市', 206, 255),
(218, '马鞍山', 206, 255),
(219, '安庆市', 206, 255),
(220, '池州市', 206, 255),
(221, '铜陵市', 206, 255),
(222, '宣城市', 206, 255),
(223, '黄山市', 206, 255),
(224, '福建省', 2, 255),
(225, '福州市', 224, 255),
(226, '厦门市', 224, 255),
(227, '莆田市', 224, 255),
(228, '三明市', 224, 255),
(229, '泉州市', 224, 255),
(230, '漳州市', 224, 255),
(231, '南平市', 224, 255),
(232, '龙岩市', 224, 255),
(233, '宁德市', 224, 255),
(234, '江西省', 2, 255),
(235, '南昌市', 234, 255),
(236, '景德镇市', 234, 255),
(237, '萍乡市', 234, 255),
(238, '九江市', 234, 255),
(239, '新余市', 234, 255),
(240, '鹰潭市', 234, 255),
(241, '赣州市', 234, 255),
(242, '吉安市', 234, 255),
(243, '宜春市', 234, 255),
(244, '抚州市', 234, 255),
(245, '上饶市', 234, 255),
(246, '山东省', 2, 255),
(247, '济南', 246, 255),
(248, '青岛', 246, 255),
(249, '淄博', 246, 255),
(250, '泰安', 246, 255),
(251, '济宁', 246, 255),
(252, '德州', 246, 255),
(253, '日照', 246, 255),
(254, '潍坊', 246, 255),
(255, '枣庄', 246, 255),
(256, '临沂', 246, 255),
(257, '莱芜', 246, 255),
(258, '滨州', 246, 255),
(259, '聊城', 246, 255),
(260, '菏泽', 246, 255),
(261, '烟台', 246, 255),
(262, '威海', 246, 255),
(263, '东营', 246, 255),
(264, '河南省', 2, 255),
(265, '郑州市', 264, 255),
(266, '洛阳市', 264, 255),
(267, '开封市', 264, 255),
(268, '平顶山市', 264, 255),
(269, '南阳市', 264, 255),
(270, '焦作市', 264, 255),
(271, '信阳市', 264, 255),
(272, '济源市', 264, 255),
(273, '周口市', 264, 255),
(274, '安阳市', 264, 255),
(275, '驻马店市', 264, 255),
(276, '新乡市', 264, 255),
(277, '鹤壁市', 264, 255),
(278, '商丘市', 264, 255),
(279, '漯河市', 264, 255),
(280, '许昌市', 264, 255),
(281, '三门峡市', 264, 255),
(282, '濮阳市', 264, 255),
(283, '湖北省', 2, 255),
(284, '武汉', 283, 255),
(285, '宜昌', 283, 255),
(286, '荆州', 283, 255),
(287, '十堰', 283, 255),
(288, '襄樊', 283, 255),
(289, '黄石', 283, 255),
(290, '黄冈', 283, 255),
(291, '恩施', 283, 255),
(292, '荆门', 283, 255),
(293, '咸宁', 283, 255),
(294, '孝感', 283, 255),
(295, '鄂州', 283, 255),
(296, '天门', 283, 255),
(297, '仙桃', 283, 255),
(298, '随州', 283, 255),
(299, '潜江', 283, 255),
(300, '神农架', 283, 255),
(301, '湖南省', 2, 255),
(302, '长沙市', 301, 255),
(303, '株洲市', 301, 255),
(304, '湘潭市', 301, 255),
(305, '邵阳市', 301, 255),
(306, '吉首市', 301, 255),
(307, '岳阳市', 301, 255),
(308, '娄底市', 301, 255),
(309, '怀化市', 301, 255),
(310, '永州市', 301, 255),
(311, '郴州市', 301, 255),
(312, '常德市', 301, 255),
(313, '衡阳市', 301, 255),
(314, '益阳市', 301, 255),
(315, '张家界', 301, 255),
(316, '湘西州', 301, 255),
(317, '广东省', 2, 255),
(318, '广州', 317, 255),
(319, '深圳', 317, 255),
(320, '珠海', 317, 255),
(321, '汕头', 317, 255),
(322, '佛山', 317, 255),
(323, '东莞', 317, 255),
(324, '中山', 317, 255),
(325, '江门', 317, 255),
(326, '惠州', 317, 255),
(327, '肇庆', 317, 255),
(328, '阳江', 317, 255),
(329, '韶关', 317, 255),
(330, '河源', 317, 255),
(331, '梅州', 317, 255),
(332, '清远', 317, 255),
(333, '云浮', 317, 255),
(334, '茂名', 317, 255),
(335, '汕尾', 317, 255),
(336, '揭阳', 317, 255),
(337, '潮州', 317, 255),
(338, '湛江', 317, 255),
(339, '海南省', 2, 255),
(340, '海口市', 339, 255),
(341, '三亚市', 339, 255),
(342, '广西壮族自治区', 2, 255),
(343, '南宁', 342, 255),
(344, '柳州', 342, 255),
(345, '桂林', 342, 255),
(346, '梧州', 342, 255),
(347, '北海', 342, 255),
(348, '防城港', 342, 255),
(349, '钦州', 342, 255),
(350, '贵港', 342, 255),
(351, '玉林', 342, 255),
(352, '百色', 342, 255),
(353, '贺州', 342, 255),
(354, '河池', 342, 255),
(355, '来宾', 342, 255),
(356, '崇左', 342, 255),
(357, '四川省', 2, 255),
(358, '成都', 357, 255),
(359, '自贡', 357, 255),
(360, '攀枝花', 357, 255),
(361, '泸州', 357, 255),
(362, '德阳', 357, 255),
(363, '绵阳', 357, 255),
(364, '广元', 357, 255),
(365, '遂宁', 357, 255),
(366, '内江', 357, 255),
(367, '资阳', 357, 255),
(368, '乐山', 357, 255),
(369, '眉山', 357, 255),
(370, '南充', 357, 255),
(371, '宜宾', 357, 255),
(372, '广安', 357, 255),
(373, '达州', 357, 255),
(374, '巴中', 357, 255),
(375, '雅安', 357, 255),
(376, '阿坝', 357, 255),
(377, '甘孜', 357, 255),
(378, '凉山', 357, 255),
(379, '贵州省', 2, 255),
(380, '贵阳市', 379, 255),
(381, '遵义市', 379, 255),
(382, '安顺市', 379, 255),
(383, '六盘水市', 379, 255),
(384, '毕节地区', 379, 255),
(385, '铜仁地区', 379, 255),
(386, '黔东南州', 379, 255),
(387, '黔南州', 379, 255),
(388, '黔西南州', 379, 255),
(389, '云南省', 2, 255),
(390, '昆明市', 389, 255),
(391, '曲靖市', 389, 255),
(392, '红河哈尼族彝族自治州', 389, 255),
(393, '昭通市', 389, 255),
(394, '玉溪市', 389, 255),
(395, '德宏傣族景颇族自治州', 389, 255),
(396, '丽江市', 389, 255),
(397, '迪庆藏族自治州', 389, 255),
(398, '文山壮族苗族自治州', 389, 255),
(399, '思茅市', 389, 255),
(400, '大理白族自治州', 389, 255),
(401, '怒江傈僳族自治州', 389, 255),
(402, '保山市', 389, 255),
(403, '楚雄彝族自治州', 389, 255),
(404, '西双版纳傣族自治州', 389, 255),
(405, '临沧市', 389, 255),
(406, '西藏自治区', 2, 255),
(407, '拉萨', 406, 255),
(408, '日喀则', 406, 255),
(409, '林芝', 406, 255),
(410, '山南', 406, 255),
(411, '那曲', 406, 255),
(412, '昌都', 406, 255),
(413, '阿里', 406, 255),
(414, '陕西省', 2, 255),
(415, '西安市', 414, 255),
(416, '铜川市', 414, 255),
(417, '宝鸡市', 414, 255),
(418, '咸阳市', 414, 255),
(419, '渭南市', 414, 255),
(420, '延安市', 414, 255),
(421, '汉中市', 414, 255),
(422, '榆林市', 414, 255),
(423, '安康市', 414, 255),
(424, '商洛市', 414, 255),
(425, '甘肃省', 2, 255),
(426, '兰州市', 425, 255),
(427, '嘉峪关', 425, 255),
(428, '金昌市', 425, 255),
(429, '白银市', 425, 255),
(430, '天水市', 425, 255),
(431, '酒泉市', 425, 255),
(432, '张掖市', 425, 255),
(433, '武威市', 425, 255),
(434, '定西市', 425, 255),
(435, '陇南市', 425, 255),
(436, '平凉市', 425, 255),
(437, '庆阳市', 425, 255),
(438, '临夏州', 425, 255),
(439, '甘南州', 425, 255),
(440, '青海省', 2, 255),
(441, '西宁市', 440, 255),
(442, '海东行署', 440, 255),
(443, '海北藏族自治州', 440, 255),
(444, '海南藏族自治州', 440, 255),
(445, '海西州', 440, 255),
(446, '黄南藏族自治州', 440, 255),
(447, '玉树藏族自治州', 440, 255),
(448, '果洛藏族自治州', 440, 255),
(449, '宁夏回族自治区', 2, 255),
(450, '银川市', 449, 255),
(451, '石嘴山市', 449, 255),
(452, '吴忠市', 449, 255),
(453, '固原市', 449, 255),
(454, '中卫市', 449, 255),
(455, '新疆维吾尔自治区', 2, 255),
(456, '伊犁哈萨克自治州', 455, 255),
(457, '乌鲁木齐市', 455, 255),
(458, '昌吉回族自治州', 455, 255),
(459, '石河子市', 455, 255),
(460, '克拉玛依市', 455, 255),
(461, '阿勒泰地区', 455, 255),
(462, '博尔塔拉蒙古自治州', 455, 255),
(463, '塔城地区', 455, 255),
(464, '和田地区', 455, 255),
(465, '克孜勒苏克尔克孜自治州', 455, 255),
(466, '喀什地区', 455, 255),
(467, '阿克苏地区', 455, 255),
(468, '巴音郭楞蒙古自治州', 455, 255),
(469, '吐鲁番地区', 455, 255),
(470, '哈密地区', 455, 255),
(471, '五家渠市', 455, 255),
(472, '阿拉尔市', 455, 255),
(473, '图木舒克市', 455, 255),
(474, '香港特别行政区', 2, 255),
(475, '澳门特别行政区', 2, 255),
(476, '台湾省', 2, 255);

-- --------------------------------------------------------

--
-- 表的结构 `ecm_scategory`
--

DROP TABLE IF EXISTS `ecm_scategory`;
CREATE TABLE IF NOT EXISTS `ecm_scategory` (
  `cate_id` int(10) unsigned NOT NULL auto_increment,
  `cate_name` varchar(100) NOT NULL default '',
  `parent_id` int(10) unsigned NOT NULL default '0',
  `sort_order` tinyint(3) unsigned NOT NULL default '255',
  PRIMARY KEY  (`cate_id`),
  KEY `parent_id` (`parent_id`)
) ENGINE=MyISAM  DEFAULT CHARSET=utf8 AUTO_INCREMENT=67 ;

--
-- 转存表中的数据 `ecm_scategory`
--

INSERT INTO `ecm_scategory` (`cate_id`, `cate_name`, `parent_id`, `sort_order`) VALUES
(1, '服饰', 0, 255),
(2, '女装/女士精品', 1, 255),
(3, '男装', 1, 255),
(4, '女鞋', 1, 255),
(5, '流行男鞋', 1, 255),
(6, '运动鞋', 1, 255),
(7, '女士内衣/男士内衣/家居服', 1, 255),
(8, '箱包皮具/热销女包/男包', 1, 255),
(9, '运动服/运动包/颈环配件', 1, 255),
(10, '服饰配件/皮带/帽子/围巾', 1, 255),
(11, '手机/数码/办公/家电', 0, 255),
(12, '手机', 11, 255),
(13, '国货精品手机', 11, 255),
(14, '笔记本电脑', 11, 255),
(15, '电脑硬件/台式整机/网络设备', 11, 255),
(16, 'MP3/MP4/iPod/录音笔', 11, 255),
(17, '数码相机/摄像机/图形冲印', 11, 255),
(18, '3C数码配件市场', 11, 255),
(19, '网络服务/电脑软件', 11, 255),
(20, '闪存卡/U盘/移动存储', 11, 255),
(21, '电玩/配件/游戏/攻略', 11, 255),
(22, '办公设备/文具/耗材', 11, 255),
(23, '影音电器', 11, 255),
(24, '美容护肤/个人护理', 0, 255),
(25, '美容护肤/美体/精油', 24, 255),
(26, '彩妆/香水/美发/工具', 24, 255),
(27, '个人护理/保健/按摩器材', 24, 255),
(28, '家居/母婴/食品', 0, 255),
(29, '居家日用/厨房餐饮/卫浴洗浴', 28, 255),
(30, '时尚家饰/工艺品/十字绣', 28, 255),
(31, '家具/家具定制/宜家代购', 28, 255),
(32, '家纺/床品/地毯/布艺', 28, 255),
(33, '装潢/灯具/五金/安防/卫浴', 28, 255),
(34, '保健食品', 28, 255),
(35, '食品/茶叶/零食/特产', 28, 255),
(36, '奶粉/尿片/母婴用品', 28, 255),
(37, '益智玩具/童车/童床/书包', 28, 255),
(38, '童装/童鞋/孕妇装', 28, 255),
(39, '宠物/宠物食品及用品', 28, 255),
(40, '厨房电器', 28, 255),
(41, '生活电器', 28, 255),
(42, '文体/汽车', 0, 255),
(43, '书籍/杂志/报纸', 42, 255),
(44, '音乐/影视/明星/乐器', 42, 255),
(45, '运动/瑜伽/健身/球迷用品', 42, 255),
(46, '户外/登山/野营/涉水', 42, 255),
(47, '汽车/配件/改装/摩托/自行车', 42, 255),
(48, '珠宝/首饰', 0, 255),
(49, '饰品/流行首饰/时尚饰品', 48, 255),
(50, '珠宝/钻石/翡翠/黄金', 48, 255),
(51, '品牌手表/流行手表', 48, 255),
(52, '收藏/爱好', 0, 255),
(53, '古董/邮币/字画/收藏', 52, 255),
(54, '玩具/模型/娃娃/人偶', 52, 255),
(55, 'ZIPPO/瑞士军刀/眼镜', 52, 255),
(56, '游戏/话费', 0, 255),
(57, '腾讯QQ专区', 56, 255),
(58, '网游装备/游戏币/帐号/代练', 56, 255),
(59, '网络游戏点卡', 56, 255),
(60, '移动/联通/小灵通充值中心', 56, 255),
(61, 'IP卡/网络电话/手机号码', 56, 255),
(62, '生活服务', 0, 255),
(63, '成人用品/避孕用品/情趣内衣', 62, 255),
(64, '网店装修/物流快递/图片存储', 62, 255),
(65, '鲜花速递/蛋糕配送/园艺花艺', 62, 255),
(66, '演出/旅游/吃喝玩乐折扣券', 62, 255);

-- --------------------------------------------------------

--
-- 表的结构 `ecm_seckill`
--

DROP TABLE IF EXISTS `ecm_seckill`;
CREATE TABLE IF NOT EXISTS `ecm_seckill` (
  `sec_id` int(10) NOT NULL auto_increment,
  `goods_name` varchar(225) NOT NULL,
  `subject_id` int(10) NOT NULL,
  `goods_id` int(10) unsigned NOT NULL,
  `store_id` int(10) unsigned NOT NULL,
  `sec_quantity` smallint(5) unsigned NOT NULL,
  `sec_price` varchar(255) NOT NULL,
  `add_time` int(10) NOT NULL,
  `start_time` int(10) NOT NULL,
  `sec_state` tinyint(3) unsigned NOT NULL,
  `recommended` tinyint(3) unsigned NOT NULL,
  `views` int(10) unsigned NOT NULL,
  PRIMARY KEY  (`sec_id`)
) ENGINE=InnoDB  DEFAULT CHARSET=utf8 AUTO_INCREMENT=9 ;

--
-- 转存表中的数据 `ecm_seckill`
--

INSERT INTO `ecm_seckill` (`sec_id`, `goods_name`, `subject_id`, `goods_id`, `store_id`, `sec_quantity`, `sec_price`, `add_time`, `start_time`, `sec_state`, `recommended`, `views`) VALUES
(4, '春款韩版卡其休闲上衣', 0, 25, 2, 0, 'a:4:{i:63;a:1:{s:5:"price";s:5:"21.00";}i:64;a:1:{s:5:"price";s:5:"23.00";}i:65;a:1:{s:5:"price";s:5:"43.00";}i:66;a:1:{s:5:"price";s:5:"54.00";}}', 1403545386, 1403568000, 3, 0, 0),
(6, '罗玛诺尔全抛釉系列LM8021', 0, 71, 18, 100, 'a:1:{i:139;a:1:{s:5:"price";s:4:"1.00";}}', 1407453627, 1407427200, 3, 1, 0),
(7, '秒杀商品', 0, 124, 2, 100, 'a:2:{i:195;a:1:{s:5:"price";s:6:"300.00";}i:196;a:1:{s:5:"price";s:6:"200.00";}}', 1407794881, 1407772800, 1, 1, 0),
(8, '美式全铜吊灯餐厅灯欧式纯铜拼花灯饰个性棋牌室灯节能环保书房灯', 0, 102, 2, 10, 'a:1:{i:170;a:1:{s:5:"price";s:5:"10.00";}}', 1407795209, 1407772800, 1, 0, 0);

-- --------------------------------------------------------

--
-- 表的结构 `ecm_seckill_subject`
--

DROP TABLE IF EXISTS `ecm_seckill_subject`;
CREATE TABLE IF NOT EXISTS `ecm_seckill_subject` (
  `subject_id` int(10) unsigned NOT NULL auto_increment,
  `subject_name` varchar(100) NOT NULL default '',
  `subject_desc` varchar(255) NOT NULL,
  `subject_state` tinyint(3) unsigned NOT NULL,
  PRIMARY KEY  (`subject_id`)
) ENGINE=InnoDB DEFAULT CHARSET=utf8 AUTO_INCREMENT=1 ;

-- --------------------------------------------------------

--
-- 表的结构 `ecm_sessions`
--

DROP TABLE IF EXISTS `ecm_sessions`;
CREATE TABLE IF NOT EXISTS `ecm_sessions` (
  `sesskey` char(32) NOT NULL default '',
  `expiry` int(11) NOT NULL default '0',
  `userid` int(11) NOT NULL default '0',
  `adminid` int(11) NOT NULL default '0',
  `ip` char(15) NOT NULL default '',
  `data` char(255) NOT NULL default '',
  `is_overflow` tinyint(4) NOT NULL default '0',
  PRIMARY KEY  (`sesskey`),
  KEY `expiry` (`expiry`)
) ENGINE=MyISAM DEFAULT CHARSET=utf8;

--
-- 转存表中的数据 `ecm_sessions`
--

INSERT INTO `ecm_sessions` (`sesskey`, `expiry`, `userid`, `adminid`, `ip`, `data`, `is_overflow`) VALUES
('5561363ffa5bb71cf710a2414a78e4ab', 1412883411, 0, 0, '101.226.168.197', '', 0),
('28fb719519f14c2da8e453dfd7a28466', 1412883374, 0, 0, '182.118.21.220', '', 0),
('d22c47fa19b89f4c51fae476fa98ed8b', 1412883348, 0, 0, '101.226.167.203', '', 0),
('a4baf2b895c4b6b5bb66082523006081', 1412883348, 0, 0, '101.226.167.199', '', 0),
('63fd17b0a810eb3549c4bffba7cbbeb1', 1412883331, 0, 0, '101.226.166.238', '', 0),
('5da5764d7f231b0dd83463ac77289eca', 1412883317, 0, 0, '101.226.168.246', '', 0),
('4d576743c776079087965c9085d8588a', 1412883307, 0, 0, '182.118.25.214', '', 0),
('7793ae7f6ec0b3d763209c5f93f951ed', 1412883235, 0, 0, '182.118.20.202', '', 0),
('5a4fc40707601f05e0ba071426a97b87', 1412883224, 0, 0, '182.118.21.204', '', 0),
('3f5c4e4ea7773c3ebccb63eb1595849d', 1412883155, 0, 0, '101.226.169.202', '', 0),
('254cb0cecba8cfdcb7f4e2810b2bcd78', 1412883082, 0, 0, '182.118.21.242', '', 0),
('44d02b754b06204771d7ea4d089a67ad', 1412883080, 0, 0, '101.226.166.243', '', 0),
('6b41a2d6548cfcea790bd487358a5330', 1412883026, 0, 0, '101.226.167.250', '', 0),
('6a642631959ea6b748a052ccfe7efa42', 1412882784, 0, 0, '37.58.100.142', '', 0),
('3b924ed6dbad37523eb187ae31892010', 1412884203, 0, 0, '101.226.166.253', '', 0),
('7ce3ad625adae81e0fc41306b16dca89', 1412884210, 0, 0, '182.118.21.245', '', 0),
('48498d747157ffd5166d4ede644debc1', 1412884246, 0, 0, '182.118.22.217', '', 0),
('7120de93ae64939dd415b8cca8350f93', 1412884272, 0, 0, '182.118.20.169', '', 0),
('db42af997b7e5ea1fa2ac2a42fb1abeb', 1412884272, 0, 0, '182.118.25.242', '', 0),
('d166819b0a30804728fb99b6d8c78532', 1412884305, 0, 0, '101.226.168.238', '', 0),
('a692a73d187e531836537add7b507764', 1412884305, 0, 0, '101.226.168.239', '', 0),
('eb75223349269588c937a1b07172318b', 1412884315, 0, 0, '101.226.167.222', '', 0),
('d8131f5355d4a3947b2ba06126fe707b', 1412884317, 0, 0, '182.118.20.230', '', 0),
('10919b6dfac64c0d225144e750b5fab8', 1412884343, 0, 0, '182.118.21.233', '', 0),
('db7ada741fdf1f931504e67ec595fc2c', 1412884443, 0, 0, '101.226.168.249', '', 0),
('ea422cf7bbd5f202c45d85a237ec4d69', 1412909467, 0, 0, '119.147.146.189', '', 0),
('346e91c83b5de21b2f20e151ec6b9d20', 1412909467, 0, 0, '119.147.146.192', '', 0),
('26e70017b0c6628fa587676fd36e6fbe', 1412909467, 0, 0, '1.196.52.131', 'captcha|s:8:"cGhjNQ==";', 0),
('7feb0eeda298e61efc13bc0053ce0c3c', 1412909343, 0, 0, '37.58.100.178', '', 0),
('acd4f02ffe319d5be4c6bb979ee698c2', 1412909216, 0, 0, '203.208.60.6', '', 0),
('b3ea3565c9d3f51df2872577c01b5064', 1412908661, 0, 0, '115.50.99.96', '', 0),
('1bd068adc4bf4ae54ded081de65ca6fb', 1412908552, 0, 0, '115.50.99.96', '', 0),
('e8e02185d11db8b4ca64ee84f878dc9b', 1412908441, 0, 0, '123.7.52.55', '', 0),
('f729450882bb50892f916f6bf024a59d', 1412908326, 0, 0, '37.58.100.229', '', 0),
('fddffe551cf2ec79998a2969d9a644aa', 1412908284, 0, 0, '123.125.71.21', '', 0),
('44f82f5b923bef1003a9532d550e7fa7', 1412906392, 0, 0, '37.58.100.152', '', 0),
('3d68576ad418762914da71f9be6541af', 1412906336, 0, 0, '37.58.100.68', '', 0),
('ce5efc1a85d5a22224b8b134a3c8b6ee', 1412906102, 0, 0, '123.125.71.13', '', 0),
('28fb00098426028b66dfe19eea2cc7cd', 1412907790, 0, 0, '123.7.52.55', '', 0),
('7924df63d8afa2a61c86497e901e5aa1', 1412905915, 0, 0, '123.125.71.18', '', 0),
('f8c64097a045f742ced4e3e49e6d34c5', 1412905574, 0, 0, '203.208.60.18', '', 0),
('49563a2655fd9588214891b6567bc727', 1412905562, 0, 0, '37.58.100.178', '', 0),
('d708ec13f848a060c7c7c9eb5a072203', 1412904822, 0, 0, '123.125.71.107', '', 0),
('5d21b20a131e4d9115f142fa7141933c', 1412904261, 0, 0, '220.181.108.170', '', 0),
('2012faf3b4157f2d1a7920656c4013d6', 1412904074, 0, 0, '123.125.71.70', '', 0),
('556aba38e25cd2f874aecaa1bb389132', 1412903096, 0, 0, '123.125.71.23', '', 0),
('6b2aad88182c74d2047f788d4497dfe5', 1412902488, 0, 0, '37.58.100.134', '', 0),
('71571e7142118cb4b80a83aac20f78aa', 1412902059, 0, 0, '218.29.56.140', '', 0),
('cf76a64b165773a1b37884b940c590ed', 1412901696, 0, 0, '37.58.100.85', '', 0),
('8300c829a939c64415538f7ec48b2ed4', 1412901482, 0, 0, '203.208.60.13', '', 0),
('34c57b49e973d0b33b5e321ed1df5c7a', 1412901141, 0, 0, '203.208.60.14', '', 0),
('9e01e54a71a6af36950825b23557d07a', 1412900108, 0, 0, '37.58.100.142', '', 0),
('971718d417ab8e9dab44333d1a32896b', 1412898611, 0, 0, '37.58.100.178', '', 0),
('d00e391f11e9689a99fffcbf4fcbae98', 1412898527, 0, 0, '203.208.60.6', '', 0),
('6921f226ec0f440041022b93fdc304dc', 1412896210, 0, 0, '37.58.100.85', '', 0),
('2c664bd408179d4d463d16dbdcb54d6f', 1412895103, 0, 0, '203.208.60.8', '', 0),
('4aa3d44f6aa95610f4728a319050697b', 1412895102, 0, 0, '203.208.60.16', '', 0),
('14c67b0f26a865f9fc7263be4109c3f6', 1412894956, 0, 0, '37.58.100.85', '', 0),
('b3d38a2a6f5ef1cffa3a4947a4b181d2', 1412894206, 0, 0, '203.208.60.12', '', 0),
('235c2430d258f2851850ee1834e1d40c', 1412893979, 0, 0, '203.208.60.7', '', 0),
('3534f6b62154d398195370ae53401036', 1412893367, 0, 0, '37.58.100.138', '', 0),
('bf4fe3976bf7dd713e2e71f044cd62aa', 1412893174, 0, 0, '123.125.71.53', '', 0),
('80f0051f284b4ce60d3c252745664112', 1412892153, 0, 0, '37.58.100.138', '', 0),
('39cc2fadd4b00655f934746a2b02f05e', 1412892091, 0, 0, '220.181.108.158', '', 0),
('968264d345c7d252114285b933f9e945', 1412891554, 0, 0, '123.125.71.34', '', 0),
('2a7bc326f8c15ff889cd7411f89c39ed', 1412891248, 0, 0, '203.208.60.11', '', 0),
('10a002e28a0f699e1f88f455ad0a9250', 1412890608, 0, 0, '37.58.100.229', '', 0),
('5e256ff71fdda774d0400721cb7bb10f', 1412889393, 0, 0, '203.208.60.17', '', 0),
('4b7aeee4efe55a59b91494a2c6cda991', 1412889356, 0, 0, '37.58.100.178', '', 0),
('17b0845fad9a2a4babd41e238d8a0e60', 1412889060, 0, 0, '123.125.71.85', '', 0),
('b12857b39e325264cbe76f75c9933dcf', 1412887869, 0, 0, '37.58.100.138', '', 0),
('fee62d1ba535f615ffe38f71484b4f3c', 1412886928, 0, 0, '101.226.169.200', '', 0),
('d2a310aa0b207affb5dd0f5b4fb901a4', 1412886778, 0, 0, '182.118.21.209', '', 0),
('61e460a70226dd6ffe59b91f377d8614', 1412886726, 0, 0, '203.208.60.11', '', 0),
('f5ec3866e43928048a3a7c1428aabe0c', 1412886700, 0, 0, '182.118.22.213', '', 0),
('f00cb09ee9c91753d091766e00d898b3', 1412886699, 0, 0, '37.58.100.229', '', 0),
('1fc913dc149fd7a4ad7acb94f01ee5e2', 1412886696, 0, 0, '182.118.25.206', '', 0),
('944f97ff669b3d30286d84fe7e5d9fde', 1412886632, 0, 0, '182.118.25.226', '', 0),
('29bf857b4601696fdbb369678b83fca2', 1412886199, 0, 0, '182.118.22.205', '', 0),
('cbca635100831d65879d2696fb911184', 1412886188, 0, 0, '182.118.21.216', '', 0),
('6991a77ab324d68d24ebda8329b59a48', 1412886165, 0, 0, '101.226.166.222', '', 0),
('b8d5746d6324048a590c4bdc9227aad0', 1412886137, 0, 0, '182.118.20.215', '', 0),
('f3699a352a12ee3c3d740b2906f184e7', 1412886126, 0, 0, '101.226.169.229', '', 0),
('da32bf246ac1b53879375b6fe17887c1', 1412886114, 0, 0, '101.226.166.253', '', 0),
('30100c33cce6b2fef1d69a242bd377e3', 1412886015, 0, 0, '182.118.22.203', '', 0),
('ffdfa17e4530c45f681e88c6cce258fe', 1412885839, 0, 0, '101.226.166.245', '', 0),
('9011ba1a03c1c2cca18ab1f62a24df30', 1412885808, 0, 0, '101.226.167.250', '', 0),
('4d3e6e04d61c05078db643fb045608b2', 1412885790, 0, 0, '182.118.25.227', '', 0),
('5d419774dd8236472673f37b68f6e4c1', 1412885754, 0, 0, '101.226.167.201', '', 0),
('1f1bed67482c1c92559712de057f4c61', 1412885723, 0, 0, '101.226.167.196', '', 0),
('6a7a7ab0970671a346e6807dc8206444', 1412885721, 0, 0, '101.226.166.239', '', 0),
('21a7511c59166258ffad65824ba42a85', 1412885721, 0, 0, '101.226.166.242', '', 0),
('a16059c349f262bae8c2496f3b3c8d68', 1412885717, 0, 0, '101.226.169.230', '', 0),
('5980b0e03d78267e18c76c8dd7dfe9cb', 1412885696, 0, 0, '101.226.168.233', '', 0),
('6c9fb23ce4da78344fc5293fc30db37f', 1412885687, 0, 0, '182.118.21.210', '', 0),
('01c0585935d50c82340555eac0d6b940', 1412885616, 0, 0, '101.226.168.246', '', 0),
('3bc7f3dd22e3ffe32b08c21be8cf7018', 1412885570, 0, 0, '182.118.25.239', '', 0),
('8d512d3cef9775cde5d91c2ef31cf2d9', 1412885569, 0, 0, '101.226.166.230', '', 0),
('0b5e205141137298fa49afe2ee82f8e1', 1412885566, 0, 0, '101.226.168.195', '', 0),
('ad1e5d58b93791ca0b3126a79cf220ea', 1412885543, 0, 0, '182.118.20.253', '', 0),
('2529a4c9cc0add09c682fa4957ca264e', 1412885520, 0, 0, '101.226.166.211', '', 0),
('d7329eeac7903e0f12b0fb4f9e3dae59', 1412885518, 0, 0, '182.118.25.230', '', 0),
('5ef2fcbb67427c0edc16325b03cbbdfe', 1412885497, 0, 0, '37.58.100.85', '', 0),
('0c19dc79dbf4e39b5cb7f1d17966d2df', 1412885493, 0, 0, '101.226.166.207', '', 0),
('c6a18f10bac7f5bd083d2a6b2b840351', 1412885475, 0, 0, '101.226.166.241', '', 0),
('ea6138ea56d7af6bac66b27bf4783ee6', 1412885466, 0, 0, '182.118.20.162', '', 0),
('8b9817beeb9f3cfd9fe6c58aa5b4c59c', 1412885449, 0, 0, '182.118.21.232', '', 0),
('3334b4898dcbc7a1f6cc5009bf17b919', 1412885392, 0, 0, '182.118.25.236', '', 0),
('cb344bba58243f8c8aa1d3db028dfec0', 1412885386, 0, 0, '182.118.20.216', '', 0),
('ca8dcb51494575c5109bc0e58c6aebb7', 1412885376, 0, 0, '37.58.100.85', '', 0),
('38de9c221a3b9857d4fe6b70c12fd1ac', 1412885333, 0, 0, '101.226.169.209', '', 0),
('986b868db3ba2e828004d052f016bee8', 1412885324, 0, 0, '101.226.168.199', '', 0),
('1aabfe9aaf1e8072aa7e304f3a0cc490', 1412885216, 0, 0, '182.118.25.233', '', 0),
('75b8841ed6d4f7af2977bde4f0dcd683', 1412885209, 0, 0, '101.226.168.228', '', 0),
('6c96994d70baa6762e263d60d603147b', 1412885193, 0, 0, '37.58.100.229', '', 0),
('004415655070e4f1877089c4e5051eee', 1412885173, 0, 0, '182.118.21.204', '', 0),
('3478cb2feb1d2252f6019e9b1d8723a8', 1412885131, 0, 0, '101.226.168.243', '', 0),
('df10a93283728e9488c7044bb95d7c8c', 1412885098, 0, 0, '101.226.166.205', '', 0),
('80842cafaee01bcf831d9fefd339329f', 1412885073, 0, 0, '101.226.168.233', '', 0),
('ef5dc1655f5be047fe4706ec850236e9', 1412884935, 0, 0, '101.226.168.243', '', 0),
('e0e162923afdc55cb50128b2562e0097', 1412884889, 0, 0, '101.226.166.221', '', 0),
('c6671b776918cd2d905daeff61783e2d', 1412884886, 0, 0, '101.226.168.249', '', 0),
('f118b8327bbd6b7cb2d8cf603ea52f30', 1412884883, 0, 0, '182.118.22.214', '', 0),
('8a494e464112ffc7292745f17fe420b6', 1412884879, 0, 0, '101.226.168.226', '', 0),
('97e64eec8c0ab4d31df5c562eed23b87', 1412884874, 0, 0, '182.118.25.245', '', 0),
('d7a520b92b265351081e8c650d17a251', 1412884808, 0, 0, '101.226.167.206', '', 0),
('5811d92ec83b27d013fdc58b55b44fbb', 1412884808, 0, 0, '101.226.167.206', '', 0),
('0ef2254069589287d11f054380e4fb1f', 1412884754, 0, 0, '101.226.167.241', '', 0),
('228eb913bb2a3bc622413025909cbf54', 1412884709, 0, 0, '101.226.167.242', '', 0),
('784414abc0646ad8ae35a5020348f7c5', 1412884708, 0, 0, '101.226.168.240', '', 0),
('f0ec9ce87bb4cf34f76f458465b8126d', 1412884708, 0, 0, '101.226.168.238', '', 0),
('140b995900b0c3b9d5cd8a433b7c2b44', 1412884687, 0, 0, '101.226.167.234', '', 0),
('95ad9e10119b7fbffe8b3b19bb309dff', 1412884683, 0, 0, '220.181.108.156', '', 0),
('cf7a1df2b0abf10a353957888e32b763', 1412884647, 0, 0, '101.226.169.209', '', 0),
('6f84ad0aa4b1483586b48490493e5c7e', 1412884635, 0, 0, '101.226.166.233', '', 0),
('f2ec8b74725aed7c8a41de3b4b864ab4', 1412884632, 0, 0, '101.226.168.228', '', 0),
('c3351b3ba7285ec0343387546238d890', 1412884628, 0, 0, '101.226.166.248', '', 0),
('85897dc73fddb9242d81511e79d8f2d0', 1412884618, 0, 0, '101.226.167.241', '', 0),
('fde89f7f94662b63f0c88554df2a0051', 1412884594, 0, 0, '182.118.25.216', '', 0),
('c5616adabf370a4be461a598873a6fde', 1412884589, 0, 0, '101.226.167.210', '', 0),
('6287b591663a29f03565d0b28b1f77d8', 1412884559, 0, 0, '182.118.22.220', '', 0),
('f63ebf6a86210b3c2e10583e82936937', 1412884176, 0, 0, '182.118.20.228', '', 0),
('e85e65c7f7ad962a1faed25f2282a433', 1412884164, 0, 0, '101.226.166.244', '', 0),
('7cc69d3408b9b589a7bb2469b0f84b48', 1412884120, 0, 0, '101.226.169.198', '', 0),
('ef194727a22c118b87c3aab0f98d47ae', 1412884116, 0, 0, '182.118.20.218', '', 0),
('e58dc6d27eb4f40f8f25dd6fc803864c', 1412884101, 0, 0, '101.226.169.220', '', 0),
('01d723a80e1a19c37152456f5a1994de', 1412884099, 0, 0, '182.118.25.227', '', 0),
('f4f22f4b7546ed4d650d5584799706e1', 1412884083, 0, 0, '101.226.167.231', '', 0),
('0cc2f83d334d9af231b546ceae745e71', 1412884074, 0, 0, '182.118.21.211', '', 0),
('bb156b6bc4b1a59b61141014c710319c', 1412884067, 0, 0, '182.118.25.208', '', 0),
('05ca1952310dde6ab863c1e274088c10', 1412884059, 0, 0, '101.226.167.203', '', 0),
('d6c9f447a0db7ef158076895ca62661d', 1412883988, 0, 0, '101.226.168.229', '', 0),
('7cebc05dd74d1341dcf75bf9c97daec3', 1412883961, 0, 0, '37.58.100.85', '', 0),
('f485d38a9892253b018fd93aa8ca98ad', 1412883958, 0, 0, '101.226.167.234', '', 0),
('b93afe06f1e45b5266cf3f415ee6b7f8', 1412883865, 0, 0, '101.226.168.212', '', 0),
('d81144ce7bf4c11018c73b25b50d4634', 1412883824, 0, 0, '182.118.20.215', '', 0),
('372f5126d2a76a56c51cf64fa507a965', 1412883818, 0, 0, '101.226.166.230', '', 0),
('28cc734a163500a0dcf65b53883bf6cb', 1412883762, 0, 0, '182.118.25.202', '', 0),
('951aeefe8c72ee2e8588cd6ab1dd335b', 1412883758, 0, 0, '101.226.169.212', '', 0),
('56c102cb40798f94958d942e934b268e', 1412883741, 0, 0, '101.226.167.242', '', 0),
('2a429b8287e2dde2bff9f3157400dffc', 1412883711, 0, 0, '101.226.167.247', '', 0),
('44be7f3dbe3ecbf719f8e43b3ef42ccb', 1412883710, 0, 0, '101.226.167.250', '', 0),
('d27dc9156a725bd47dffbc35a2fdcaa9', 1412883710, 0, 0, '101.226.167.249', '', 0),
('1cbf896eff8139de92661f24fdfadfc3', 1412883702, 0, 0, '101.226.166.213', '', 0),
('3a374ccd09efb89c50abd918ced9716e', 1412883701, 0, 0, '182.118.21.206', '', 0),
('98e8e4285248c9643eb5401937cb12fd', 1412883690, 0, 0, '203.208.60.18', '', 0),
('dd6668e5bb2b5ec6dc337619805cbdd2', 1412883642, 0, 0, '101.226.168.244', '', 0),
('e72a3dc05c7f9b2f8a269e9dd0b532f6', 1412883618, 0, 0, '101.226.166.254', '', 0),
('a9f5b721f06c7d1ba80c437f1b31a171', 1412883531, 0, 0, '37.58.100.142', '', 0),
('95c71c1f79b696d08e1af65949ed8d59', 1412883496, 0, 0, '101.226.167.207', '', 0),
('f43b4186c4ba355f0ff846c33c31b9e8', 1412883450, 0, 0, '101.226.168.227', '', 0),
('c6f98cd06206b0387e5e3bd8d1ed2c78', 1412883434, 0, 0, '182.118.25.233', '', 0),
('98432ae44c99fa3e375583bc0719c808', 1412883424, 0, 0, '182.118.20.234', '', 0);

-- --------------------------------------------------------

--
-- 表的结构 `ecm_sessions_data`
--

DROP TABLE IF EXISTS `ecm_sessions_data`;
CREATE TABLE IF NOT EXISTS `ecm_sessions_data` (
  `sesskey` varchar(32) NOT NULL default '',
  `expiry` int(11) NOT NULL default '0',
  `data` longtext NOT NULL,
  PRIMARY KEY  (`sesskey`),
  KEY `expiry` (`expiry`)
) ENGINE=MyISAM DEFAULT CHARSET=utf8;

-- --------------------------------------------------------

--
-- 表的结构 `ecm_sgrade`
--

DROP TABLE IF EXISTS `ecm_sgrade`;
CREATE TABLE IF NOT EXISTS `ecm_sgrade` (
  `grade_id` tinyint(3) unsigned NOT NULL auto_increment,
  `grade_name` varchar(60) NOT NULL default '',
  `goods_limit` int(10) unsigned NOT NULL default '0',
  `space_limit` int(10) unsigned NOT NULL default '0',
  `skin_limit` int(10) unsigned NOT NULL default '0',
  `charge` varchar(100) NOT NULL default '',
  `need_confirm` tinyint(3) unsigned NOT NULL default '0',
  `description` varchar(255) NOT NULL default '',
  `functions` varchar(255) default NULL,
  `skins` text NOT NULL,
  `sort_order` tinyint(4) unsigned NOT NULL default '0',
  PRIMARY KEY  (`grade_id`)
) ENGINE=MyISAM  DEFAULT CHARSET=utf8 AUTO_INCREMENT=3 ;

--
-- 转存表中的数据 `ecm_sgrade`
--

INSERT INTO `ecm_sgrade` (`grade_id`, `grade_name`, `goods_limit`, `space_limit`, `skin_limit`, `charge`, `need_confirm`, `description`, `functions`, `skins`, `sort_order`) VALUES
(1, '系统默认', 100, 1000, 1, '300元/年', 1, '测试用户请选择“默认等级”，可以立即开通。', 'editor_multimedia,groupbuy', 'default|default', 255),
(2, '认证店铺', 200, 1000, 5, '1500元/年', 1, '申请时需要上传身份证和营业执照复印件', 'editor_multimedia,coupon,groupbuy', 'default|default,default|style1,default|style2,default|style3,default|style4', 255);

-- --------------------------------------------------------

--
-- 表的结构 `ecm_shipping`
--

DROP TABLE IF EXISTS `ecm_shipping`;
CREATE TABLE IF NOT EXISTS `ecm_shipping` (
  `shipping_id` int(10) unsigned NOT NULL auto_increment,
  `store_id` int(10) unsigned NOT NULL default '0',
  `shipping_name` varchar(100) NOT NULL default '',
  `shipping_desc` varchar(255) default NULL,
  `first_price` decimal(10,2) NOT NULL default '0.00',
  `step_price` decimal(10,2) NOT NULL default '0.00',
  `cod_regions` text,
  `enabled` tinyint(3) unsigned NOT NULL default '1',
  `sort_order` tinyint(3) unsigned NOT NULL default '255',
  PRIMARY KEY  (`shipping_id`),
  KEY `store_id` (`store_id`)
) ENGINE=MyISAM  DEFAULT CHARSET=utf8 AUTO_INCREMENT=27 ;

--
-- 转存表中的数据 `ecm_shipping`
--

INSERT INTO `ecm_shipping` (`shipping_id`, `store_id`, `shipping_name`, `shipping_desc`, `first_price`, `step_price`, `cod_regions`, `enabled`, `sort_order`) VALUES
(1, 2, '平邮', '普通包裹邮寄', 5.00, 5.00, NULL, 1, 255),
(2, 2, '快递', '急速快递公司', 10.00, 10.00, 'a:1:{i:2;s:6:"中国";}', 1, 1),
(3, 2, 'EMS', '中国邮政特快专递，全国范围可达', 20.00, 10.00, NULL, 1, 3),
(4, 18, '顺丰快递', '', 25.00, 0.00, NULL, 1, 255),
(5, 4, '顺丰快递', '', 10.00, 0.00, NULL, 1, 255),
(6, 27, '自提', '', 0.00, 0.00, NULL, 1, 255),
(12, 23, '货到付款', '', 1.00, 0.00, NULL, 1, 255),
(13, 36, '货到付款', '', 1.00, 0.00, NULL, 1, 255),
(8, 33, '本地免费配送', '', 0.00, 0.00, 'a:1:{i:276;s:26:"中国	河南省	新乡市";}', 1, 255),
(9, 4, '货到付款', '', 0.00, 0.00, NULL, 1, 255),
(10, 2, '货到付款', '货物到达再付款', 0.00, 0.00, 'a:0:{}', 1, 255),
(11, 35, '自提', '需要自提', 1.00, 0.00, NULL, 1, 255),
(26, 54, '货到付款', '', 1.00, 0.00, NULL, 1, 255),
(15, 38, '货到付款', '', 1.00, 0.00, NULL, 1, 255),
(16, 39, '货到付款', '', 1.00, 0.00, NULL, 1, 255),
(17, 42, '货到付款', '', 1.00, 1.00, NULL, 1, 255),
(18, 44, 'zhuofuguojijin', '祝你购物愉快', 0.00, 0.00, NULL, 1, 255),
(19, 46, '货到付款', '', 1.00, 0.00, NULL, 1, 255),
(20, 47, '货到付款', '', 1.00, 0.00, NULL, 1, 255),
(21, 34, '货到付款', '', 1.00, 0.00, NULL, 1, 255),
(22, 49, '货到付款', '', 1.00, 0.00, NULL, 1, 255),
(23, 48, '货到付款', '', 1.00, 0.00, NULL, 1, 255),
(24, 52, '货到付款', '', 1.00, 0.00, NULL, 1, 255),
(25, 53, '货到付款', '', 1.00, 0.00, NULL, 1, 255);

-- --------------------------------------------------------

--
-- 表的结构 `ecm_store`
--

DROP TABLE IF EXISTS `ecm_store`;
CREATE TABLE IF NOT EXISTS `ecm_store` (
  `store_id` int(10) unsigned NOT NULL default '0',
  `store_name` varchar(100) NOT NULL default '',
  `owner_name` varchar(60) NOT NULL default '',
  `owner_card` varchar(60) NOT NULL default '',
  `region_id` int(10) unsigned default NULL,
  `region_name` varchar(100) default NULL,
  `address` varchar(255) NOT NULL default '',
  `zipcode` varchar(20) NOT NULL default '',
  `tel` varchar(60) NOT NULL default '',
  `sgrade` tinyint(3) unsigned NOT NULL default '0',
  `apply_remark` varchar(255) NOT NULL default '',
  `credit_value` int(10) NOT NULL default '0',
  `praise_rate` decimal(5,2) unsigned NOT NULL default '0.00',
  `domain` varchar(60) default NULL,
  `state` tinyint(3) unsigned NOT NULL default '0',
  `close_reason` varchar(255) NOT NULL default '',
  `add_time` int(10) unsigned default NULL,
  `end_time` int(10) unsigned NOT NULL default '0',
  `certification` varchar(255) default NULL,
  `sort_order` smallint(5) unsigned NOT NULL default '0',
  `recommended` tinyint(4) NOT NULL default '0',
  `theme` varchar(60) NOT NULL default '',
  `store_banner` varchar(255) default NULL,
  `store_banner2` varchar(255) NOT NULL,
  `store_logo` varchar(255) default NULL,
  `store_recom_pic` varchar(255) NOT NULL,
  `description` text,
  `image_1` varchar(255) NOT NULL default '',
  `image_2` varchar(255) NOT NULL default '',
  `image_3` varchar(255) NOT NULL default '',
  `im_qq` varchar(60) NOT NULL default '',
  `im_ww` varchar(60) NOT NULL default '',
  `im_msn` varchar(60) NOT NULL default '',
  `enable_groupbuy` tinyint(1) unsigned NOT NULL default '0',
  `enable_radar` tinyint(1) unsigned NOT NULL default '1',
  PRIMARY KEY  (`store_id`),
  KEY `store_name` (`store_name`),
  KEY `owner_name` (`owner_name`),
  KEY `region_id` (`region_id`),
  KEY `domain` (`domain`)
) ENGINE=MyISAM DEFAULT CHARSET=utf8;

--
-- 转存表中的数据 `ecm_store`
--

INSERT INTO `ecm_store` (`store_id`, `store_name`, `owner_name`, `owner_card`, `region_id`, `region_name`, `address`, `zipcode`, `tel`, `sgrade`, `apply_remark`, `credit_value`, `praise_rate`, `domain`, `state`, `close_reason`, `add_time`, `end_time`, `certification`, `sort_order`, `recommended`, `theme`, `store_banner`, `store_banner2`, `store_logo`, `store_recom_pic`, `description`, `image_1`, `image_2`, `image_3`, `im_qq`, `im_ww`, `im_msn`, `enable_groupbuy`, `enable_radar`) VALUES
(2, '灯具大世界', '张老板', '123456789012345678', 276, '中国	河南省	新乡市', '光彩大市场', '453000', '0373-888888', 2, '', 6, 85.71, '', 1, '', 1249543819, 0, '', 5, 1, 'default|default', NULL, '', NULL, 'data/files/mall/storerecompic/53d5bd0c75c89.jpg', '', '', '', '', '79749135', '小默苏儿', '', 0, 0),
(4, 'shop1', 'shop1', '', 0, '', '', '', '232113231312321', 2, '', 0, 0.00, '', 1, '', 1404566477, 0, '', 4, 1, '', 'data/files/store_4/other/store_banner.jpg', '', 'data/files/store_4/other/store_logo.png', 'data/files/mall/storerecompic/53d5bd2fdc9be.jpg', '<p><img src="http://rmall.net/data/files/store_4/other/201407051333487187.jpg" alt="ef8944cd0fbcd17f24cd22a10bd5f83b.jpg" /></p>', '', '', '', '', '', '', 0, 0),
(6, 'ddewfsfvrevbtbyt', 'test1', '1321231232132', 43, '中国	上海市	徐汇区', 'fewfregtrhyt', '323213', '2323135443645', 1, '', 0, 0.00, NULL, 1, '', 1405023416, 0, NULL, 3, 1, '', NULL, '', NULL, 'data/files/mall/storerecompic/53d5bd4711cf2.jpg', NULL, '', '', '', '', '', '', 0, 1),
(7, 'asfsfregr', 'test2test2', '213323443', 266, '中国	河南省	洛阳市', 'fewgbhtredadf', '23243', '213453432233442', 1, '', 0, 0.00, NULL, 1, '', 1405023507, 0, NULL, 2, 1, '', NULL, '', NULL, 'data/files/mall/storerecompic/53d5bda8f0d63.jpg', NULL, '', '', '', '', '', '', 0, 1),
(8, 'dawfffegrfgd', 'test3test3', '24334t3434', 239, '中国	江西省	新余市', 'sSAASFSFD', '23653', '12431443455434', 1, '', 0, 0.00, NULL, 1, '', 1405023612, 0, NULL, 1, 1, '', NULL, '', NULL, 'data/files/mall/storerecompic/53d5bdc18083e.jpg', NULL, '', '', '', '', '', '', 0, 1),
(27, '新乡市诺贝尔瓷砖', '绳金宝', '230902197903152416', 276, '中国	河南省	新乡市', '新乡市红旗渠新美家建材广场北侧', '453000', '0373-3809044', 1, '', 0, 0.00, '', 1, '', 1408465626, 0, 'autonym,material', 0, 0, '', 'data/files/store_27/other/store_banner.jpg', 'data/files/store_27/other/store_banner2.jpg', NULL, '', '', 'data/files/mall/application/store_27_1.jpg', 'data/files/mall/application/store_27_2.jpg', '', '', '', '', 0, 0),
(17, 'sdwdwedew', 'ceshishop1', '23123123231', 4, '中国	北京市	东城', 'gresdd', '32131', '2312321234', 1, '', 0, 0.00, '', 1, '', 1406495372, 0, NULL, 0, 1, '', 'data/files/store_17/other/store_banner.jpg', 'data/files/store_17/other/store_banner2.jpg', NULL, '', '', '', '', '', '', '', '', 0, 0),
(18, '意大利罗玛诺尔国际陶瓷', '意大利罗玛诺尔国际陶瓷集团（中国）有限公司', '', 322, '中国	广东省	佛山', '新乡市金穗大道东段嘉艺新闻大厦26楼2611室', '453000', '0373-3805091', 2, '', 0, 0.00, '', 1, '', 1406915250, 0, 'autonym', 0, 1, '', 'data/files/store_18/other/store_banner.jpg', 'data/files/store_18/other/store_banner2.jpg', 'data/files/store_18/other/store_logo.jpg', 'data/files/mall/storerecompic/53df304584aa9.jpg', '<div style="padding: 0px; margin: 0px; color: #7a7a7a; font-family: Arial, Helvetica, sans-serif; font-size: 12px; font-style: normal; font-variant: normal; font-weight: normal; letter-spacing: normal; line-height: 22px; orphans: 2; text-align: start; text-indent: 0px; text-transform: none; white-space: normal; widows: 2; word-spacing: 0px; -webkit-text-size-adjust: none; -webkit-text-stroke-width: 0px;">\r\n<p style="padding: 0px; margin: 0px; list-style: none;"><span>&nbsp;</span>&nbsp;&nbsp;&nbsp;&nbsp;&nbsp;&nbsp; 意大利罗玛诺尔国际陶瓷集团(中国)有限公司是一家集产品研发，生产，销售为一体的高科技绿色环保节能新型陶瓷企业。</p>\r\n<p>&nbsp;&nbsp;&nbsp;&nbsp;&nbsp;&nbsp;&nbsp;公司拥有亚洲一流烧制水平的摩德纳宽体窑炉，西班牙纯进口二代喷墨机以及尖端的专业技术研发人员，全力打造出高规格的高档仿古全抛釉系列、洞石系列、抛晶微晶、玉石系列。公司追求科技时尚的人性化产品研发理念，引领社会发展步伐，以人为本，不断创新，不断满足消费者对于产品的功能需求和审美需求，以独特的花色品种，精良的品质，突出的个性特质和引领潮流的研发，深受用户喜爱，产品畅销国内外多个城市和地区。<br style="padding: 0px; margin: 0px; color: #7a7a7a; font-family: Arial, Helvetica, sans-serif; font-size: 12px; font-style: normal; font-variant: normal; font-weight: normal; letter-spacing: normal; line-height: 22px; orphans: 2; text-align: start; text-indent: 0px; text-transform: none; white-space: normal; widows: 2; word-spacing: 0px; -webkit-text-size-adjust: none; -webkit-text-stroke-width: 0px;" /><strong style="padding: 0px; margin: 0px; color: #7a7a7a; font-family: Arial, Helvetica, sans-serif; font-size: 12px; font-style: normal; font-variant: normal; letter-spacing: normal; line-height: 22px; orphans: 2; text-align: start; text-indent: 0px; text-transform: none; white-space: normal; widows: 2; word-spacing: 0px; -webkit-text-size-adjust: none; -webkit-text-stroke-width: 0px;">关于我们：</strong><br style="padding: 0px; margin: 0px; color: #7a7a7a; font-family: Arial, Helvetica, sans-serif; font-size: 12px; font-style: normal; font-variant: normal; font-weight: normal; letter-spacing: normal; line-height: 22px; orphans: 2; text-align: start; text-indent: 0px; text-transform: none; white-space: normal; widows: 2; word-spacing: 0px; -webkit-text-size-adjust: none; -webkit-text-stroke-width: 0px;" /><span style="color: #7a7a7a; font-family: Arial, Helvetica, sans-serif; font-size: 12px; font-style: normal; font-variant: normal; font-weight: normal; letter-spacing: normal; line-height: 22px; orphans: 2; text-align: start; text-indent: 0px; text-transform: none; white-space: normal; widows: 2; word-spacing: 0px; -webkit-text-size-adjust: none; -webkit-text-stroke-width: 0px; display: inline !important; float: none;">&nbsp; &nbsp; &nbsp; &nbsp;中国工程建设重点推广应用产品</span><br style="padding: 0px; margin: 0px; color: #7a7a7a; font-family: Arial, Helvetica, sans-serif; font-size: 12px; font-style: normal; font-variant: normal; font-weight: normal; letter-spacing: normal; line-height: 22px; orphans: 2; text-align: start; text-indent: 0px; text-transform: none; white-space: normal; widows: 2; word-spacing: 0px; -webkit-text-size-adjust: none; -webkit-text-stroke-width: 0px;" /><span style="color: #7a7a7a; font-family: Arial, Helvetica, sans-serif; font-size: 12px; font-style: normal; font-variant: normal; font-weight: normal; letter-spacing: normal; line-height: 22px; orphans: 2; text-align: start; text-indent: 0px; text-transform: none; white-space: normal; widows: 2; word-spacing: 0px; -webkit-text-size-adjust: none; -webkit-text-stroke-width: 0px; display: inline !important; float: none;">&nbsp; &nbsp; &nbsp; &nbsp;中国陶瓷行业十大品牌</span><br style="padding: 0px; margin: 0px; color: #7a7a7a; font-family: Arial, Helvetica, sans-serif; font-size: 12px; font-style: normal; font-variant: normal; font-weight: normal; letter-spacing: normal; line-height: 22px; orphans: 2; text-align: start; text-indent: 0px; text-transform: none; white-space: normal; widows: 2; word-spacing: 0px; -webkit-text-size-adjust: none; -webkit-text-stroke-width: 0px;" /><span style="color: #7a7a7a; font-family: Arial, Helvetica, sans-serif; font-size: 12px; font-style: normal; font-variant: normal; font-weight: normal; letter-spacing: normal; line-height: 22px; orphans: 2; text-align: start; text-indent: 0px; text-transform: none; white-space: normal; widows: 2; word-spacing: 0px; -webkit-text-size-adjust: none; -webkit-text-stroke-width: 0px; display: inline !important; float: none;">&nbsp; &nbsp; &nbsp; &nbsp;中国绿色环保建材产品</span></p>\r\n</div>', '', '', '', '', '', '', 0, 0),
(23, '森顿家居', '苗建房', '410726197409276636', 276, '中国	河南省	新乡市', '新乡市红太阳家私B区6号', '453000', '0373-6333072', 1, '', 0, 0.00, '', 1, '', 1408471334, 0, 'autonym,material', 0, 1, '', 'data/files/store_23/other/store_banner.jpg', 'data/files/store_23/other/store_banner2.jpg', NULL, '', '', 'data/files/mall/application/store_23_1.jpg', '', '', '', '', '', 0, 0),
(30, '全鑫门业', '贾新海', '410727198605185011', 276, '中国	河南省	新乡市', '光彩市场B区4栋2526号', '453000', '15037305280', 1, '', 0, 0.00, '', 1, '', 1408918190, 0, 'autonym', 65535, 1, '', NULL, '', NULL, '', NULL, 'data/files/mall/application/store_30_1.jpg', '', '', '', '', '', 0, 1),
(29, '三棵松家居', '秦树娟', '410704197801130043', 276, '中国	河南省	新乡市', '新乡市红太阳正被门东侧', '453000', '15893831190', 1, '', 0, 0.00, '', 1, '', 1408659103, 0, '', 65535, 0, '', NULL, '', NULL, '', NULL, 'data/files/mall/application/store_29_1.jpg', '', '', '', '', '', 0, 1),
(33, '新乡物联智能家居体验中心', '张涵', '410726198709181211', 276, '中国	河南省	新乡市', '新乡金穗大道与新中大道交叉口向西100米路北新闻大厦1802室', '453000', '18790693495', 2, '', 0, 0.00, '', 1, '', 1409330604, 0, 'autonym', 0, 1, '', 'data/files/store_33/other/store_banner.jpg', 'data/files/store_33/other/store_banner2.jpg', 'data/files/store_33/other/store_logo.jpg', '', '', '', '', '', '', '', '', 0, 0),
(34, '鑫迪家美尚品本色木门', '王爱峡', '410721197809270020', 276, '中国	河南省	新乡市', '新乡市居然之家5楼-015号/新乡市光彩市场B区9栋46号', '453000', '15225993551', 1, '', 0, 0.00, '', 1, '', 1409507357, 0, 'autonym', 0, 1, '', NULL, 'data/files/store_34/other/store_banner2.jpg', NULL, '', '', 'data/files/mall/application/store_34_1.jpg', '', '', '398296733', '', '', 0, 0),
(35, '三菱重工空调新乡体验店', '时艳翠', '410727198404253841', 276, '中国	河南省	新乡市', '新乡市开发区纺织路祥瑞花园东邻', '453000', '13283720909', 1, '', 0, 0.00, '', 1, '', 1409702934, 0, 'autonym,material', 0, 1, '', 'data/files/store_35/other/store_banner.jpg', 'data/files/store_35/other/store_banner2.jpg', NULL, '', '', '', '', '', '644144491', '', '', 0, 0),
(36, '小憨豆家居', '魏银兰', '410711196705121023', 276, '中国	河南省	新乡市', '河南省新乡市红旗区平原乡马小营村', '453000', '13839051437', 1, '', 0, 0.00, '', 1, '', 1410281500, 0, 'autonym', 0, 1, '', 'data/files/store_36/other/store_banner.jpg', 'data/files/store_36/other/store_banner2.jpg', NULL, '', '', 'data/files/mall/application/store_36_1.JPG', '', '', '648140115', '', '', 0, 0),
(54, '诺贝尔瓷砖专卖', '绳金宝', '230902197903152416', 276, '中国	河南省	新乡市', '新乡市红旗渠新美家建材广场北侧', '453000', '15736915777', 1, '', 0, 0.00, '', 1, '', 1412056360, 0, 'autonym', 0, 1, '', 'data/files/store_54/other/store_banner.jpg', 'data/files/store_54/other/store_banner2.jpg', NULL, '', '', 'data/files/mall/application/store_54_1.jpg', '', '', '', '', '', 0, 0),
(38, '格兰布朗', '李贞', '410726198502282023', 276, '中国	河南省	新乡市', '新乡市金穗大道与新飞大道东北角好易家建材商城D02铺', '453000', '15903036307', 1, '', 0, 0.00, '', 1, '', 1410391561, 0, 'autonym,material', 0, 1, '', 'data/files/store_38/other/store_banner.jpg', 'data/files/store_38/other/store_banner2.jpg', NULL, '', '', '', '', '', '441201804', '', '', 0, 0),
(39, '云歌家居', '胡秋连', '410928198206040621', 276, '中国	河南省	新乡市', '豫北家具大世界二楼附10号', '453000', '15936520669', 1, '', 0, 0.00, '', 1, '', 1410929287, 0, 'autonym,material', 0, 1, '', 'data/files/store_39/other/store_banner.jpg', 'data/files/store_39/other/store_banner2.jpg', NULL, '', '', 'data/files/mall/application/store_39_1.JPG', '', '', '', '', '', 0, 0),
(42, '新乡豫海商贸有限公司', '朱锁', '410703198308303519', 276, '中国	河南省	新乡市', '国际饭店向西100米五星座D座20楼', '453000', '0373-6370212', 1, '', 0, 0.00, '', 1, '', 1411459523, 0, 'autonym,material', 0, 1, '', NULL, 'data/files/store_42/other/store_banner2.jpg', NULL, '', '', 'data/files/mall/application/store_42_1.jpg', '', '', '', '', '', 0, 0),
(44, '卓福国际金门', '王义博', '410727198902164436', 276, '中国	河南省	新乡市', '光彩市场B区12栋5-6号', '453000', '15903880761', 1, '', 0, 0.00, '', 1, '', 1411606943, 0, 'autonym,material', 0, 1, '', NULL, 'data/files/store_44/other/store_banner2.png', NULL, '', '<p><span style="font-size: large;">&nbsp;广东省</span><span class="c1"><span style="font-size: large;">佛山市南海卓福</span><a class="jkey" href="http://www.jc001.cn/tag-menye/" target="_blank"><span style="font-size: large;">门业</span></a><span style="font-size: large;">有限公司是一家集</span><a class="jkey" href="http://www.jc001.cn/tag-lvhejin/" target="_blank"><span style="font-size: large;">铝合金</span></a><span style="font-size: large;">装饰门开发生产销售为一体的龙头企业.创立于2002年,坐落于产业配套完善的中国广东佛山市南海区松夏工业园,交通便利.公司以钛镁铝合金门为主导产品,产品一直致力于研发和设计理念更新,并积极弘扬中国门文化,运用无限创意,引领时尚潮流最新产品,为当代高品位</span><a class="jkey" href="http://www.jc001.cn/tag-jiaj/" target="_blank"><span style="font-size: large;">家居</span></a><span style="font-size: large;">生活增添了无限乐趣<img src="http://rmall.net/data/files/store_44/other/201409290253561524.png" alt="60.png" /></span></span></p>', 'data/files/mall/application/store_44_1.jpg', '', '', '449096608', '', '', 1, 0),
(45, '卡多利亚锁具', '白俊英', '142324197303213129', 276, '中国	河南省	新乡市', '光彩大市场B区26栋9-10号', '453000', '13938731695', 1, '', 0, 0.00, '', 1, '', 1411609664, 0, 'autonym,material', 0, 1, '', 'data/files/store_45/other/store_banner.jpg', 'data/files/store_45/other/store_banner2.jpg', NULL, '', '', 'data/files/mall/application/store_45_1.jpg', '', '', '', '', '', 0, 0),
(46, '雷士照明', '李万娥', '410711197409101540', 276, '中国	河南省	新乡市', '新乡市光彩大市场西门雷士照明', '453000', '0373-5078833   13373755789', 1, '', 0, 0.00, '', 1, '', 1411631498, 0, 'autonym,material', 0, 1, '', 'data/files/store_46/other/store_banner.jpg', 'data/files/store_46/other/store_banner2.jpg', NULL, '', '', 'data/files/mall/application/store_46_1.jpg', '', '', '', '', '', 0, 0),
(47, '中宇卫浴', '王惠芳', '410702196012062028', 276, '中国	河南省	新乡市', '平原路与和平路交叉口居然之家1-008', '453000', '13462258046', 1, '', 0, 0.00, '', 1, '', 1411641090, 0, 'autonym,material', 0, 1, '', 'data/files/store_47/other/store_banner.jpg', 'data/files/store_47/other/store_banner2.jpg', NULL, '', '', 'data/files/mall/application/store_47_1.jpg', 'data/files/mall/application/store_47_2.jpg', '', '', '', '', 0, 0),
(48, '索菲亚衣柜', '杨超', '410724198803271018', 276, '中国	河南省	新乡市', '平原路与和平大道交叉口居然之家3楼3-004', '453000', '15036634521', 1, '', 0, 0.00, '', 1, '', 1411642007, 0, 'autonym,material', 0, 1, '', 'data/files/store_48/other/store_banner.jpg', 'data/files/store_48/other/store_banner2.jpg', NULL, '', '', 'data/files/mall/application/store_48_1.jpg', '', '', '', '', '', 0, 0),
(49, '奥茵地板', '李芳', '410726199004226226', 276, '中国	河南省	新乡市', '光彩市场b区18栋12号', '453000', '15837333117', 1, '', 0, 0.00, '', 1, '', 1411642310, 0, 'autonym,material', 0, 1, '', 'data/files/store_49/other/store_banner.jpg', 'data/files/store_49/other/store_banner2.jpg', NULL, '', '', 'data/files/mall/application/store_49_1.jpg', '', '', '', '', '', 0, 0),
(50, '新乡市元居装饰有限公司', '王凯', '', 276, '中国	河南省	新乡市', '平原路与新一街十字东北角 ', '453000', '0373-2077077', 1, '', 0, 0.00, '', 1, '', 1411698568, 0, 'autonym', 0, 1, '', 'data/files/store_50/other/store_banner.jpg', 'data/files/store_50/other/store_banner2.jpg', NULL, '', '<p>元居装饰是一家集设计、施工、建材销售与售后为一体的专业化装修装饰企业，为客户提供专业，高效、个性化的环保家居体验，打造最具考究的品质。成立以来，公司一直追求创新、严谨的服务模式，倡导&ldquo;创新以人为本，做健康品质家居&rdquo;的理念，涵盖了设计，选材、装修、配饰等一站式服务的每个环节，对每一个步骤更是做到管家式跟踪服务，更专业，更用心，让每一个客户都能找到符合自己定位的家装方案，为客户真正做到了便捷，省心，放心，深受广大消费者的赞誉和信赖。在几年里，业务进一步拓展，更是涉及了酒店、餐饮、会所、娱乐等商业空间，是新乡装饰行业中最具品牌价值的装饰企业之一，元居装饰缔造健康品质生活。</p>\r\n<p>&nbsp;</p>\r\n<p>&nbsp;</p>\r\n<p>&nbsp;</p>\r\n<p class="p0" style="text-indent: 30pt; margin-bottom: 0pt; margin-top: 0pt; ">&nbsp;</p>', '', '', '', '1171191921', '', '', 0, 0),
(52, '顽皮狗家居', '李玲', '410711199001281065', 0, '', '', '453000', '13462388108', 1, '', 0, 0.00, '', 1, '', 1411892560, 0, 'autonym', 0, 1, '', NULL, 'data/files/store_52/other/store_banner2.jpg', NULL, '', '', 'data/files/mall/application/store_52_1.JPG', '', '', '', '', '', 1, 0),
(53, '兰氏门窗', '申法梅', '410702000015191', 276, '中国	河南省	新乡市', '居然之家5楼5-020', '453000', '15560287615', 1, '', 0, 0.00, '', 1, '', 1411893137, 0, 'autonym', 0, 1, '', 'data/files/store_53/other/store_banner.jpg', 'data/files/store_53/other/store_banner2.jpg', NULL, '', '', '', '', '', '', '', '', 1, 0),
(41, '保利暖通', '许云龙', '410711197606071512', 276, '中国	河南省	新乡市', '新乡市平原路居然之家', '453000', '0373-3727732    15565230979', 1, '', 0, 0.00, '', 1, '', 1411961554, 0, 'autonym,material', 0, 1, '', 'data/files/store_41/other/store_banner.jpg', '', NULL, '', '', 'data/files/mall/application/store_41_1.jpg', '', '', '', '', '', 1, 0),
(61, '北京木林森木门', '庚磊', '420321199109223812', 276, '中国	河南省	新乡市', '新乡市居然之家5楼5-055', '453000', '18738379817', 1, '', 0, 0.00, '', 1, '', 1412823010, 0, 'autonym', 0, 1, '', 'data/files/store_61/other/store_banner.jpg', 'data/files/store_61/other/store_banner2.jpg', NULL, '', '', '', '', '', '437993835', '', '', 1, 0);

-- --------------------------------------------------------

--
-- 表的结构 `ecm_uploaded_file`
--

DROP TABLE IF EXISTS `ecm_uploaded_file`;
CREATE TABLE IF NOT EXISTS `ecm_uploaded_file` (
  `file_id` int(10) unsigned NOT NULL auto_increment,
  `store_id` int(10) unsigned NOT NULL default '0',
  `file_type` varchar(60) NOT NULL default '',
  `file_size` int(10) unsigned NOT NULL default '0',
  `file_name` varchar(255) NOT NULL default '',
  `file_path` varchar(255) NOT NULL default '',
  `add_time` int(10) unsigned NOT NULL default '0',
  `belong` tinyint(3) unsigned NOT NULL default '0',
  `item_id` int(10) unsigned NOT NULL default '0',
  PRIMARY KEY  (`file_id`),
  KEY `store_id` (`store_id`)
) ENGINE=MyISAM  DEFAULT CHARSET=utf8 AUTO_INCREMENT=883 ;

--
-- 转存表中的数据 `ecm_uploaded_file`
--

INSERT INTO `ecm_uploaded_file` (`file_id`, `store_id`, `file_type`, `file_size`, `file_name`, `file_path`, `add_time`, `belong`, `item_id`) VALUES
(169, 2, 'image/jpeg', 64425, '未标题-6.jpg', 'data/files/store_2/goods_123/201407231745237300.jpg', 1406079923, 2, 1),
(194, 2, 'image/png', 379069, '181.png', 'data/files/store_2/goods_113/201407241125136624.png', 1406143513, 2, 40),
(195, 2, 'image/png', 452675, '182.png', 'data/files/store_2/goods_115/201407241125157365.png', 1406143515, 2, 40),
(196, 2, 'image/png', 460990, '183.png', 'data/files/store_2/goods_120/201407241125207131.png', 1406143520, 2, 40),
(197, 2, 'image/png', 439846, '184.png', 'data/files/store_2/goods_191/201407241126314532.png', 1406143591, 2, 40),
(198, 2, 'image/jpeg', 67993, '19.jpg', 'data/files/store_2/goods_71/201407241141119895.jpg', 1406144471, 2, 41),
(182, 2, 'image/jpeg', 58031, '14.jpg', 'data/files/store_2/goods_142/201407231812229670.jpg', 1406081542, 2, 2),
(183, 2, 'image/png', 86722, '14.png', 'data/files/store_2/goods_36/201407231813567980.png', 1406081636, 2, 2),
(184, 2, 'image/png', 143377, '141.png', 'data/files/store_2/goods_36/201407231813561626.png', 1406081636, 2, 2),
(179, 2, 'image/jpeg', 49637, '13.jpg', 'data/files/store_2/goods_22/201407231807024491.jpg', 1406081222, 2, 3),
(180, 2, 'image/png', 689132, '13.png', 'data/files/store_2/goods_81/201407231808015017.png', 1406081281, 2, 3),
(181, 2, 'image/png', 697730, '131.png', 'data/files/store_2/goods_84/201407231808041577.png', 1406081284, 2, 3),
(185, 2, 'image/png', 323366, '142.png', 'data/files/store_2/goods_37/201407231813577537.png', 1406081637, 2, 2),
(176, 2, 'image/jpeg', 58761, '12.jpg', 'data/files/store_2/goods_19/201407231803397101.jpg', 1406081019, 2, 4),
(177, 2, 'image/png', 346493, '12.png', 'data/files/store_2/goods_69/201407231804292025.png', 1406081069, 2, 4),
(178, 2, 'image/png', 193968, '121.png', 'data/files/store_2/goods_69/201407231804297612.png', 1406081069, 2, 4),
(186, 2, 'image/jpeg', 87642, '15.jpg', 'data/files/store_2/goods_122/201407231818424767.jpg', 1406081922, 2, 38),
(187, 2, 'image/png', 371077, '15.png', 'data/files/store_2/goods_129/201407231818495516.png', 1406081929, 2, 38),
(188, 2, 'image/jpeg', 71079, '17.jpg', 'data/files/store_2/goods_54/201407241104149960.jpg', 1406142254, 2, 39),
(174, 2, 'image/jpeg', 93953, '11.jpg', 'data/files/store_2/goods_2/201407231800023341.jpg', 1406080802, 2, 5),
(173, 2, 'image/jpeg', 64999, '10.jpg', 'data/files/store_2/goods_74/201407231757544160.jpg', 1406080674, 2, 6),
(175, 2, 'image/png', 448751, '11.png', 'data/files/store_2/goods_67/201407231801073578.png', 1406080867, 2, 5),
(189, 2, 'image/png', 304198, '170.png', 'data/files/store_2/goods_150/201407241105501654.png', 1406142350, 2, 39),
(172, 2, 'image/jpeg', 72880, '未标题-9.jpg', 'data/files/store_2/goods_114/201407231755149892.jpg', 1406080514, 2, 7),
(190, 2, 'image/png', 354319, '171.png', 'data/files/store_2/goods_150/201407241105506694.png', 1406142350, 2, 39),
(191, 2, 'image/png', 163751, '172.png', 'data/files/store_2/goods_150/201407241105506151.png', 1406142350, 2, 39),
(171, 2, 'image/jpeg', 103683, '未标题-8.jpg', 'data/files/store_2/goods_158/201407231752386750.jpg', 1406080358, 2, 8),
(192, 2, 'image/jpeg', 118588, '18.jpg', 'data/files/store_2/goods_92/201407241124521744.jpg', 1406143492, 2, 40),
(170, 2, 'image/jpeg', 68084, '未标题-7.jpg', 'data/files/store_2/goods_11/201407231750112971.jpg', 1406080211, 2, 9),
(193, 2, 'image/png', 514767, '180.png', 'data/files/store_2/goods_113/201407241125136285.png', 1406143513, 2, 40),
(167, 2, 'image/jpeg', 72070, '未标题-5.jpg', 'data/files/store_2/goods_36/201407231737161861.jpg', 1406079436, 2, 10),
(168, 2, 'image/jpeg', 200556, '未标题-51.jpg', 'data/files/store_2/goods_178/201407231739381229.jpg', 1406079578, 2, 10),
(199, 2, 'image/png', 442829, '190.png', 'data/files/store_2/goods_156/201407241142361413.png', 1406144556, 2, 41),
(200, 2, 'image/png', 540900, '191.png', 'data/files/store_2/goods_156/201407241142363564.png', 1406144556, 2, 41),
(165, 2, 'image/jpeg', 42431, '未标题-4.jpg', 'data/files/store_2/goods_93/201407231731333095.jpg', 1406079093, 2, 11),
(162, 2, 'image/jpeg', 81579, '未标题-3.jpg', 'data/files/store_2/goods_104/201407231721448733.jpg', 1406078504, 2, 12),
(164, 2, 'image/jpeg', 336056, '未标题-31.jpg', 'data/files/store_2/goods_56/201407231724166453.jpg', 1406078656, 2, 12),
(160, 2, 'image/jpeg', 80651, '未标题-2.jpg', 'data/files/store_2/goods_58/201407231710588433.jpg', 1406077858, 2, 13),
(161, 2, 'image/jpeg', 289845, '未标题-21.jpg', 'data/files/store_2/goods_193/201407231716337600.jpg', 1406078193, 2, 13),
(166, 2, 'image/jpeg', 279065, '未标题-41.jpg', 'data/files/store_2/goods_122/201407231732032507.jpg', 1406079123, 2, 11),
(158, 2, 'image/jpeg', 72690, '未标题-1.jpg', 'data/files/store_2/goods_11/201407231600111941.jpg', 1406073612, 2, 14),
(159, 2, 'image/jpeg', 1110597, '未标题-11.jpg', 'data/files/store_2/goods_144/201407231609042926.jpg', 1406074144, 2, 14),
(156, 2, 'image/jpeg', 164874, '苏泊尔CFXB40FC118-75智能电饭煲4L预约饭锅正品包邮特价.jpg', 'data/files/store_2/goods_143/201407231512234085.jpg', 1406070743, 2, 15),
(153, 2, 'image/jpeg', 261348, '苏泊尔不锈钢蒸锅三层304复底蒸笼SZ26B4锅具26cm电磁炉明火通用.jpg', 'data/files/store_2/goods_197/201407231456373486.jpg', 1406069797, 2, 16),
(151, 2, 'image/jpeg', 113555, '2.jpg', 'data/files/store_2/goods_84/201407211454442252.jpg', 1405896884, 2, 17),
(152, 2, 'image/jpeg', 2033036, '3.jpg', 'data/files/store_2/goods_110/201407211455103088.jpg', 1405896910, 2, 17),
(149, 2, 'image/jpeg', 69875, '111.jpg', 'data/files/store_2/goods_28/201407191640284883.jpg', 1405730428, 2, 18),
(150, 2, 'image/jpeg', 1864497, '1.jpg', 'data/files/store_2/goods_105/201407191645059264.jpg', 1405730705, 2, 18),
(154, 2, 'image/jpeg', 817318, '苏泊尔不锈钢蒸锅三层304复底蒸笼SZ26B4锅具26cm电磁炉明火通用1.jpg', 'data/files/store_2/goods_33/201407231500335476.jpg', 1406070033, 2, 16),
(147, 2, 'image/jpeg', 66420, '111.jpg', 'data/files/store_2/goods_54/201407191617348233.jpg', 1405729054, 2, 19),
(148, 2, 'image/jpeg', 157363, '1.jpg', 'data/files/store_2/goods_30/201407191623503709.jpg', 1405729430, 2, 19),
(145, 2, 'image/jpeg', 88409, '111.jpg', 'data/files/store_2/goods_151/201407191539115271.jpg', 1405726751, 2, 20),
(146, 2, 'image/jpeg', 579683, '1.jpg', 'data/files/store_2/goods_164/201407191539241590.jpg', 1405726764, 2, 20),
(155, 2, 'image/jpeg', 958733, '未标题-3.jpg', 'data/files/store_2/goods_40/201407231500408888.jpg', 1406070040, 2, 16),
(143, 2, 'image/jpeg', 88409, '111.jpg', 'data/files/store_2/goods_145/201407191525453837.jpg', 1405725945, 2, 21),
(144, 2, 'image/jpeg', 579683, '1.jpg', 'data/files/store_2/goods_150/201407191529101372.jpg', 1405726150, 2, 21),
(157, 2, 'image/jpeg', 546462, '苏泊尔CFXB40FC118-75智能电饭煲4L预约饭锅正品包邮特价1.jpg', 'data/files/store_2/goods_51/201407231520516453.jpg', 1406071251, 2, 15),
(127, 2, 'image/png', 280978, '22.png', 'data/files/store_2/goods_14/201407151510141923.png', 1405379414, 2, 22),
(128, 2, 'image/png', 324222, '33.png', 'data/files/store_2/goods_15/201407151510155999.png', 1405379415, 2, 22),
(65, 2, 'image/jpeg', 16541, '79ef35e6f2e347fa.jpg', 'data/files/store_2/goods_64/200908060954245662.jpg', 1249552464, 2, 23),
(66, 2, 'image/jpeg', 16314, '4eed1f55e152588a.jpg', 'data/files/store_2/goods_72/200908060954323544.jpg', 1249552472, 2, 23),
(67, 2, 'image/jpeg', 23479, 'c9e640d5eb45e295.jpg', 'data/files/store_2/goods_86/200908060954465326.jpg', 1249552486, 2, 23),
(134, 2, 'image/pjpeg', 90425, 'small_201407151519025196.jpg', 'data/files/store_2/goods_170/201407160942503860.jpg', 1405446170, 2, 24),
(138, 2, 'image/pjpeg', 90425, 'small_201407151519025196.jpg', 'data/files/store_2/goods_161/201407170852414720.jpg', 1405529561, 2, 25),
(139, 2, 'image/jpeg', 90425, 'small_201407151519025196.jpg', 'data/files/store_2/goods_109/201407181531498803.jpg', 1405639909, 2, 37),
(140, 2, 'image/jpeg', 90425, 'small_201407151519025196.jpg', 'data/files/store_2/goods_121/201407181532018547.jpg', 1405639921, 2, 37),
(751, 42, 'image/jpeg', 43618, 'HZO`CHKK{B6)LQ8J2(H_5X0.jpg', 'data/files/store_42/goods_62/201409230954221786.jpg', 1411466062, 2, 214),
(744, 42, 'image/jpeg', 26558, 'LEUGSF}0)U%4B~H~8S7L1UG.jpg', 'data/files/store_42/goods_148/201409230919085494.jpg', 1411463948, 2, 213),
(743, 42, 'image/jpeg', 2094325, 'BCD-432WDCU.jpg', 'data/files/store_42/goods_194/201409230909547132.jpg', 1411463394, 2, 212),
(742, 42, 'image/jpeg', 112595, '10.jpg', 'data/files/store_42/goods_171/201409230909314377.jpg', 1411463371, 2, 212),
(130, 2, 'image/png', 389713, '55.png', 'data/files/store_2/goods_20/201407151510209467.png', 1405379420, 2, 22),
(129, 2, 'image/png', 585244, '44.png', 'data/files/store_2/goods_16/201407151510161407.png', 1405379416, 2, 22),
(125, 2, 'image/jpeg', 314701, '22.jpg', 'data/files/store_2/goods_6/201407121000069548.jpg', 1405101606, 2, 27),
(126, 2, 'image/pjpeg', 105077, '11.jpg', 'data/files/store_2/goods_164/201407151506049687.jpg', 1405379164, 2, 22),
(124, 2, 'image/jpeg', 34213, '111.jpg', 'data/files/store_2/goods_92/201407120958124612.jpg', 1405101492, 2, 27),
(123, 2, 'image/jpeg', 1828657, '22.jpg', 'data/files/store_2/goods_173/201407120942533179.jpg', 1405100573, 2, 28),
(118, 2, 'image/png', 974307, '22.png', 'data/files/store_2/goods_184/201407111023044440.png', 1405016584, 2, 29),
(117, 2, 'image/jpeg', 166975, '11.jpg', 'data/files/store_2/goods_149/201407111022296552.jpg', 1405016549, 2, 29),
(101, 2, 'image/jpeg', 51774, '269集成吊顶 空调型风暖加双灯暖浴霸--艺美家.jpg', 'data/files/store_2/goods_10/201407100940102501.jpg', 1404927610, 2, 30),
(102, 2, 'image/jpeg', 87432, '11.jpg', 'data/files/store_2/goods_181/201407100956215230.jpg', 1404928581, 2, 34),
(104, 2, 'image/png', 664803, '22.png', 'data/files/store_2/goods_102/201407101001422030.png', 1404928902, 2, 34),
(116, 2, 'image/jpeg', 95555, '11.jpg', 'data/files/store_2/goods_60/201407111017401965.jpg', 1405016260, 2, 31),
(88, 4, 'image/jpeg', 470771, 'cbd9f6990e54ac2fcd3c22f095ca291e.jpg', 'data/files/store_4/other/201407051333482556.jpg', 1404567228, 3, 4),
(89, 4, 'image/jpeg', 267292, 'ef8944cd0fbcd17f24cd22a10bd5f83b.jpg', 'data/files/store_4/other/201407051333487187.jpg', 1404567228, 3, 4),
(90, 4, 'image/jpeg', 176513, 'f4b3440e4afc9420e399da63dcfea555.jpg', 'data/files/store_4/other/201407051333482689.jpg', 1404567228, 3, 4),
(91, 4, 'image/jpeg', 489746, 'f047948c9de7eae5dd4eb4021b5f9ab2.jpg', 'data/files/store_4/other/201407051333481136.jpg', 1404567228, 3, 4),
(110, 2, 'image/png', 383988, '22.png', 'data/files/store_2/goods_44/201407110930441718.png', 1405013444, 2, 32),
(119, 2, 'image/png', 1074372, '33.png', 'data/files/store_2/goods_193/201407111023139037.png', 1405016593, 2, 29),
(107, 2, 'image/png', 542766, '22.png', 'data/files/store_2/goods_99/201407101038194921.png', 1404931099, 2, 33),
(103, 2, 'image/png', 1303262, 'QQ截图20140710100255.png', 'data/files/store_2/goods_88/201407101001281090.png', 1404928888, 2, 34),
(105, 2, 'image/png', 1100035, '33.png', 'data/files/store_2/goods_158/201407101002384631.png', 1404928958, 2, 34),
(100, 2, 'image/jpeg', 51774, '269集成吊顶 空调型风暖加双灯暖浴霸--艺美家.jpg', 'data/files/store_2/goods_126/201407100938463926.jpg', 1404927526, 2, 30),
(106, 2, 'image/jpeg', 93021, '11.jpg', 'data/files/store_2/goods_0/201407101036408039.jpg', 1404931000, 2, 33),
(108, 2, 'image/png', 710341, '33.png', 'data/files/store_2/goods_115/201407101038353307.png', 1404931115, 2, 33),
(263, 2, 'image/jpeg', 97836, '12.jpg', 'data/files/store_2/goods_76/201407241707569956.jpg', 1406164076, 2, 32),
(111, 2, 'image/png', 384095, '33.png', 'data/files/store_2/goods_62/201407110931028586.png', 1405013462, 2, 32),
(112, 2, 'image/png', 331834, '44.png', 'data/files/store_2/goods_77/201407110931173264.png', 1405013477, 2, 32),
(113, 2, 'image/png', 552941, '55.png', 'data/files/store_2/goods_92/201407110931323474.png', 1405013492, 2, 32),
(114, 2, 'image/png', 529565, '66.png', 'data/files/store_2/goods_107/201407110931476167.png', 1405013507, 2, 32),
(115, 2, 'image/jpeg', 95555, '11.jpg', 'data/files/store_2/goods_39/201407111017197262.jpg', 1405016239, 2, 31),
(120, 2, 'image/png', 789557, '44.png', 'data/files/store_2/goods_1/201407111023219926.png', 1405016601, 2, 29),
(121, 2, 'image/png', 591497, '55.png', 'data/files/store_2/goods_7/201407111023275044.png', 1405016607, 2, 29),
(122, 2, 'image/jpeg', 59065, '111.jpg', 'data/files/store_2/goods_139/201407120942193679.jpg', 1405100539, 2, 28),
(132, 2, 'image/x-png', 280978, '22.png', 'data/files/store_2/goods_173/201407151519336890.png', 1405379973, 2, 35),
(137, 2, 'image/pjpeg', 90425, 'small_201407151519025196.jpg', 'data/files/store_2/goods_93/201407161101332256.jpg', 1405450893, 2, 35),
(135, 2, 'image/pjpeg', 90425, 'small_201407151519025196.jpg', 'data/files/store_2/goods_1/201407160943219571.jpg', 1405446201, 2, 24),
(142, 2, 'image/jpeg', 1427647, '1.jpg', 'data/files/store_2/goods_149/201407191512298903.jpg', 1405725149, 2, 36),
(141, 2, 'image/jpeg', 71925, '111.jpg', 'data/files/store_2/goods_120/201407191508409497.jpg', 1405724920, 2, 36),
(201, 2, 'image/png', 160358, '192.png', 'data/files/store_2/goods_158/201407241142383187.png', 1406144558, 2, 41),
(202, 2, 'image/png', 241795, '193.png', 'data/files/store_2/goods_161/201407241142412090.png', 1406144561, 2, 41),
(203, 2, 'image/png', 218333, '194.png', 'data/files/store_2/goods_164/201407241142446511.png', 1406144564, 2, 41),
(205, 2, 'image/jpeg', 64037, '20.jpg', 'data/files/store_2/goods_25/201407241153455083.jpg', 1406145225, 2, 42),
(206, 2, 'image/png', 405254, '201.png', 'data/files/store_2/goods_99/201407241154596308.png', 1406145299, 2, 42),
(207, 2, 'image/png', 386854, '202.png', 'data/files/store_2/goods_110/201407241155109977.png', 1406145310, 2, 42),
(208, 2, 'image/png', 482446, '203.png', 'data/files/store_2/goods_119/201407241155192711.png', 1406145319, 2, 42),
(209, 2, 'image/png', 39822, '204.png', 'data/files/store_2/goods_120/201407241155203315.png', 1406145320, 2, 42),
(210, 2, 'image/png', 178788, '205.png', 'data/files/store_2/goods_123/201407241155237967.png', 1406145323, 2, 42),
(211, 2, 'image/png', 235305, '206.png', 'data/files/store_2/goods_129/201407241155293998.png', 1406145329, 2, 42),
(212, 2, 'image/png', 269069, '207.png', 'data/files/store_2/goods_132/201407241155329451.png', 1406145332, 2, 42),
(213, 2, 'image/png', 268400, '208.png', 'data/files/store_2/goods_139/201407241155395309.png', 1406145339, 2, 42),
(214, 2, 'image/png', 241758, '209.png', 'data/files/store_2/goods_144/201407241155442735.png', 1406145344, 2, 42),
(215, 2, 'image/png', 316821, '210.png', 'data/files/store_2/goods_151/201407241155512737.png', 1406145351, 2, 42),
(216, 2, 'image/png', 99587, '211.png', 'data/files/store_2/goods_154/201407241155546281.png', 1406145354, 2, 42),
(217, 2, 'image/jpeg', 121879, '21.jpg', 'data/files/store_2/goods_22/201407241520226511.jpg', 1406157622, 2, 43),
(218, 2, 'image/png', 444283, '211.png', 'data/files/store_2/goods_91/201407241521312708.png', 1406157691, 2, 43),
(219, 2, 'image/png', 423164, '212.png', 'data/files/store_2/goods_91/201407241521317016.png', 1406157691, 2, 43),
(220, 2, 'image/png', 245296, '213.png', 'data/files/store_2/goods_92/201407241521323892.png', 1406157692, 2, 43),
(221, 2, 'image/png', 292582, '214.png', 'data/files/store_2/goods_94/201407241521345211.png', 1406157694, 2, 43),
(222, 2, 'image/png', 183278, '215.png', 'data/files/store_2/goods_96/201407241521365336.png', 1406157696, 2, 43),
(223, 2, 'image/png', 190928, '216.png', 'data/files/store_2/goods_98/201407241521381268.png', 1406157698, 2, 43),
(224, 2, 'image/png', 301929, '217.png', 'data/files/store_2/goods_100/201407241521409016.png', 1406157700, 2, 43),
(225, 2, 'image/png', 436061, '218.png', 'data/files/store_2/goods_104/201407241521443861.png', 1406157704, 2, 43),
(226, 2, 'image/png', 293451, '219.png', 'data/files/store_2/goods_107/201407241521471442.png', 1406157707, 2, 43),
(227, 2, 'image/png', 117274, '2101.png', 'data/files/store_2/goods_108/201407241521484433.png', 1406157708, 2, 43),
(228, 2, 'image/png', 216821, '2102.png', 'data/files/store_2/goods_98/201407241524584750.png', 1406157898, 2, 43),
(229, 2, 'image/png', 180189, '2103.png', 'data/files/store_2/goods_99/201407241524593082.png', 1406157899, 2, 43),
(230, 2, 'image/png', 130983, '2104.png', 'data/files/store_2/goods_99/201407241524599591.png', 1406157899, 2, 43),
(231, 2, 'image/png', 183685, '2105.png', 'data/files/store_2/goods_99/201407241524592801.png', 1406157899, 2, 43),
(232, 2, 'image/png', 211375, '2106.png', 'data/files/store_2/goods_100/201407241525007423.png', 1406157900, 2, 43),
(233, 2, 'image/png', 298000, '2107.png', 'data/files/store_2/goods_100/201407241525003042.png', 1406157900, 2, 43),
(234, 2, 'image/jpeg', 81032, '22.jpg', 'data/files/store_2/goods_91/201407241531317694.jpg', 1406158291, 2, 44),
(235, 2, 'image/jpeg', 1417566, '221.jpg', 'data/files/store_2/goods_111/201407241538312326.jpg', 1406158711, 2, 44),
(236, 2, 'image/jpeg', 1396042, '222.jpg', 'data/files/store_2/goods_129/201407241538492995.jpg', 1406158729, 2, 44),
(237, 2, 'image/jpeg', 61207, '23.jpg', 'data/files/store_2/goods_15/201407241543351085.jpg', 1406159015, 2, 45),
(238, 2, 'image/png', 137703, '231.png', 'data/files/store_2/goods_121/201407241545214215.png', 1406159121, 2, 45),
(239, 2, 'image/png', 268609, '232.png', 'data/files/store_2/goods_121/201407241545218641.png', 1406159121, 2, 45),
(240, 2, 'image/jpeg', 79105, '24.jpg', 'data/files/store_2/goods_100/201407241551406303.jpg', 1406159500, 2, 46),
(241, 2, 'image/png', 180365, '241.png', 'data/files/store_2/goods_163/201407241556034907.png', 1406159763, 2, 46),
(242, 2, 'image/png', 115034, '242.png', 'data/files/store_2/goods_163/201407241556035662.png', 1406159763, 2, 46),
(243, 2, 'image/png', 111793, '243.png', 'data/files/store_2/goods_163/201407241556032728.png', 1406159763, 2, 46),
(244, 2, 'image/png', 303241, '244.png', 'data/files/store_2/goods_164/201407241556044870.png', 1406159764, 2, 46),
(245, 2, 'image/png', 452667, '245.png', 'data/files/store_2/goods_164/201407241556045701.png', 1406159764, 2, 46),
(246, 2, 'image/png', 495894, '246.png', 'data/files/store_2/goods_169/201407241556095309.png', 1406159769, 2, 46),
(247, 2, 'image/png', 246059, '247.png', 'data/files/store_2/goods_171/201407241556116295.png', 1406159771, 2, 46),
(248, 2, 'image/png', 232954, '248.png', 'data/files/store_2/goods_173/201407241556132496.png', 1406159773, 2, 46),
(249, 2, 'image/png', 207195, '249.png', 'data/files/store_2/goods_175/201407241556157463.png', 1406159775, 2, 46),
(250, 2, 'image/png', 320082, '2401.png', 'data/files/store_2/goods_179/201407241556196080.png', 1406159779, 2, 46),
(251, 2, 'image/jpeg', 58247, '25.jpg', 'data/files/store_2/goods_108/201407241601482163.jpg', 1406160108, 2, 47),
(252, 2, 'image/png', 195593, '252.png', 'data/files/store_2/goods_59/201407241604194819.png', 1406160259, 2, 47),
(253, 2, 'image/png', 238994, '253.png', 'data/files/store_2/goods_59/201407241604198931.png', 1406160259, 2, 47),
(254, 2, 'image/jpeg', 98574, '26.jpg', 'data/files/store_2/goods_192/201407241609523150.jpg', 1406160592, 2, 48),
(255, 2, 'image/png', 396053, '250.png', 'data/files/store_2/goods_23/201407241613435167.png', 1406160823, 2, 48),
(256, 2, 'image/png', 127168, '251.png', 'data/files/store_2/goods_24/201407241613446099.png', 1406160824, 2, 48),
(257, 2, 'image/png', 537399, '252.png', 'data/files/store_2/goods_24/201407241613443315.png', 1406160824, 2, 48),
(258, 2, 'image/png', 404672, '253.png', 'data/files/store_2/goods_27/201407241613478886.png', 1406160827, 2, 48),
(259, 2, 'image/png', 659361, '254.png', 'data/files/store_2/goods_33/201407241613533041.png', 1406160833, 2, 48),
(260, 2, 'image/jpeg', 97846, '1.jpg', 'data/files/store_2/goods_137/201407241702174452.jpg', 1406163737, 2, 49),
(261, 2, 'image/png', 302655, '11.png', 'data/files/store_2/goods_98/201407241704584184.png', 1406163898, 2, 49),
(262, 2, 'image/png', 332841, '12.png', 'data/files/store_2/goods_99/201407241704596286.png', 1406163899, 2, 49),
(264, 2, 'image/jpeg', 97284, '13.jpg', 'data/files/store_2/goods_96/201407241718161631.jpg', 1406164696, 2, 50),
(265, 2, 'image/png', 156126, '2.png', 'data/files/store_2/goods_186/201407241719464948.png', 1406164786, 2, 50),
(266, 2, 'image/png', 282371, '3.png', 'data/files/store_2/goods_186/201407241719468313.png', 1406164786, 2, 50),
(267, 2, 'image/png', 366920, '4.png', 'data/files/store_2/goods_187/201407241719471334.png', 1406164787, 2, 50),
(268, 2, 'image/png', 386505, '5.png', 'data/files/store_2/goods_187/201407241719478822.png', 1406164787, 2, 50),
(269, 2, 'image/png', 334824, '6.png', 'data/files/store_2/goods_191/201407241719517315.png', 1406164791, 2, 50),
(270, 2, 'image/png', 352251, '7.png', 'data/files/store_2/goods_195/201407241719557290.png', 1406164795, 2, 50),
(271, 2, 'image/png', 233153, '8.png', 'data/files/store_2/goods_196/201407241719563308.png', 1406164796, 2, 50),
(272, 2, 'image/png', 88194, '9.png', 'data/files/store_2/goods_198/201407241719587445.png', 1406164798, 2, 50),
(273, 2, 'image/jpeg', 109828, '4.jpg', 'data/files/store_2/goods_195/201407251013159950.jpg', 1406225595, 2, 51),
(274, 2, 'image/png', 370368, '41.png', 'data/files/store_2/goods_106/201407251018263604.png', 1406225906, 2, 51),
(275, 2, 'image/png', 297331, '42.png', 'data/files/store_2/goods_107/201407251018276824.png', 1406225907, 2, 51),
(276, 2, 'image/png', 160295, '43.png', 'data/files/store_2/goods_107/201407251018276097.png', 1406225907, 2, 51),
(277, 2, 'image/png', 371679, '44.png', 'data/files/store_2/goods_108/201407251018286778.png', 1406225908, 2, 51),
(278, 2, 'image/png', 376373, '45.png', 'data/files/store_2/goods_111/201407251018317839.png', 1406225911, 2, 51),
(279, 2, 'image/png', 213339, '46.png', 'data/files/store_2/goods_113/201407251018331759.png', 1406225913, 2, 51),
(280, 2, 'image/png', 306429, '47.png', 'data/files/store_2/goods_116/201407251018367184.png', 1406225916, 2, 51),
(281, 2, 'image/png', 286755, '48.png', 'data/files/store_2/goods_119/201407251018392693.png', 1406225919, 2, 51),
(282, 2, 'image/png', 339720, '49.png', 'data/files/store_2/goods_122/201407251018422121.png', 1406225922, 2, 51),
(283, 2, 'image/png', 323752, '50.png', 'data/files/store_2/goods_125/201407251018459085.png', 1406225925, 2, 51),
(284, 2, 'image/png', 249114, '51.png', 'data/files/store_2/goods_127/201407251018472706.png', 1406225927, 2, 51),
(285, 2, 'image/png', 223743, '52.png', 'data/files/store_2/goods_129/201407251018493720.png', 1406225929, 2, 51),
(286, 2, 'image/png', 261980, '53.png', 'data/files/store_2/goods_132/201407251018525774.png', 1406225932, 2, 51),
(287, 2, 'image/jpeg', 133125, '5.jpg', 'data/files/store_2/goods_188/201407251026283573.jpg', 1406226388, 2, 52),
(288, 2, 'image/jpeg', 342766, '51.jpg', 'data/files/store_2/goods_9/201407251030099106.jpg', 1406226609, 2, 52),
(289, 2, 'image/jpeg', 590003, '52.jpg', 'data/files/store_2/goods_10/201407251030105257.jpg', 1406226610, 2, 52),
(290, 2, 'image/jpeg', 1063620, '53.jpg', 'data/files/store_2/goods_19/201407251030198361.jpg', 1406226619, 2, 52),
(291, 2, 'image/jpeg', 122605, '6.jpg', 'data/files/store_2/goods_28/201407251037087654.jpg', 1406227028, 2, 53),
(292, 2, 'image/jpeg', 584921, '61.jpg', 'data/files/store_2/goods_125/201407251038459402.jpg', 1406227125, 2, 53),
(293, 2, 'image/jpeg', 946248, '62.jpg', 'data/files/store_2/goods_132/201407251038522742.jpg', 1406227132, 2, 53),
(294, 2, 'image/jpeg', 159151, '7.jpg', 'data/files/store_2/goods_41/201407251507216293.jpg', 1406243241, 2, 54),
(295, 2, 'image/png', 438754, '71.png', 'data/files/store_2/goods_15/201407251510157340.png', 1406243415, 2, 54),
(296, 2, 'image/png', 346988, '72.png', 'data/files/store_2/goods_16/201407251510161955.png', 1406243416, 2, 54),
(297, 2, 'image/png', 493507, '73.png', 'data/files/store_2/goods_18/201407251510185660.png', 1406243418, 2, 54),
(298, 2, 'image/png', 502246, '74.png', 'data/files/store_2/goods_22/201407251510223052.png', 1406243422, 2, 54),
(299, 2, 'image/png', 460377, '75.png', 'data/files/store_2/goods_28/201407251510283728.png', 1406243428, 2, 54),
(300, 2, 'image/png', 182130, '76.png', 'data/files/store_2/goods_30/201407251510308266.png', 1406243430, 2, 54),
(301, 2, 'image/jpeg', 186162, '8.jpg', 'data/files/store_2/goods_104/201407251515049311.jpg', 1406243704, 2, 55),
(302, 2, 'image/jpeg', 514526, '81.jpg', 'data/files/store_2/goods_156/201407251515567003.jpg', 1406243756, 2, 55),
(303, 2, 'image/jpeg', 76931, '9.jpg', 'data/files/store_2/goods_129/201407251522097934.jpg', 1406244129, 2, 56),
(304, 2, 'image/jpeg', 841119, '91.jpg', 'data/files/store_2/goods_13/201407251523332841.jpg', 1406244213, 2, 56),
(305, 2, 'image/jpeg', 57285, '10.jpg', 'data/files/store_2/goods_173/201407251526136852.jpg', 1406244373, 2, 57),
(306, 2, 'image/jpeg', 841119, '91.jpg', 'data/files/store_2/goods_32/201407251527128219.jpg', 1406244432, 2, 57),
(307, 2, 'image/jpeg', 83892, '11.jpg', 'data/files/store_2/goods_79/201407251531197017.jpg', 1406244679, 2, 58),
(308, 2, 'image/jpeg', 700052, '121.jpg', 'data/files/store_2/goods_24/201407251533444219.jpg', 1406244824, 2, 58),
(309, 2, 'image/jpeg', 45219, '14.jpg', 'data/files/store_2/goods_29/201407251610299040.jpg', 1406247029, 2, 59),
(310, 2, 'image/jpeg', 708675, '141.jpg', 'data/files/store_2/goods_45/201407251614058469.jpg', 1406247245, 2, 59),
(311, 2, 'image/jpeg', 58037, '15.jpg', 'data/files/store_2/goods_10/201407251636507453.jpg', 1406248610, 2, 60),
(312, 2, 'image/png', 292447, '151.png', 'data/files/store_2/goods_78/201407251637582699.png', 1406248678, 2, 60),
(313, 18, 'image/jpeg', 44438, '1-13062G55QU91.jpg', 'data/files/store_18/other/201408021033571404.jpg', 1406918037, 3, 18),
(331, 18, 'image/jpeg', 132394, 'LM8039.jpg', 'data/files/store_18/goods_174/201408021736148364.jpg', 1406943374, 2, 74),
(330, 18, 'image/jpeg', 128925, 'LM8036.jpg', 'data/files/store_18/goods_82/201408021734436861.jpg', 1406943283, 2, 73),
(316, 4, 'image/jpeg', 69572, '未标题-1.jpg', 'data/files/store_4/goods_69/201408021444297455.jpg', 1406933069, 2, 62),
(317, 4, 'image/jpeg', 413513, '未标题-3.jpg', 'data/files/store_4/goods_6/201408021446464346.jpg', 1406933206, 2, 62),
(318, 4, 'image/jpeg', 25971, '未标题-1.jpg', 'data/files/store_4/goods_167/201408021459273938.jpg', 1406933967, 2, 63),
(319, 4, 'image/jpeg', 423010, '未标题-5.jpg', 'data/files/store_4/goods_163/201408021506034029.jpg', 1406934363, 2, 63),
(320, 4, 'image/jpeg', 33516, '未标题-1.jpg', 'data/files/store_4/goods_23/201408021520237670.jpg', 1406935223, 2, 64),
(321, 4, 'image/jpeg', 795852, '未标题-5.jpg', 'data/files/store_4/goods_188/201408021523081077.jpg', 1406935388, 2, 64),
(322, 18, 'image/jpeg', 191634, 'LM8021.jpg', 'data/files/store_18/goods_113/201408021711538456.jpg', 1406941913, 2, 65),
(323, 18, 'image/jpeg', 296371, 'LM8032.jpg', 'data/files/store_18/goods_73/201408021714337832.jpg', 1406942073, 2, 66),
(329, 18, 'image/jpeg', 296371, 'LM8032.jpg', 'data/files/store_18/goods_5/201408021733255378.jpg', 1406943205, 2, 72),
(328, 18, 'image/jpeg', 191634, 'LM8021.jpg', 'data/files/store_18/goods_26/201408021723461843.jpg', 1406942626, 2, 71),
(327, 18, 'image/jpeg', 177698, 'LM8010.jpg', 'data/files/store_18/goods_159/201408021722394496.jpg', 1406942559, 2, 70),
(332, 18, 'image/jpeg', 187593, 'LM8040.jpg', 'data/files/store_18/goods_193/201408021743131095.jpg', 1406943793, 2, 75),
(333, 18, 'image/jpeg', 163629, 'LM8041.jpg', 'data/files/store_18/goods_152/201408021745526904.jpg', 1406943952, 2, 76),
(334, 18, 'image/jpeg', 163629, 'LM8041.jpg', 'data/files/store_18/goods_10/201408021746507593.jpg', 1406944010, 2, 77),
(335, 18, 'image/jpeg', 230084, 'LM8051.jpg', 'data/files/store_18/goods_120/201408021748406558.jpg', 1406944120, 2, 78),
(336, 18, 'image/jpeg', 209989, 'LM8064.jpg', 'data/files/store_18/goods_154/201408021749148919.jpg', 1406944154, 2, 79),
(337, 18, 'image/jpeg', 162298, 'LM8065.jpg', 'data/files/store_18/goods_22/201408021750229153.jpg', 1406944222, 2, 80),
(338, 18, 'image/jpeg', 167679, 'LM8078.jpg', 'data/files/store_18/goods_101/201408021751419632.jpg', 1406944301, 2, 81),
(339, 18, 'image/jpeg', 131440, 'LM8079.jpg', 'data/files/store_18/goods_14/201408021756544779.jpg', 1406944614, 2, 82),
(340, 18, 'image/jpeg', 194534, 'LM8102.jpg', 'data/files/store_18/goods_47/201408040917278897.jpg', 1407086247, 2, 83),
(341, 18, 'image/jpeg', 222064, 'LM8103.jpg', 'data/files/store_18/goods_15/201408040920152058.jpg', 1407086415, 2, 84),
(342, 18, 'image/jpeg', 272204, 'LM8106.jpg', 'data/files/store_18/goods_164/201408040922444110.jpg', 1407086564, 2, 85),
(343, 18, 'image/jpeg', 272204, 'LM8106.jpg', 'data/files/store_18/goods_119/201408040925199436.jpg', 1407086719, 2, 86),
(344, 18, 'image/jpeg', 269365, 'LM8110.jpg', 'data/files/store_18/goods_99/201408040931398979.jpg', 1407087099, 2, 87),
(345, 18, 'image/jpeg', 232565, 'LM8115.jpg', 'data/files/store_18/goods_99/201408040934592687.jpg', 1407087299, 2, 88),
(346, 18, 'image/jpeg', 240931, 'LM8116.jpg', 'data/files/store_18/goods_86/201408040938066593.jpg', 1407087486, 2, 89),
(347, 18, 'image/jpeg', 215287, 'LM8122.jpg', 'data/files/store_18/goods_162/201408040939225315.jpg', 1407087562, 2, 90),
(348, 18, 'image/jpeg', 160642, 'LM8126.jpg', 'data/files/store_18/goods_17/201408040940178083.jpg', 1407087617, 2, 91),
(349, 18, 'image/jpeg', 198900, 'LM8129.jpg', 'data/files/store_18/goods_83/201408040941231800.jpg', 1407087683, 2, 92),
(350, 18, 'image/jpeg', 244148, 'LM8147.jpg', 'data/files/store_18/goods_170/201408041032505866.jpg', 1407090770, 2, 93),
(351, 2, 'image/jpeg', 72092, '12.jpg', 'data/files/store_2/goods_196/201408041516362013.jpg', 1407107796, 2, 94),
(352, 2, 'image/png', 678228, '11.png', 'data/files/store_2/goods_87/201408041518073542.png', 1407107887, 2, 94),
(353, 2, 'image/png', 698080, '22.png', 'data/files/store_2/goods_185/201408041519457366.png', 1407107985, 2, 94),
(354, 2, 'image/png', 602840, '33.png', 'data/files/store_2/goods_187/201408041519472784.png', 1407107987, 2, 94),
(355, 2, 'image/png', 417064, '44.png', 'data/files/store_2/goods_191/201408041519514766.png', 1407107991, 2, 94),
(356, 2, 'image/png', 420038, '55.png', 'data/files/store_2/goods_195/201408041519555685.png', 1407107995, 2, 94),
(357, 2, 'image/jpeg', 42594, '11.jpg', 'data/files/store_2/goods_148/201408041522285100.jpg', 1407108148, 2, 95),
(358, 2, 'image/jpeg', 506044, '22.jpg', 'data/files/store_2/goods_159/201408041525592778.jpg', 1407108359, 2, 95),
(359, 2, 'image/jpeg', 62787, '1添景欧式卧室门厅灯艺术吊灯酒吧LED餐厅吊灯铁艺灯具灯饰爱尔兰.jpg', 'data/files/store_2/goods_58/201408051127399721.jpg', 1407180459, 2, 96),
(360, 2, 'image/jpeg', 743356, '122.jpg', 'data/files/store_2/goods_173/201408051129336762.jpg', 1407180573, 2, 96),
(361, 2, 'image/jpeg', 857350, '133.jpg', 'data/files/store_2/goods_178/201408051129388912.jpg', 1407180578, 2, 96),
(362, 2, 'image/jpeg', 65972, '2水晶吊灯欧式奢华水晶灯吊灯水晶灯工程灯简约吊灯客厅房间吊灯1280.jpg', 'data/files/store_2/goods_182/201408051133022706.jpg', 1407180782, 2, 97),
(363, 2, 'image/jpeg', 1581779, '222.jpg', 'data/files/store_2/goods_99/201408051134597050.jpg', 1407180899, 2, 97),
(364, 2, 'image/jpeg', 61567, '3拓益现代简约橡木中式吸顶灯客厅LED灯餐厅卧室方形创意木质灯870.jpg', 'data/files/store_2/goods_160/201408051136009318.jpg', 1407180960, 2, 98),
(365, 2, 'image/jpeg', 858848, '322.jpg', 'data/files/store_2/goods_195/201408051136358160.jpg', 1407180995, 2, 98),
(366, 2, 'image/jpeg', 39539, '4添景特价欧式铁艺吸顶灯卧室书房灯厨房灯阳台灯过道灯具格雷特290.jpg', 'data/files/store_2/goods_39/201408051137191892.jpg', 1407181039, 2, 99),
(367, 2, 'image/jpeg', 223299, '422.jpg', 'data/files/store_2/goods_67/201408051137474602.jpg', 1407181067, 2, 99),
(368, 2, 'image/jpeg', 49868, '5添景欧式卧室门厅灯艺术吊灯酒吧LED餐厅吊灯铁艺灯具灯饰爱尔兰450.jpg', 'data/files/store_2/goods_132/201408051138523849.jpg', 1407181132, 2, 100),
(369, 2, 'image/jpeg', 902924, '522.jpg', 'data/files/store_2/goods_155/201408051139158772.jpg', 1407181155, 2, 100),
(370, 2, 'image/jpeg', 73786, '6添景特价灯饰包邮欧式雕花别墅复式三层中空大厅客厅吊灯格雷特4080.jpg', 'data/files/store_2/goods_196/201408051139567028.jpg', 1407181196, 2, 101),
(371, 2, 'image/jpeg', 596919, '622.jpg', 'data/files/store_2/goods_23/201408051140235972.jpg', 1407181223, 2, 101),
(372, 2, 'image/jpeg', 59919, '7美式全铜吊灯餐厅灯欧式纯铜拼花灯饰个性棋牌室灯节能环保书房灯780.jpg', 'data/files/store_2/goods_70/201408051141104466.jpg', 1407181270, 2, 102),
(373, 2, 'image/jpeg', 567886, '722.jpg', 'data/files/store_2/goods_94/201408051141357136.jpg', 1407181295, 2, 102),
(374, 2, 'image/jpeg', 32987, '9多乐士 乳胶漆 家丽安净味 内墙 油漆涂料 白色彩色墙面漆198.jpg', 'data/files/store_2/goods_55/201408051424151949.jpg', 1407191055, 2, 103),
(375, 2, 'image/jpeg', 697294, '922.jpg', 'data/files/store_2/goods_85/201408051424457499.jpg', 1407191085, 2, 103),
(376, 2, 'image/jpeg', 53979, '8仿云石欧式全铜吊灯客厅卧室酒店别墅餐厅美式艺术复古个性大吊灯2800.jpg', 'data/files/store_2/goods_146/201408051425461279.jpg', 1407191146, 2, 104),
(377, 2, 'image/jpeg', 524139, '822.jpg', 'data/files/store_2/goods_180/201408051426203276.jpg', 1407191180, 2, 104),
(378, 2, 'image/jpeg', 61007, '10立邦漆官方旗舰店 抗甲醛净味五合一套装 内墙面漆乳胶漆涂料油漆658.jpg', 'data/files/store_2/goods_45/201408051427255936.jpg', 1407191245, 2, 105),
(379, 2, 'image/jpeg', 743511, '1022.jpg', 'data/files/store_2/goods_77/201408051427572010.jpg', 1407191277, 2, 105),
(380, 2, 'image/jpeg', 49742, '11立邦漆乳胶漆净味120二合一墙漆内墙漆墙面漆18L白色油漆399.jpg', 'data/files/store_2/goods_119/201408051428399112.jpg', 1407191319, 2, 106),
(381, 2, 'image/jpeg', 1056333, '1122.jpg', 'data/files/store_2/goods_169/201408051429295053.jpg', 1407191369, 2, 106),
(382, 2, 'image/jpeg', 47897, '12立邦漆净享居竹炭易洁内墙净味乳胶漆墙面漆18L彩色白色涂料688.jpg', 'data/files/store_2/goods_5/201408051430058697.jpg', 1407191405, 2, 107),
(383, 2, 'image/jpeg', 911987, '1222.jpg', 'data/files/store_2/goods_33/201408051430333866.jpg', 1407191433, 2, 107),
(384, 2, 'image/jpeg', 46929, '13德国DGPOSY机械门锁室内304不锈钢门锁铜芯卧室房门锁具把手包邮129.jpg', 'data/files/store_2/goods_178/201408051432585679.jpg', 1407191578, 2, 108),
(385, 2, 'image/jpeg', 802367, '1322.jpg', 'data/files/store_2/goods_22/201408051433422025.jpg', 1407191622, 2, 108),
(386, 2, 'image/jpeg', 66193, '14卡贝门锁欧式门锁室内卧室房门锁卫生间执手锁具木门锁套装把手锁98.jpg', 'data/files/store_2/goods_79/201408051434391268.jpg', 1407191679, 2, 109),
(387, 2, 'image/jpeg', 57241, '15安戈洛五金门锁欧式门锁室内卧室房门锁卫生间执手锁具木门锁118.jpg', 'data/files/store_2/goods_155/201408051435553124.jpg', 1407191755, 2, 110),
(388, 2, 'image/jpeg', 1789396, '1522.jpg', 'data/files/store_2/goods_187/201408051436274254.jpg', 1407191787, 2, 110),
(389, 2, 'image/jpeg', 46144, '16卡贝门锁球形锁304不锈钢门锁室内房门锁卧室卫生间防盗执手锁具38.jpg', 'data/files/store_2/goods_22/201408051437026644.jpg', 1407191822, 2, 111),
(390, 2, 'image/jpeg', 60780, '17EPE正品欧式豪华卧室内房门执手五金锁具象牙白s套餐锁芯实木门锁68.jpg', 'data/files/store_2/goods_87/201408051438073668.jpg', 1407191887, 2, 112),
(391, 2, 'image/jpeg', 48081, '18宝雕双舌静音木门锁不锈钢门锁欧式金间黒简约室内门锁套装59.jpg', 'data/files/store_2/goods_147/201408051439079277.jpg', 1407191947, 2, 113),
(392, 2, 'image/jpeg', 65843, '11.jpg', 'data/files/store_2/goods_50/201408051454104175.jpg', 1407192850, 2, 114),
(393, 2, 'image/jpeg', 59831, '12.jpg', 'data/files/store_2/goods_0/201408051500001262.jpg', 1407193200, 2, 115),
(394, 2, 'image/jpeg', 44289, '13.jpg', 'data/files/store_2/goods_111/201408051505113849.jpg', 1407193511, 2, 116),
(395, 2, 'image/jpeg', 48709, '14.jpg', 'data/files/store_2/goods_42/201408051620421710.jpg', 1407198042, 2, 117),
(396, 2, 'image/jpeg', 38401, '15.jpg', 'data/files/store_2/goods_110/201408061458304081.jpg', 1407279510, 2, 118),
(397, 2, 'image/jpeg', 30015, '16.jpg', 'data/files/store_2/goods_72/201408061507527760.jpg', 1407280072, 2, 119),
(398, 2, 'image/jpeg', 41988, '17.jpg', 'data/files/store_2/goods_158/201408061515589375.jpg', 1407280558, 2, 120),
(399, 2, 'image/jpeg', 48440, '18.jpg', 'data/files/store_2/goods_90/201408061521307926.jpg', 1407280890, 2, 121),
(400, 2, 'image/jpeg', 51086, '19.jpg', 'data/files/store_2/goods_8/201408061526484392.jpg', 1407281208, 2, 122),
(401, 2, 'image/jpeg', 193752, 'ed6caa0fcc1be3450e1613df5de2d076.jpg', 'data/files/store_2/goods_96/201408080931362155.jpg', 1407432696, 2, 123),
(402, 2, 'image/jpeg', 47115, '1407088056335672577.jpg', 'data/files/store_2/goods_115/201408080931555375.jpg', 1407432715, 2, 123),
(405, 0, 'image/jpeg', 53231, '1.jpg', 'data/files/mall/article/201408160936249286.jpg', 1408124184, 1, 22),
(407, 0, 'image/jpeg', 118520, '2.jpg', 'data/files/mall/article/201408160953568856.jpg', 1408125236, 1, 22),
(409, 0, 'image/jpeg', 562461, '3.jpg', 'data/files/mall/article/201408161015588275.jpg', 1408126558, 1, 35),
(410, 18, 'image/jpeg', 1524770, 'P1030676.jpg', 'data/files/store_18/goods_22/201408190840223056.jpg', 1408380022, 2, 125),
(411, 18, 'image/jpeg', 927711, 'P1030675.jpg', 'data/files/store_18/goods_123/201408190842039796.jpg', 1408380123, 2, 125),
(412, 18, 'image/jpeg', 702373, 'P1030671.jpg', 'data/files/store_18/goods_127/201408190842076967.jpg', 1408380127, 2, 125),
(413, 18, 'image/jpeg', 45804, '场景展示.jpg', 'data/files/store_18/goods_74/201408190851141508.jpg', 1408380674, 2, 125),
(414, 18, 'image/jpeg', 234717, 'E家建材商城01.jpg', 'data/files/store_18/goods_190/201408190853106627.jpg', 1408380790, 2, 125),
(415, 18, 'image/jpeg', 45804, '场景展示.jpg', 'data/files/store_18/goods_88/201408190921281281.jpg', 1408382488, 2, 126),
(416, 18, 'image/jpeg', 234717, 'E家建材商城01.jpg', 'data/files/store_18/goods_119/201408190921599474.jpg', 1408382519, 2, 126),
(417, 18, 'image/jpeg', 1456447, 'P1030672.jpg', 'data/files/store_18/goods_196/201408190923168301.jpg', 1408382596, 2, 126),
(418, 18, 'image/jpeg', 1524770, 'P1030676.jpg', 'data/files/store_18/goods_17/201408190923377728.jpg', 1408382617, 2, 126),
(420, 18, 'image/jpeg', 343365, 'P1030718.JPG', 'data/files/store_18/goods_19/201408192330198623.JPG', 1408433419, 2, 93),
(421, 18, 'image/jpeg', 45804, '场景展示.jpg', 'data/files/store_18/goods_63/201408192331033771.jpg', 1408433463, 2, 93),
(422, 18, 'image/jpeg', 225580, 'P1030675.jpg', 'data/files/store_18/goods_186/201408192333061831.jpg', 1408433586, 2, 93),
(423, 27, 'image/jpeg', 880401, '333.jpg', 'data/files/store_27/goods_116/201408200841567820.jpg', 1408466516, 2, 127),
(424, 27, 'image/jpeg', 1444489, '222.jpg', 'data/files/store_27/goods_128/201408200842086046.jpg', 1408466528, 2, 127),
(425, 27, 'image/jpeg', 914497, 'ZS~@AGEQ8V}XYFRBF5HO{9T.jpg', 'data/files/store_27/goods_8/201408200846489356.jpg', 1408466808, 2, 127),
(426, 27, 'image/jpeg', 368607, 'P1030589.jpg', 'data/files/store_27/goods_24/201408200947045264.jpg', 1408470424, 2, 128),
(427, 27, 'image/jpeg', 368607, 'P1030589.jpg', 'data/files/store_27/goods_48/201408200947283106.jpg', 1408470448, 2, 128),
(428, 27, 'image/jpeg', 368607, 'P1030589.jpg', 'data/files/store_27/goods_55/201408200947359632.jpg', 1408470455, 2, 128),
(434, 27, 'image/jpeg', 248228, 'P1030612.JPG', 'data/files/store_27/goods_132/201408201042125993.JPG', 1408473732, 2, 128),
(435, 27, 'image/jpeg', 401891, 'P1030610.JPG', 'data/files/store_27/goods_152/201408201042329668.JPG', 1408473752, 2, 128),
(436, 27, 'image/jpeg', 147986, 'P1030611.JPG', 'data/files/store_27/goods_158/201408201042381169.JPG', 1408473758, 2, 128),
(437, 27, 'image/jpeg', 69299, 'F)0S]ZRW5)4ONCLVV27AYA1.jpg', 'data/files/store_27/goods_132/201408201045323442.jpg', 1408473932, 2, 128),
(444, 27, 'image/jpeg', 1797494, '珊瑚海 瓷砖客厅地砖全抛釉地板砖800x800 仿大理石防滑釉面墙砖-tmall.jpg', 'data/files/store_27/goods_135/201408201135355247.jpg', 1408476935, 2, 129),
(443, 27, 'image/jpeg', 89458, 'P1030596.jpg', 'data/files/store_27/goods_166/201408201116065869.jpg', 1408475766, 2, 129),
(446, 27, 'image/jpeg', 604457, '3.jpg', 'data/files/store_27/goods_152/201408201135527604.jpg', 1408476952, 2, 129),
(445, 27, 'image/jpeg', 1294156, '2.jpg', 'data/files/store_27/goods_146/201408201135466844.jpg', 1408476946, 2, 129),
(453, 27, 'image/jpeg', 584014, '3.jpg', 'data/files/store_27/goods_90/201408201511306842.jpg', 1408489890, 2, 131),
(454, 27, 'image/jpeg', 1257484, '2.jpg', 'data/files/store_27/goods_101/201408201511412196.jpg', 1408489901, 2, 131),
(455, 27, 'image/jpeg', 1405090, '珊瑚海 瓷砖客厅地砖全抛釉地板砖800x800 仿大理石防滑釉面墙砖-tmall.jpg', 'data/files/store_27/goods_19/201408201513396285.jpg', 1408490019, 2, 131),
(451, 27, 'image/jpeg', 69413, '1.jpg', 'data/files/store_27/goods_54/201408201510549016.jpg', 1408489854, 2, 131),
(456, 27, 'image/jpeg', 1916799, '蒙娜丽莎罗马天韵石大地砖8FMB1003价格_报价_图片_地砖_乐e家居.jpg', 'data/files/store_27/goods_197/201408201559578955.jpg', 1408492797, 2, 132),
(458, 27, 'image/jpeg', 69305, '1.jpg', 'data/files/store_27/goods_78/201408201601187209.jpg', 1408492878, 2, 132),
(459, 27, 'image/jpeg', 214486, 'IMG20140818151355.jpg', 'data/files/store_27/goods_22/201408201633424539.jpg', 1408494822, 2, 133),
(460, 27, 'image/jpeg', 228955, 'IMG20140818151229.jpg', 'data/files/store_27/goods_22/201408201633425250.jpg', 1408494822, 2, 133),
(461, 27, 'image/jpeg', 224696, 'IMG20140818151814.jpg', 'data/files/store_27/goods_49/201408201634091571.jpg', 1408494849, 2, 133),
(462, 27, 'image/jpeg', 266836, 'IMG20140818151258.jpg', 'data/files/store_27/goods_49/201408201634102877.jpg', 1408494850, 2, 133),
(463, 27, 'image/jpeg', 261764, 'IMG20140818151331.jpg', 'data/files/store_27/goods_50/201408201634105605.jpg', 1408494850, 2, 133),
(464, 27, 'image/jpeg', 505008, 'IMG20140818151433.jpg', 'data/files/store_27/goods_52/201408201634121850.jpg', 1408494852, 2, 133),
(465, 27, 'image/jpeg', 448299, 'IMG20140818151455.jpg', 'data/files/store_27/goods_55/201408201634154100.jpg', 1408494855, 2, 133),
(466, 27, 'image/jpeg', 205469, 'IMG20140818151648.jpg', 'data/files/store_27/goods_57/201408201634176933.jpg', 1408494857, 2, 133),
(467, 27, 'image/jpeg', 385872, 'IMG20140818151837.jpg', 'data/files/store_27/goods_138/201408201635383885.jpg', 1408494938, 2, 134),
(468, 27, 'image/jpeg', 328866, 'IMG20140818151727.jpg', 'data/files/store_27/goods_139/201408201635397950.jpg', 1408494939, 2, 134),
(469, 27, 'image/jpeg', 277034, 'IMG20140818152035.jpg', 'data/files/store_27/goods_172/201408201636125419.jpg', 1408494972, 2, 134),
(470, 27, 'image/jpeg', 385872, 'IMG20140818151837.jpg', 'data/files/store_27/goods_173/201408201636139062.jpg', 1408494973, 2, 134),
(471, 27, 'image/jpeg', 169444, 'IMG20140818152116.jpg', 'data/files/store_27/goods_50/201408201637303652.jpg', 1408495050, 2, 135),
(472, 27, 'image/jpeg', 180257, 'P1030504.JPG', 'data/files/store_27/goods_10/201408201643302641.JPG', 1408495410, 2, 135),
(473, 27, 'image/jpeg', 175709, 'P1030495.JPG', 'data/files/store_27/goods_11/201408201643313535.JPG', 1408495411, 2, 135),
(474, 27, 'image/jpeg', 173532, 'P1030496.JPG', 'data/files/store_27/goods_11/201408201643313564.JPG', 1408495411, 2, 135),
(475, 27, 'image/jpeg', 167882, 'P1030497.JPG', 'data/files/store_27/goods_12/201408201643321466.JPG', 1408495412, 2, 135),
(476, 27, 'image/jpeg', 171262, 'P1030498.JPG', 'data/files/store_27/goods_12/201408201643328683.JPG', 1408495412, 2, 135),
(477, 27, 'image/jpeg', 173878, 'P1030499.JPG', 'data/files/store_27/goods_13/201408201643335897.JPG', 1408495413, 2, 135),
(478, 27, 'image/jpeg', 178642, 'P1030501.JPG', 'data/files/store_27/goods_14/201408201643349533.JPG', 1408495414, 2, 135),
(479, 27, 'image/jpeg', 179964, 'P1030503.JPG', 'data/files/store_27/goods_14/201408201643346139.JPG', 1408495414, 2, 135),
(480, 27, 'image/jpeg', 8406, 'QQ浏览器截图_20140820164949_30590091D4B740d2B9A2176856341E42.jpg', 'data/files/store_27/goods_189/201408201646299485.jpg', 1408495589, 2, 135),
(481, 18, 'image/jpeg', 1449904, 'P1030672.jpg', 'data/files/store_18/goods_104/201408201925042870.jpg', 1408505104, 2, 136),
(482, 18, 'image/jpeg', 45804, '场景展示.jpg', 'data/files/store_18/goods_121/201408201925216493.jpg', 1408505121, 2, 136),
(483, 18, 'image/jpeg', 686752, '2.jpg', 'data/files/store_18/goods_17/201408202126571032.jpg', 1408512417, 2, 137),
(484, 18, 'image/jpeg', 548580, '地板样本.jpg', 'data/files/store_18/goods_60/201408202127405004.jpg', 1408512460, 2, 136),
(485, 18, 'image/jpeg', 686752, '2.jpg', 'data/files/store_18/goods_74/201408202127543042.jpg', 1408512474, 2, 136),
(487, 18, 'image/jpeg', 548580, '地板样本.jpg', 'data/files/store_18/goods_196/201408202129563815.jpg', 1408512596, 2, 137),
(488, 18, 'image/jpeg', 1449904, 'P1030672.jpg', 'data/files/store_18/goods_36/201408202130363059.jpg', 1408512636, 2, 137),
(521, 27, 'image/jpeg', 278477, '18.jpg', 'data/files/store_27/goods_28/201408202153483878.jpg', 1408514028, 2, 140),
(522, 27, 'image/jpeg', 125219, '19.jpg', 'data/files/store_27/goods_29/201408202153498806.jpg', 1408514029, 2, 140),
(523, 27, 'image/jpeg', 336747, 'E家建材商城06.jpg', 'data/files/store_27/goods_61/201408202154212778.jpg', 1408514061, 2, 140),
(520, 27, 'image/jpeg', 338518, '17.jpg', 'data/files/store_27/goods_26/201408202153467173.jpg', 1408514026, 2, 140),
(519, 27, 'image/jpeg', 281067, '16.jpg', 'data/files/store_27/goods_23/201408202153434059.jpg', 1408514023, 2, 140),
(518, 27, 'image/jpeg', 344122, '15.jpg', 'data/files/store_27/goods_20/201408202153405991.jpg', 1408514020, 2, 140),
(517, 27, 'image/jpeg', 198569, '08.jpg', 'data/files/store_27/goods_18/201408202153388199.jpg', 1408514018, 2, 140),
(516, 27, 'image/jpeg', 229973, '07.jpg', 'data/files/store_27/goods_16/201408202153377175.jpg', 1408514017, 2, 140),
(515, 27, 'image/jpeg', 200103, '06.jpg', 'data/files/store_27/goods_15/201408202153358721.jpg', 1408514015, 2, 140),
(514, 27, 'image/jpeg', 160963, '05.jpg', 'data/files/store_27/goods_13/201408202153333042.jpg', 1408514013, 2, 140),
(513, 27, 'image/jpeg', 230881, '04.jpg', 'data/files/store_27/goods_13/201408202153333474.jpg', 1408514013, 2, 140),
(512, 27, 'image/jpeg', 52193, '03.jpg', 'data/files/store_27/goods_12/201408202153328033.jpg', 1408514012, 2, 140),
(511, 27, 'image/jpeg', 212131, '02.jpg', 'data/files/store_27/goods_12/201408202153325349.jpg', 1408514012, 2, 140),
(510, 27, 'image/jpeg', 216963, '01.jpg', 'data/files/store_27/goods_11/201408202153319583.jpg', 1408514011, 2, 140),
(509, 27, 'image/jpeg', 252324, '20.jpg', 'data/files/store_27/goods_10/201408202153308847.jpg', 1408514010, 2, 140),
(508, 27, 'image/jpeg', 198005, 'QQ截图20140820153758.jpg', 'data/files/store_27/goods_9/201408202153294687.jpg', 1408514009, 2, 141),
(524, 27, 'image/jpeg', 252324, '20.jpg', 'data/files/store_27/goods_148/201408202155488491.jpg', 1408514148, 2, 141),
(525, 27, 'image/jpeg', 222884, '01.jpg', 'data/files/store_27/goods_148/201408202155483672.jpg', 1408514148, 2, 141),
(526, 27, 'image/jpeg', 266571, '02.jpg', 'data/files/store_27/goods_149/201408202155492991.jpg', 1408514149, 2, 141),
(527, 27, 'image/jpeg', 243324, '03.jpg', 'data/files/store_27/goods_150/201408202155506312.jpg', 1408514150, 2, 141),
(528, 27, 'image/jpeg', 136572, '04.jpg', 'data/files/store_27/goods_150/201408202155501213.jpg', 1408514150, 2, 141),
(529, 27, 'image/jpeg', 48623, '05.jpg', 'data/files/store_27/goods_151/201408202155516876.jpg', 1408514151, 2, 141),
(530, 27, 'image/jpeg', 251887, '06.jpg', 'data/files/store_27/goods_152/201408202155529634.jpg', 1408514152, 2, 141),
(531, 27, 'image/jpeg', 151150, '07.jpg', 'data/files/store_27/goods_153/201408202155535958.jpg', 1408514153, 2, 141),
(532, 27, 'image/jpeg', 222754, '08.jpg', 'data/files/store_27/goods_155/201408202155554757.jpg', 1408514155, 2, 141),
(533, 27, 'image/jpeg', 266817, '09.jpg', 'data/files/store_27/goods_158/201408202155586203.jpg', 1408514158, 2, 141),
(534, 27, 'image/jpeg', 48663, '10.jpg', 'data/files/store_27/goods_158/201408202155583496.jpg', 1408514158, 2, 141),
(535, 27, 'image/jpeg', 251887, '11.jpg', 'data/files/store_27/goods_160/201408202156003530.jpg', 1408514160, 2, 141),
(536, 27, 'image/jpeg', 243324, '12.jpg', 'data/files/store_27/goods_162/201408202156029658.jpg', 1408514162, 2, 141),
(537, 27, 'image/jpeg', 136349, '13.jpg', 'data/files/store_27/goods_163/201408202156035610.jpg', 1408514163, 2, 141),
(538, 27, 'image/jpeg', 151150, '14.jpg', 'data/files/store_27/goods_165/201408202156055053.jpg', 1408514165, 2, 141),
(539, 27, 'image/jpeg', 344122, '15.jpg', 'data/files/store_27/goods_168/201408202156084109.jpg', 1408514168, 2, 141),
(540, 27, 'image/jpeg', 281067, '16.jpg', 'data/files/store_27/goods_171/201408202156112420.jpg', 1408514171, 2, 141),
(541, 27, 'image/jpeg', 338518, '17.jpg', 'data/files/store_27/goods_173/201408202156134525.jpg', 1408514173, 2, 141),
(542, 27, 'image/jpeg', 278477, '18.jpg', 'data/files/store_27/goods_175/201408202156154981.jpg', 1408514175, 2, 141),
(543, 27, 'image/jpeg', 125219, '19.jpg', 'data/files/store_27/goods_177/201408202156178027.jpg', 1408514177, 2, 141),
(544, 27, 'image/jpeg', 131287, 'SH8600.jpg', 'data/files/store_27/goods_153/201408211005539086.jpg', 1408557953, 2, 142),
(545, 27, 'image/jpeg', 252324, '20.jpg', 'data/files/store_27/goods_18/201408211723381131.jpg', 1408584218, 2, 143),
(546, 27, 'image/jpeg', 246743, '白石26009S.jpg', 'data/files/store_27/goods_19/201408211723395006.jpg', 1408584219, 2, 143);
INSERT INTO `ecm_uploaded_file` (`file_id`, `store_id`, `file_type`, `file_size`, `file_name`, `file_path`, `add_time`, `belong`, `item_id`) VALUES
(547, 27, 'image/jpeg', 71451, '白石26009S1.jpg', 'data/files/store_27/goods_20/201408211723406319.jpg', 1408584220, 2, 143),
(548, 27, 'image/jpeg', 229857, '白石26009S2.jpg', 'data/files/store_27/goods_23/201408211723432527.jpg', 1408584223, 2, 143),
(549, 27, 'image/jpeg', 344122, '15.jpg', 'data/files/store_27/goods_31/201408211723514673.jpg', 1408584231, 2, 143),
(550, 27, 'image/jpeg', 281067, '16.jpg', 'data/files/store_27/goods_35/201408211723557772.jpg', 1408584235, 2, 143),
(551, 27, 'image/jpeg', 338518, '17.jpg', 'data/files/store_27/goods_42/201408211724023169.jpg', 1408584242, 2, 143),
(552, 27, 'image/jpeg', 278477, '18.jpg', 'data/files/store_27/goods_45/201408211724051851.jpg', 1408584245, 2, 143),
(553, 27, 'image/jpeg', 125219, '19.jpg', 'data/files/store_27/goods_48/201408211724088225.jpg', 1408584248, 2, 143),
(554, 27, 'image/jpeg', 246743, '白石26009S.jpg', 'data/files/store_27/goods_115/201408211725154416.jpg', 1408584315, 2, 143),
(555, 27, 'image/jpeg', 278477, '18.jpg', 'data/files/store_27/goods_40/201408211727208233.jpg', 1408584440, 2, 144),
(556, 27, 'image/jpeg', 125219, '19.jpg', 'data/files/store_27/goods_41/201408211727215989.jpg', 1408584441, 2, 144),
(557, 27, 'image/jpeg', 252324, '20.jpg', 'data/files/store_27/goods_46/201408211727267726.jpg', 1408584446, 2, 144),
(558, 27, 'image/jpeg', 250967, '75604S.jpg', 'data/files/store_27/goods_48/201408211727282754.jpg', 1408584448, 2, 144),
(559, 27, 'image/jpeg', 74493, '75604S1.jpg', 'data/files/store_27/goods_50/201408211727305469.jpg', 1408584450, 2, 144),
(560, 27, 'image/jpeg', 254423, '75604S2.jpg', 'data/files/store_27/goods_52/201408211727328550.jpg', 1408584452, 2, 144),
(561, 27, 'image/jpeg', 344122, '15.jpg', 'data/files/store_27/goods_53/201408211727334187.jpg', 1408584453, 2, 144),
(562, 27, 'image/jpeg', 281067, '16.jpg', 'data/files/store_27/goods_56/201408211727366428.jpg', 1408584456, 2, 144),
(563, 27, 'image/jpeg', 338518, '17.jpg', 'data/files/store_27/goods_59/201408211727398151.jpg', 1408584459, 2, 144),
(564, 27, 'image/jpeg', 250967, '75604S.jpg', 'data/files/store_27/goods_112/201408211728322998.jpg', 1408584512, 2, 144),
(565, 27, 'image/jpeg', 387811, '26010S.jpg', 'data/files/store_27/goods_177/201408211729371424.jpg', 1408584577, 2, 145),
(566, 27, 'image/jpeg', 252324, '20.jpg', 'data/files/store_27/goods_0/201408211730008770.jpg', 1408584600, 2, 145),
(567, 27, 'image/jpeg', 387811, '26010S.jpg', 'data/files/store_27/goods_2/201408211730026909.jpg', 1408584602, 2, 145),
(568, 27, 'image/jpeg', 477453, '26010S1.jpg', 'data/files/store_27/goods_5/201408211730053342.jpg', 1408584606, 2, 145),
(569, 27, 'image/jpeg', 344122, '15.jpg', 'data/files/store_27/goods_8/201408211730082896.jpg', 1408584608, 2, 145),
(570, 27, 'image/jpeg', 281067, '16.jpg', 'data/files/store_27/goods_10/201408211730101385.jpg', 1408584610, 2, 145),
(571, 27, 'image/jpeg', 338518, '17.jpg', 'data/files/store_27/goods_12/201408211730127521.jpg', 1408584612, 2, 145),
(572, 27, 'image/jpeg', 278477, '18.jpg', 'data/files/store_27/goods_14/201408211730146288.jpg', 1408584614, 2, 145),
(573, 27, 'image/jpeg', 125219, '19.jpg', 'data/files/store_27/goods_16/201408211730169890.jpg', 1408584616, 2, 145),
(574, 27, 'image/jpeg', 386299, 'WF26010.jpg', 'data/files/store_27/goods_117/201408211731578411.jpg', 1408584717, 2, 147),
(575, 27, 'image/jpeg', 393832, 'WF260102.jpg', 'data/files/store_27/goods_10/201408211733305542.jpg', 1408584810, 2, 147),
(576, 27, 'image/jpeg', 386299, 'WF26010.jpg', 'data/files/store_27/goods_16/201408211733369431.jpg', 1408584816, 2, 147),
(577, 27, 'image/jpeg', 62615, 'WF260101.jpg', 'data/files/store_27/goods_18/201408211733387049.jpg', 1408584818, 2, 147),
(578, 27, 'image/jpeg', 252324, '20.jpg', 'data/files/store_27/goods_22/201408211733426622.jpg', 1408584822, 2, 147),
(579, 27, 'image/jpeg', 344122, '15.jpg', 'data/files/store_27/goods_28/201408211733481833.jpg', 1408584828, 2, 147),
(580, 27, 'image/jpeg', 281067, '16.jpg', 'data/files/store_27/goods_43/201408211734034669.jpg', 1408584843, 2, 147),
(581, 27, 'image/jpeg', 338518, '17.jpg', 'data/files/store_27/goods_54/201408211734143682.jpg', 1408584854, 2, 147),
(582, 27, 'image/jpeg', 278477, '18.jpg', 'data/files/store_27/goods_64/201408211734242653.jpg', 1408584864, 2, 147),
(583, 27, 'image/jpeg', 125219, '19.jpg', 'data/files/store_27/goods_69/201408211734295441.jpg', 1408584869, 2, 147),
(584, 27, 'image/jpeg', 286904, 'W63173.jpg', 'data/files/store_27/goods_10/201408211736507718.jpg', 1408585010, 2, 148),
(585, 27, 'image/jpeg', 252324, '20.jpg', 'data/files/store_27/goods_30/201408211737107523.jpg', 1408585030, 2, 148),
(586, 27, 'image/jpeg', 286904, 'W63173.jpg', 'data/files/store_27/goods_31/201408211737116836.jpg', 1408585031, 2, 148),
(587, 27, 'image/jpeg', 68558, 'W631731.jpg', 'data/files/store_27/goods_32/201408211737128154.jpg', 1408585032, 2, 148),
(588, 27, 'image/jpeg', 394944, 'W631732.jpg', 'data/files/store_27/goods_35/201408211737155271.jpg', 1408585035, 2, 148),
(589, 27, 'image/jpeg', 344122, '15.jpg', 'data/files/store_27/goods_36/201408211737162290.jpg', 1408585036, 2, 148),
(590, 27, 'image/jpeg', 281067, '16.jpg', 'data/files/store_27/goods_37/201408211737171844.jpg', 1408585037, 2, 148),
(591, 27, 'image/jpeg', 338518, '17.jpg', 'data/files/store_27/goods_41/201408211737219506.jpg', 1408585041, 2, 148),
(592, 27, 'image/jpeg', 278477, '18.jpg', 'data/files/store_27/goods_43/201408211737236361.jpg', 1408585043, 2, 148),
(593, 27, 'image/jpeg', 125219, '19.jpg', 'data/files/store_27/goods_44/201408211737245479.jpg', 1408585044, 2, 148),
(598, 27, 'image/jpeg', 270766, '26008S.jpg', 'data/files/store_27/goods_161/201408211739216789.jpg', 1408585161, 2, 149),
(608, 27, 'image/jpeg', 270766, '26008S.jpg', 'data/files/store_27/goods_17/201408211743377525.jpg', 1408585417, 2, 150),
(599, 27, 'image/jpeg', 238483, '26008S2.jpg', 'data/files/store_27/goods_173/201408211739337194.jpg', 1408585173, 2, 149),
(609, 27, 'image/jpeg', 238483, '26008S2.jpg', 'data/files/store_27/goods_39/201408211743599050.jpg', 1408585439, 2, 150),
(600, 27, 'image/jpeg', 344122, '15.jpg', 'data/files/store_27/goods_173/201408211739333743.jpg', 1408585173, 2, 149),
(601, 27, 'image/jpeg', 281067, '16.jpg', 'data/files/store_27/goods_175/201408211739355008.jpg', 1408585175, 2, 149),
(602, 27, 'image/jpeg', 338518, '17.jpg', 'data/files/store_27/goods_177/201408211739374698.jpg', 1408585177, 2, 149),
(603, 27, 'image/jpeg', 278477, '18.jpg', 'data/files/store_27/goods_178/201408211739385402.jpg', 1408585178, 2, 149),
(604, 27, 'image/jpeg', 125219, '19.jpg', 'data/files/store_27/goods_179/201408211739395170.jpg', 1408585179, 2, 149),
(605, 27, 'image/jpeg', 252324, '20.jpg', 'data/files/store_27/goods_182/201408211739421007.jpg', 1408585182, 2, 149),
(606, 27, 'image/jpeg', 270766, '26008S.jpg', 'data/files/store_27/goods_185/201408211739458208.jpg', 1408585185, 2, 149),
(607, 27, 'image/jpeg', 69700, '26008S1.jpg', 'data/files/store_27/goods_185/201408211739459861.jpg', 1408585185, 2, 149),
(610, 27, 'image/jpeg', 344122, '15.jpg', 'data/files/store_27/goods_41/201408211744019141.jpg', 1408585441, 2, 150),
(611, 27, 'image/jpeg', 281067, '16.jpg', 'data/files/store_27/goods_43/201408211744037897.jpg', 1408585443, 2, 150),
(612, 27, 'image/jpeg', 338518, '17.jpg', 'data/files/store_27/goods_44/201408211744043689.jpg', 1408585444, 2, 150),
(613, 27, 'image/jpeg', 278477, '18.jpg', 'data/files/store_27/goods_46/201408211744064554.jpg', 1408585446, 2, 150),
(614, 27, 'image/jpeg', 125219, '19.jpg', 'data/files/store_27/goods_47/201408211744078320.jpg', 1408585447, 2, 150),
(615, 27, 'image/jpeg', 252324, '20.jpg', 'data/files/store_27/goods_47/201408211744072064.jpg', 1408585447, 2, 150),
(616, 27, 'image/jpeg', 270766, '26008S.jpg', 'data/files/store_27/goods_50/201408211744107083.jpg', 1408585450, 2, 150),
(617, 27, 'image/jpeg', 69700, '26008S1.jpg', 'data/files/store_27/goods_50/201408211744102457.jpg', 1408585451, 2, 150),
(618, 27, 'image/jpeg', 280671, 'Wf2600pk.jpg', 'data/files/store_27/goods_148/201408211745484619.jpg', 1408585548, 2, 151),
(619, 27, 'image/jpeg', 252324, '20.jpg', 'data/files/store_27/goods_180/201408211746216621.jpg', 1408585581, 2, 151),
(620, 27, 'image/jpeg', 280671, 'Wf2600pk.jpg', 'data/files/store_27/goods_184/201408211746242262.jpg', 1408585584, 2, 151),
(621, 27, 'image/jpeg', 68553, 'WF2600PX.jpg', 'data/files/store_27/goods_185/201408211746259940.jpg', 1408585585, 2, 151),
(622, 27, 'image/jpeg', 386299, 'WF26010.jpg', 'data/files/store_27/goods_185/201408211746258666.jpg', 1408585585, 2, 151),
(623, 27, 'image/jpeg', 344122, '15.jpg', 'data/files/store_27/goods_186/201408211746266960.jpg', 1408585586, 2, 151),
(624, 27, 'image/jpeg', 281067, '16.jpg', 'data/files/store_27/goods_188/201408211746282058.jpg', 1408585588, 2, 151),
(625, 27, 'image/jpeg', 338518, '17.jpg', 'data/files/store_27/goods_192/201408211746326735.jpg', 1408585592, 2, 151),
(626, 27, 'image/jpeg', 278477, '18.jpg', 'data/files/store_27/goods_194/201408211746344300.jpg', 1408585594, 2, 151),
(627, 27, 'image/jpeg', 125219, '19.jpg', 'data/files/store_27/goods_196/201408211746364759.jpg', 1408585596, 2, 151),
(628, 27, 'image/jpeg', 253604, 'rs80787.jpg', 'data/files/store_27/goods_19/201408211753399426.jpg', 1408586019, 2, 152),
(641, 27, 'image/jpeg', 125219, '19.jpg', 'data/files/store_27/goods_9/201408211833292065.jpg', 1408588409, 2, 152),
(639, 27, 'image/jpeg', 338518, '17.jpg', 'data/files/store_27/goods_7/201408211833276708.jpg', 1408588407, 2, 152),
(640, 27, 'image/jpeg', 278477, '18.jpg', 'data/files/store_27/goods_7/201408211833271000.jpg', 1408588408, 2, 152),
(638, 27, 'image/jpeg', 281067, '16.jpg', 'data/files/store_27/goods_4/201408211833242677.jpg', 1408588404, 2, 152),
(637, 27, 'image/jpeg', 344122, '15.jpg', 'data/files/store_27/goods_3/201408211833238856.jpg', 1408588403, 2, 152),
(636, 27, 'image/jpeg', 204121, 'rs807872.jpg', 'data/files/store_27/goods_2/201408211833228716.jpg', 1408588402, 2, 152),
(642, 27, 'image/jpeg', 252324, '20.jpg', 'data/files/store_27/goods_11/201408211833313844.jpg', 1408588411, 2, 152),
(643, 27, 'image/jpeg', 253604, 'rs80787.jpg', 'data/files/store_27/goods_13/201408211833335213.jpg', 1408588413, 2, 152),
(644, 27, 'image/jpeg', 62402, 'rs807871.jpg', 'data/files/store_27/goods_14/201408211833347143.jpg', 1408588414, 2, 152),
(645, 2, 'image/jpeg', 58205, 'lunbo1.jpg', 'data/files/store_2/goods_39/201408221140399758.jpg', 1408650039, 2, 153),
(646, 2, 'image/jpeg', 58205, 'lunbo1.jpg', 'data/files/store_2/goods_49/201408221140495501.jpg', 1408650049, 2, 153),
(648, 2, 'image/x-png', 19833, '180.png', 'data/files/store_2/goods_52/201408270907323821.png', 1409072852, 2, 154),
(649, 2, 'image/x-png', 19833, '180.png', 'data/files/store_2/goods_112/201408270911525644.png', 1409073112, 2, 155),
(650, 2, 'image/x-png', 19833, '180.png', 'data/files/store_2/goods_129/201408270912094001.png', 1409073129, 2, 155),
(651, 2, 'image/x-png', 19833, '180.png', 'data/files/store_2/goods_0/201408270913205319.png', 1409073200, 2, 156),
(652, 2, 'image/x-png', 19833, '180.png', 'data/files/store_2/goods_51/201408270914112403.png', 1409073251, 2, 157),
(692, 33, 'image/jpeg', 144451, '08a2118f-1108-4960-a086-59697d177497.jpg', 'data/files/store_33/goods_192/201409111449528487.jpg', 1410389392, 2, 174),
(687, 33, 'image/jpeg', 12366, 'gate.jpg', 'data/files/store_33/goods_175/201409061129357718.jpg', 1409945375, 2, 168),
(686, 33, 'image/png', 34053, '指纹锁.png', 'data/files/store_33/goods_168/201409061059286699.png', 1409943568, 2, 167),
(685, 23, 'image/jpeg', 245435, '守图.jpg', 'data/files/store_23/goods_165/201409061049256259.jpg', 1409942965, 2, 166),
(684, 23, 'image/jpeg', 1612370, '森顿沙发1.jpg', 'data/files/store_23/goods_196/201409061046369530.jpg', 1409942796, 2, 166),
(683, 23, 'image/jpeg', 1365829, '森顿沙发2.jpg', 'data/files/store_23/goods_172/201409061046124073.jpg', 1409942772, 2, 166),
(682, 23, 'image/jpeg', 1657981, '森顿31.jpg', 'data/files/store_23/goods_24/201409051320247015.jpg', 1409865624, 2, 165),
(681, 23, 'image/jpeg', 1309131, '森顿32.jpg', 'data/files/store_23/goods_11/201409051320115767.jpg', 1409865611, 2, 165),
(680, 23, 'image/jpeg', 307885, '9999999.jpg', 'data/files/store_23/goods_186/201409051319466216.jpg', 1409865586, 2, 165),
(679, 23, 'image/jpeg', 1190038, '森顿10.jpg', 'data/files/store_23/goods_68/201409051254283732.jpg', 1409864068, 2, 164),
(678, 23, 'image/jpeg', 1299994, '森顿11.jpg', 'data/files/store_23/goods_58/201409051254187093.jpg', 1409864058, 2, 164),
(677, 23, 'image/jpeg', 341702, 'P1030379.jpg', 'data/files/store_23/goods_140/201409051252208347.jpg', 1409863940, 2, 164),
(665, 35, 'image/jpeg', 575874, 'kong02.jpg', 'data/files/store_35/goods_138/201409031632189970.jpg', 1409704338, 2, 160),
(666, 35, 'image/jpeg', 758966, 'kong01.jpg', 'data/files/store_35/goods_141/201409031632215948.jpg', 1409704341, 2, 160),
(667, 35, 'image/jpeg', 60356, '3.jpg', 'data/files/store_35/goods_35/201409031633551952.jpg', 1409704435, 2, 160),
(668, 35, 'image/jpeg', 575874, 'kong02.jpg', 'data/files/store_35/goods_132/201409031635328620.jpg', 1409704532, 2, 161),
(669, 35, 'image/jpeg', 758966, 'kong01.jpg', 'data/files/store_35/goods_135/201409031635356554.jpg', 1409704535, 2, 161),
(670, 35, 'image/jpeg', 60356, '3.jpg', 'data/files/store_35/goods_163/201409031636031892.jpg', 1409704563, 2, 161),
(671, 35, 'image/jpeg', 1949108, 'kong12.jpg', 'data/files/store_35/goods_117/201409031645179209.jpg', 1409705117, 2, 162),
(672, 35, 'image/jpeg', 1525074, 'kong11.jpg', 'data/files/store_35/goods_187/201409031646272411.jpg', 1409705187, 2, 162),
(673, 35, 'image/jpeg', 30685, '1.jpg', 'data/files/store_35/goods_68/201409031647482593.jpg', 1409705268, 2, 162),
(674, 35, 'image/jpeg', 1723097, 'kong22.jpg', 'data/files/store_35/goods_23/201409031650238840.jpg', 1409705423, 2, 163),
(675, 35, 'image/jpeg', 1714658, 'kong21.jpg', 'data/files/store_35/goods_41/201409031650418614.jpg', 1409705441, 2, 163),
(676, 35, 'image/jpeg', 34085, '3.jpg', 'data/files/store_35/goods_111/201409031651511662.jpg', 1409705511, 2, 163),
(689, 33, 'image/jpeg', 27819, '10888.jpg', 'data/files/store_33/goods_5/201409061716453054.jpg', 1409966205, 2, 170),
(693, 36, 'image/jpeg', 142336, 'P1040259.JPG', 'data/files/store_36/goods_154/201409111459145918.JPG', 1410389954, 2, 175),
(691, 33, 'image/jpeg', 33341, '62559770-3dab-4157-a1f2-84e18893e4e5.jpg', 'data/files/store_33/goods_52/201409111430524218.jpg', 1410388252, 2, 173),
(694, 36, 'image/jpeg', 1500772, '产品图1.jpg', 'data/files/store_36/goods_174/201409111459341925.jpg', 1410389974, 2, 175),
(695, 33, 'image/jpeg', 129511, 'baojing.jpg', 'data/files/store_33/goods_63/201409111501032952.jpg', 1410390063, 2, 177),
(696, 36, 'image/jpeg', 1524798, '产品图2.jpg', 'data/files/store_36/goods_96/201409111501366835.jpg', 1410390096, 2, 176),
(697, 36, 'image/jpeg', 134656, 'P1040268.JPG', 'data/files/store_36/goods_116/201409111501562824.JPG', 1410390116, 2, 176),
(698, 36, 'image/jpeg', 91822, 'P1040276.JPG', 'data/files/store_36/goods_0/201409111503206394.JPG', 1410390200, 2, 178),
(699, 36, 'image/jpeg', 1468081, '产品图3.jpg', 'data/files/store_36/goods_15/201409111503355958.jpg', 1410390215, 2, 178),
(700, 36, 'image/jpeg', 124416, 'P1040292.JPG', 'data/files/store_36/goods_109/201409111505092331.JPG', 1410390309, 2, 179),
(701, 36, 'image/jpeg', 1475716, '产品图4.jpg', 'data/files/store_36/goods_121/201409111505217922.jpg', 1410390321, 2, 179),
(702, 33, 'image/jpeg', 125953, 'tance.jpg', 'data/files/store_33/goods_175/201409111506152986.jpg', 1410390375, 2, 180),
(704, 36, 'image/jpeg', 92659, 'P1040303.JPG', 'data/files/store_36/goods_53/201409111507337206.JPG', 1410390453, 2, 181),
(705, 36, 'image/jpeg', 1875276, '产品图-5.jpg', 'data/files/store_36/goods_142/201409111509021559.jpg', 1410390542, 2, 181),
(706, 36, 'image/jpeg', 108032, 'P1040314.JPG', 'data/files/store_36/goods_6/201409111510068426.JPG', 1410390606, 2, 182),
(707, 36, 'image/jpeg', 1686341, '产品图6.jpg', 'data/files/store_36/goods_22/201409111510224957.jpg', 1410390622, 2, 182),
(708, 33, 'image/jpeg', 80131, 'wenshidu.jpg', 'data/files/store_33/goods_31/201409111510319175.jpg', 1410390631, 2, 183),
(711, 33, 'image/jpeg', 18223, 'wangguanwang.jpg', 'data/files/store_33/goods_136/201409111535363762.jpg', 1410392136, 2, 186),
(710, 33, 'image/jpeg', 30210, 'changjing.jpg', 'data/files/store_33/goods_96/201409111531363493.jpg', 1410391896, 2, 185),
(712, 33, 'image/jpeg', 33341, 'chacha.jpg', 'data/files/store_33/goods_178/201409111542583395.jpg', 1410392578, 2, 187),
(713, 33, 'image/jpeg', 44584, 'chuangchuang.jpg', 'data/files/store_33/goods_149/201409111545495895.jpg', 1410392749, 2, 188),
(714, 33, 'image/jpeg', 35493, 'zhongji.jpg', 'data/files/store_33/goods_194/201409111549543470.jpg', 1410392994, 2, 189),
(715, 33, 'image/jpeg', 44044, 'wangguanguan.jpg', 'data/files/store_33/goods_137/201409111552174431.jpg', 1410393137, 2, 190),
(716, 33, 'image/jpeg', 54743, 'yaokong.jpg', 'data/files/store_33/goods_51/201409111554115798.jpg', 1410393252, 2, 191),
(717, 33, 'image/jpeg', 63367, 'xidingwangguan.jpg', 'data/files/store_33/goods_23/201409111600236559.jpg', 1410393623, 2, 192),
(718, 33, 'image/jpeg', 33480, 'menjin.jpg', 'data/files/store_33/goods_53/201409111604137975.jpg', 1410393853, 2, 193),
(719, 33, 'image/jpeg', 44878, 'jixieshou.jpg', 'data/files/store_33/goods_29/201409111607095600.jpg', 1410394029, 2, 194),
(720, 33, 'image/jpeg', 37762, 'zhenkongshexiang.jpg', 'data/files/store_33/goods_13/201409111613331508.jpg', 1410394413, 2, 195),
(721, 33, 'image/jpeg', 34066, 'wuxianshexiangtou.jpg', 'data/files/store_33/goods_167/201409111616077559.jpg', 1410394567, 2, 196),
(722, 33, 'image/jpeg', 29472, 'shipin.jpg', 'data/files/store_33/goods_5/201409111620053476.jpg', 1410394805, 2, 0),
(723, 38, 'image/jpeg', 181070, '20-512 Aaron Grey.jpg', 'data/files/store_38/goods_160/201409170336007364.jpg', 1410924960, 2, 197),
(724, 38, 'image/jpeg', 230759, '20-513 Chambray stripe Thistle.jpg', 'data/files/store_38/goods_61/201409170337415220.jpg', 1410925061, 2, 198),
(725, 38, 'image/jpeg', 194213, '20-514 Chambray stripe Skye blue.jpg', 'data/files/store_38/goods_148/201409170339089489.jpg', 1410925148, 2, 199),
(726, 38, 'image/jpeg', 226639, '20-516 Chambray stripe.jpg', 'data/files/store_38/goods_39/201409170340394906.jpg', 1410925239, 2, 200),
(727, 38, 'image/jpeg', 219673, '20-517 Chambray stripe sand.jpg', 'data/files/store_38/goods_119/201409170341595585.jpg', 1410925319, 2, 201),
(728, 38, 'image/jpeg', 279531, '20-518 Chambray stripe Russet.jpg', 'data/files/store_38/goods_188/201409170343091363.jpg', 1410925389, 2, 202),
(729, 38, 'image/jpeg', 255578, '20-519 ticking stripe russet.jpg', 'data/files/store_38/goods_85/201409170344451032.jpg', 1410925485, 2, 203),
(730, 38, 'image/jpeg', 178418, '20-521 Ticking Stripe.jpg', 'data/files/store_38/goods_194/201409170346344902.jpg', 1410925594, 2, 204),
(731, 38, 'image/jpeg', 213399, '20-523 ticking stripegrey.jpg', 'data/files/store_38/goods_68/201409170347489056.jpg', 1410925668, 2, 205),
(732, 38, 'image/jpeg', 317046, '20-525 ticking stripe thistle.jpg', 'data/files/store_38/goods_137/201409170348572986.jpg', 1410925737, 2, 206),
(733, 38, 'image/jpeg', 240857, '20-526 tweed green.jpg', 'data/files/store_38/goods_11/201409170350113390.jpg', 1410925811, 2, 207),
(734, 38, 'image/jpeg', 197376, '20-527 Tweed.jpg', 'data/files/store_38/goods_81/201409170351212249.jpg', 1410925882, 2, 208),
(735, 39, 'image/jpeg', 448975, 'P1040174.jpg', 'data/files/store_39/goods_163/201409170452437339.jpg', 1410929563, 2, 209),
(736, 39, 'image/jpeg', 1454986, '云歌1.jpg', 'data/files/store_39/goods_187/201409170453074634.jpg', 1410929587, 2, 209),
(737, 39, 'image/jpeg', 436001, 'P1040177.jpg', 'data/files/store_39/goods_160/201409170456003754.jpg', 1410929760, 2, 210),
(738, 39, 'image/jpeg', 1357399, '云歌2jpg.jpg', 'data/files/store_39/goods_182/201409170456226646.jpg', 1410929782, 2, 210),
(739, 39, 'image/jpeg', 443502, 'P1040198.jpg', 'data/files/store_39/goods_131/201409170458518755.jpg', 1410929931, 2, 211),
(740, 39, 'image/jpeg', 1582563, '云歌5.jpg', 'data/files/store_39/goods_147/201409170459076412.jpg', 1410929947, 2, 211),
(749, 42, 'image/jpeg', 1616376, '11.jpg', 'data/files/store_42/goods_22/201409230940224805.jpg', 1411465222, 2, 213),
(750, 42, 'image/jpeg', 1679210, '10.jpg', 'data/files/store_42/goods_35/201409230940359693.jpg', 1411465235, 2, 213),
(752, 42, 'image/jpeg', 46967, 'FL~T$CLL5CVL2A`NTJM9O22.jpg', 'data/files/store_42/goods_62/201409230954229451.jpg', 1411466062, 2, 214),
(753, 42, 'image/jpeg', 1870415, '1.jpg', 'data/files/store_42/goods_62/201409230954239535.jpg', 1411466063, 2, 214),
(754, 42, 'image/jpeg', 50404, '2F[LC~R(3YP6PHJYK2%_A`6.jpg', 'data/files/store_42/goods_84/201409231004442916.jpg', 1411466684, 2, 215),
(755, 42, 'image/jpeg', 53979, 'IHCF8H{K3@8Y_NA`~XJ`7T7.jpg', 'data/files/store_42/goods_84/201409231004441716.jpg', 1411466684, 2, 215),
(757, 42, 'image/jpeg', 1681244, 'Haier_海尔 XQB60-M1268关爱 波轮6.jpg', 'data/files/store_42/goods_177/201409231009373851.jpg', 1411466977, 2, 215),
(758, 42, 'image/jpeg', 1436749, 'Haier_海尔 JSQ20-E1(12T) 琥珀10升燃气热水器 50℃安全保护锁-tmall.jpg', 'data/files/store_42/goods_66/201409231041063362.jpg', 1411468866, 2, 216),
(759, 42, 'image/jpeg', 121732, 'G74HVPBV5YE@BWI[DC(9QX9.jpg', 'data/files/store_42/goods_159/201409231052391104.jpg', 1411469559, 2, 216),
(760, 42, 'image/jpeg', 186235, 'A{C703JM~F]1F@OVBR`I{84.jpg', 'data/files/store_42/goods_173/201409231116133394.jpg', 1411470973, 2, 217),
(761, 42, 'image/jpeg', 1649998, 'Haier_海尔 LD50U7000 50英寸3D智能网络LED电视安卓系统内置WIFI-tmall.jpg', 'data/files/store_42/goods_186/201409231116266095.jpg', 1411470986, 2, 217),
(762, 42, 'image/jpeg', 225169, 'W``@Y2MEPAV7_%}E([[L[_8.jpg', 'data/files/store_42/goods_155/201409240119157112.jpg', 1411521555, 2, 218),
(763, 42, 'image/jpeg', 88181, 'HC0299U~F7VBS{@C80IP~7D.jpg', 'data/files/store_42/goods_172/201409240119322197.jpg', 1411521572, 2, 218),
(764, 42, 'image/jpeg', 155192, 'Y}R`6$DDPJ7SKH)DYC%FVIF.jpg', 'data/files/store_42/goods_173/201409240119332713.jpg', 1411521573, 2, 218),
(765, 42, 'image/jpeg', 1671771, '未标题-1.jpg', 'data/files/store_42/goods_1/201409240120014332.jpg', 1411521601, 2, 218),
(766, 42, 'image/jpeg', 1483257, 'Haier_海尔XQG80-B12288_BX12288全自动滚筒洗衣机_8公斤水晶变频-tmall.jpg', 'data/files/store_42/goods_45/201409240120451268.jpg', 1411521645, 2, 218),
(767, 42, 'image/jpeg', 80670, '~EC@%RQE)HDW86D@W(H{N2G.jpg', 'data/files/store_42/goods_15/201409240130155443.jpg', 1411522215, 2, 219),
(768, 42, 'image/jpeg', 637319, 'Haier_海尔 XQS75-ZJ1218至爱7.jpg', 'data/files/store_42/goods_22/201409240130229524.jpg', 1411522222, 2, 219),
(769, 2, 'image/pjpeg', 30355, 'small_201407191640284883.jpg', 'data/files/store_2/goods_36/201409240303566777.jpg', 1411527836, 2, 220),
(771, 2, 'image/pjpeg', 1864497, '201407191645059264.jpg', 'data/files/store_2/goods_179/201409240306192158.jpg', 1411527979, 2, 220),
(772, 2, 'image/jpeg', 30383, 'small_201409240303566777.jpg', 'data/files/store_2/goods_198/201409240629586422.jpg', 1411540198, 2, 221),
(773, 42, 'image/jpeg', 30296, '5`[[VMMBV@%[~A$E0`}76JI.jpg', 'data/files/store_42/goods_158/201409250115583405.jpg', 1411607758, 2, 223),
(776, 46, 'image/jpeg', 27245, '雷士3W筒灯  网购价26元.jpg', 'data/files/store_46/goods_163/201409250802435662.jpg', 1411632163, 2, 224),
(775, 42, 'image/jpeg', 1830105, '海尔（Haie）KFR-35GW_06NHA23A变频无氟空调1.jpg', 'data/files/store_42/goods_118/201409250118389537.jpg', 1411607918, 2, 223),
(777, 46, 'image/jpeg', 23341, '雷士4W射灯  网购价28元.jpg', 'data/files/store_46/goods_26/201409250803461530.jpg', 1411632226, 2, 225),
(778, 46, 'image/jpeg', 67291, '雷士5050灯带  网购价28元每米.jpg', 'data/files/store_46/goods_84/201409250804443213.jpg', 1411632284, 2, 226),
(881, 44, 'image/x-png', 239699, '60.png', 'data/files/store_44/other/201409290253561524.png', 1411959236, 3, 44),
(880, 53, 'image/jpeg', 258248, 'P1040409.JPG', 'data/files/store_53/goods_178/201409280839384670.JPG', 1411893578, 2, 249),
(879, 53, 'image/jpeg', 224898, 'P1040373.JPG', 'data/files/store_53/goods_85/201409280838058566.JPG', 1411893485, 2, 248),
(878, 52, 'image/jpeg', 315358, 'P1030963.JPG', 'data/files/store_52/goods_78/201409280827589264.JPG', 1411892878, 2, 247),
(877, 52, 'image/jpeg', 376729, 'P1030953.JPG', 'data/files/store_52/goods_173/201409280826136737.JPG', 1411892773, 2, 246),
(876, 38, 'image/jpeg', 713818, 'H-112063.jpg', 'data/files/store_38/goods_106/201409280818267866.jpg', 1411892306, 2, 245),
(875, 38, 'image/jpeg', 426171, '50-212 Dauphin Teal + Jewel In The Crown paint.jpg', 'data/files/store_38/goods_52/201409280817324428.jpg', 1411892252, 2, 244),
(872, 48, 'image/jpeg', 728037, '浪漫田园书房套餐 981 982.jpg', 'data/files/store_48/goods_187/201409280809471084.jpg', 1411891787, 2, 241),
(871, 18, 'image/jpeg', 278374, 'SH8615.jpg', 'data/files/store_18/goods_155/201409280752354498.jpg', 1411890755, 2, 240),
(870, 18, 'image/jpeg', 228148, 'SH8630.jpg', 'data/files/store_18/goods_62/201409280751032998.jpg', 1411890663, 2, 239),
(868, 44, 'image/x-png', 84322, '222.png', 'data/files/store_44/goods_69/201409270924299687.png', 1411809869, 2, 238),
(860, 44, 'image/png', 388582, '7.png', 'data/files/store_44/goods_174/201409270839348492.png', 1411807174, 2, 237),
(858, 44, 'image/png', 135811, '5.png', 'data/files/store_44/goods_168/201409270839289946.png', 1411807168, 2, 237),
(859, 44, 'image/png', 228579, '6.png', 'data/files/store_44/goods_170/201409270839304967.png', 1411807170, 2, 237),
(857, 44, 'image/png', 390576, '4.png', 'data/files/store_44/goods_166/201409270839264934.png', 1411807166, 2, 237),
(856, 44, 'image/png', 287809, '3.png', 'data/files/store_44/goods_162/201409270839224317.png', 1411807163, 2, 237),
(855, 44, 'image/png', 291624, '2.png', 'data/files/store_44/goods_160/201409270839209305.png', 1411807160, 2, 237),
(866, 44, 'image/x-png', 359049, '16.png', 'data/files/store_44/goods_34/201409270917141785.png', 1411809434, 2, 237),
(854, 44, 'image/png', 150391, '1.png', 'data/files/store_44/goods_157/201409270839172737.png', 1411807157, 2, 237),
(869, 44, 'image/x-png', 84322, '222.png', 'data/files/store_44/goods_102/201409270925023738.png', 1411809902, 2, 238),
(850, 44, 'image/png', 238586, '13.png', 'data/files/store_44/goods_153/201409270839136947.png', 1411807153, 2, 237),
(867, 44, 'image/x-png', 359049, '16.png', 'data/files/store_44/goods_158/201409270919183143.png', 1411809558, 2, 237),
(864, 44, 'image/png', 231607, '11.png', 'data/files/store_44/goods_184/201409270839443774.png', 1411807184, 2, 237),
(865, 44, 'image/png', 211218, '12.png', 'data/files/store_44/goods_185/201409270839454574.png', 1411807186, 2, 237),
(874, 48, 'image/jpeg', 655917, '现代主义儿童房 716.jpg', 'data/files/store_48/goods_100/201409280811402616.jpg', 1411891900, 2, 243),
(873, 48, 'image/jpeg', 635204, '现代书房2-枫木.jpg', 'data/files/store_48/goods_49/201409280810497218.jpg', 1411891849, 2, 242),
(863, 44, 'image/png', 126811, '10.png', 'data/files/store_44/goods_181/201409270839414390.png', 1411807181, 2, 237),
(862, 44, 'image/png', 272475, '9.png', 'data/files/store_44/goods_179/201409270839398154.png', 1411807179, 2, 237),
(861, 44, 'image/png', 287134, '8.png', 'data/files/store_44/goods_177/201409270839378569.png', 1411807177, 2, 237),
(852, 44, 'image/png', 143870, '15.png', 'data/files/store_44/goods_153/201409270839131225.png', 1411807153, 2, 237),
(851, 44, 'image/png', 492936, '14.png', 'data/files/store_44/goods_153/201409270839136921.png', 1411807153, 2, 237),
(809, 47, 'image/jpeg', 138992, 'HJE7S807W)WIR4SVHKPYL0R.jpg', 'data/files/store_47/goods_35/201409260730353907.jpg', 1411716635, 2, 228),
(810, 47, 'image/jpeg', 1481472, 'JOYOU中宇卫浴 浴室洗漱台 挂墙式浴室柜JY68174送龙头00411济南-淘宝网.jpg', 'data/files/store_47/goods_58/201409260730586815.jpg', 1411716658, 2, 228),
(811, 47, 'image/jpeg', 183925, '0XPZO5TZB]7DO]O`}`AA1{F.jpg', 'data/files/store_47/goods_178/201409260826184914.jpg', 1411719978, 2, 229),
(812, 47, 'image/jpeg', 1462389, '坐便器 中宇喷射虹吸式座便器 连体抽水马桶洁具坐厕卫浴JY60011-淘宝网.jpg', 'data/files/store_47/goods_41/201409260830415893.jpg', 1411720241, 2, 229),
(813, 47, 'image/jpeg', 1515517, '未标题-21.jpg', 'data/files/store_47/goods_54/201409260830542841.jpg', 1411720254, 2, 229),
(814, 47, 'image/jpeg', 208829, '1}M%ARBJ`3IKCT{80N(UU8J.jpg', 'data/files/store_47/goods_50/201409260834102902.jpg', 1411720450, 2, 230),
(815, 47, 'image/jpeg', 1771852, '卫浴11.jpg', 'data/files/store_47/goods_98/201409260834588620.jpg', 1411720498, 2, 230),
(816, 47, 'image/jpeg', 1418312, '淋浴花洒套装 中宇花洒全铜冷热水龙头 莲蓬喷头卫浴龙头JY04852-tmall.jpg', 'data/files/store_47/goods_146/201409260835462698.jpg', 1411720546, 2, 230),
(817, 34, 'image/jpeg', 81076, 'P1040017.JPG', 'data/files/store_34/goods_52/201409260840528138.JPG', 1411720852, 2, 231),
(818, 34, 'image/jpeg', 130560, 'P1040038.JPG', 'data/files/store_34/goods_23/201409260843432643.JPG', 1411721023, 2, 232),
(819, 49, 'image/jpeg', 72063, 'DF6434AE65A86F8DBB6B6E60A0AAAD3B.jpg', 'data/files/store_49/goods_87/201409260904472669.jpg', 1411722287, 2, 233),
(820, 49, 'image/jpeg', 112685, 'C535C98C23F78446E6701D141A1EE0FA.jpg', 'data/files/store_49/goods_198/201409260906385508.jpg', 1411722398, 2, 234),
(821, 49, 'image/jpeg', 117149, 'D0258F4BA13DC7816F4343EC6B3BAF22.jpg', 'data/files/store_49/goods_61/201409260907416141.jpg', 1411722461, 2, 235),
(822, 0, 'image/jpeg', 10200, '53aad24caa9a6.jpg', 'data/files/mall/article/201409270718598864.jpg', 1411802339, 1, 41),
(882, 54, 'image/jpeg', 1529060, '诺贝尔 卧室客厅地毯砖6020 - E家建材商城.jpg', 'data/files/store_54/goods_22/201409300557025232.jpg', 1412056622, 2, 0);

-- --------------------------------------------------------

--
-- 表的结构 `ecm_user_coupon`
--

DROP TABLE IF EXISTS `ecm_user_coupon`;
CREATE TABLE IF NOT EXISTS `ecm_user_coupon` (
  `user_id` int(10) unsigned NOT NULL,
  `coupon_sn` varchar(20) NOT NULL,
  PRIMARY KEY  (`user_id`,`coupon_sn`)
) ENGINE=MyISAM DEFAULT CHARSET=utf8;

-- --------------------------------------------------------

--
-- 表的结构 `ecm_user_priv`
--

DROP TABLE IF EXISTS `ecm_user_priv`;
CREATE TABLE IF NOT EXISTS `ecm_user_priv` (
  `user_id` int(10) unsigned NOT NULL default '0',
  `store_id` int(10) unsigned NOT NULL default '0',
  `privs` text NOT NULL,
  PRIMARY KEY  (`user_id`,`store_id`)
) ENGINE=MyISAM DEFAULT CHARSET=utf8;

--
-- 转存表中的数据 `ecm_user_priv`
--

INSERT INTO `ecm_user_priv` (`user_id`, `store_id`, `privs`) VALUES
(1, 0, 'all'),
(2, 2, 'all'),
(4, 4, 'all'),
(6, 6, 'all'),
(7, 7, 'all'),
(8, 8, 'all'),
(27, 27, 'all'),
(17, 17, 'all'),
(18, 18, 'all'),
(23, 23, 'all'),
(30, 30, 'all'),
(29, 29, 'all'),
(33, 33, 'all'),
(36, 36, 'all'),
(34, 34, 'all'),
(35, 35, 'all'),
(54, 54, 'all'),
(38, 38, 'all'),
(39, 39, 'all'),
(42, 42, 'all'),
(44, 44, 'all'),
(45, 45, 'all'),
(46, 46, 'all'),
(47, 47, 'all'),
(48, 48, 'all'),
(49, 49, 'all'),
(50, 50, 'all'),
(52, 52, 'all'),
(53, 53, 'all'),
(41, 41, 'all'),
(61, 61, 'all');

/*!40101 SET CHARACTER_SET_CLIENT=@OLD_CHARACTER_SET_CLIENT */;
/*!40101 SET CHARACTER_SET_RESULTS=@OLD_CHARACTER_SET_RESULTS */;
/*!40101 SET COLLATION_CONNECTION=@OLD_COLLATION_CONNECTION */;
